Серия_индивид. планировка,Серия_элитка,Серия_106 серия,Серия_хрущевка,Серия_104 серия,Серия_108 серия,Серия_105 серия,Серия_пентхаус,Серия_малосемейка,Серия_сталинка,Серия_107 серия,Отопление_на газе,Отопление_центральное,Отопление_автономное,Отопление_электрическое,Отопление_смешанное,Отопление_на твердом топливе,Отопление_без отопления,Состояние_евроремонт,Состояние_под самоотделку (псо),Состояние_хорошее,Состояние_среднее,Состояние_не достроено,rooms,area,От собственника,year,house_type_кирпичный,house_type_монолитный,house_type_панельный,floor,total_floors,red_book,tech_passport,sale_contract,price_per_sqm
1,0,0,0,0,0,0,0,0,0,0,0,0,0,0,0,0,0,0,0,0,0,0,3,113.8,0,2017,1,0,0,10,12,0,0,0,1379.6133567662566
0,1,0,0,0,0,0,0,0,0,0,1,0,0,0,0,0,0,1,0,0,0,0,2,66.0,0,2023,0,1,0,10,12,0,0,0,1462.121212121212
0,0,1,0,0,0,0,0,0,0,0,0,0,0,0,0,0,0,0,0,0,0,0,3,68.0,0,1990,1,0,0,7,9,0,0,0,1595.5882352941176
0,1,0,0,0,0,0,0,0,0,0,1,0,0,0,0,0,0,1,0,0,0,0,4,135.0,0,2022,0,1,0,6,14,1,0,0,1925.9259259259259
0,1,0,0,0,0,0,0,0,0,0,1,0,0,0,0,0,0,1,0,0,0,0,2,67.0,0,2023,0,1,0,6,14,0,1,0,1537.313432835821
0,0,0,1,0,0,0,0,0,0,0,0,1,0,0,0,0,0,0,1,0,0,0,1,34.0,0,1970,1,0,0,3,3,0,1,1,1588.235294117647
0,1,0,0,0,0,0,0,0,0,0,0,1,0,0,0,0,0,1,0,0,0,0,3,85.0,1,2021,0,1,0,9,13,0,0,0,1529.4117647058824
0,1,0,0,0,0,0,0,0,0,0,0,1,0,0,0,0,0,1,0,0,0,0,2,70.0,0,2019,0,1,0,10,12,0,1,0,1642.857142857143
0,1,0,0,0,0,0,0,0,0,0,0,1,0,0,0,0,0,0,1,0,0,0,2,48.0,0,2023,0,1,0,2,13,0,0,0,1208.3333333333333
0,0,1,0,0,0,0,0,0,0,0,1,0,0,0,0,0,0,0,1,0,0,0,2,67.0,0,2019,0,0,1,4,9,0,0,0,850.7462686567164
0,1,0,0,0,0,0,0,0,0,0,0,1,0,0,0,0,0,1,0,0,0,0,2,67.0,0,2024,0,1,0,1,14,0,0,0,1440.2985074626865
0,1,0,0,0,0,0,0,0,0,0,0,0,0,0,0,0,0,0,1,0,0,0,1,42.0,0,2024,0,1,0,12,14,0,0,0,1190.4761904761904
0,1,0,0,0,0,0,0,0,0,0,0,1,0,0,0,0,0,0,1,0,0,0,2,66.73,1,2025,0,1,0,12,14,0,0,0,1100.0
0,0,1,0,0,0,0,0,0,0,0,0,0,0,0,0,0,0,0,0,1,0,0,1,45.0,1,2013,0,0,1,8,9,0,1,1,1333.3333333333333
1,0,0,0,0,0,0,0,0,0,0,0,1,0,0,0,0,0,0,0,1,0,0,3,74.0,1,1968,1,0,0,5,5,0,1,0,1351.3513513513512
1,0,0,0,0,0,0,0,0,0,0,1,0,0,0,0,0,0,0,1,0,0,0,1,30.0,1,2025,0,1,0,1,3,0,0,0,1266.6666666666667
0,0,0,0,1,0,0,0,0,0,0,0,1,0,0,0,0,0,0,0,0,1,0,2,52.0,0,1975,0,0,1,1,4,0,1,0,1961.5384615384614
0,1,0,0,0,0,0,0,0,0,0,0,1,0,0,0,0,0,1,0,0,0,0,2,66.0,0,2021,0,1,0,4,12,1,0,0,1530.3030303030303
1,0,0,0,0,0,0,0,0,0,0,0,0,0,0,0,0,0,0,0,0,0,0,2,77.46,0,2023,0,1,0,6,12,0,0,0,1265.169119545572
0,1,0,0,0,0,0,0,0,0,0,1,0,0,0,0,0,0,0,1,0,0,0,2,76.0,0,2025,0,1,0,8,17,0,0,0,973.6842105263158
1,0,0,0,0,0,0,0,0,0,0,0,0,0,0,0,0,0,0,0,0,0,0,1,41.0,0,2025,1,0,0,3,14,0,0,0,1597.560975609756
1,0,0,0,0,0,0,0,0,0,0,0,1,0,0,0,0,0,0,0,1,0,0,1,35.0,0,2019,0,0,1,3,9,0,0,0,1685.7142857142858
0,1,0,0,0,0,0,0,0,0,0,0,0,0,0,0,0,0,0,1,0,0,0,2,78.0,0,2025,0,1,0,4,15,0,0,0,1000.0
0,1,0,0,0,0,0,0,0,0,0,1,0,0,0,0,0,0,0,1,0,0,0,2,82.1,0,2023,0,1,0,10,12,0,0,0,1100.0
0,1,0,0,0,0,0,0,0,0,0,1,0,0,0,0,0,0,1,0,0,0,0,3,80.0,0,2022,0,1,0,3,14,0,0,0,2037.5
0,1,0,0,0,0,0,0,0,0,0,1,0,0,0,0,0,0,0,1,0,0,0,2,72.3,0,2023,0,1,0,3,14,1,0,0,1376.210235131397
0,0,0,0,0,1,0,0,0,0,0,0,0,1,0,0,0,0,1,0,0,0,0,1,52.0,0,2023,1,0,0,4,9,0,1,0,1471.1538461538462
0,1,0,0,0,0,0,0,0,0,0,0,1,0,0,0,0,0,1,0,0,0,0,2,70.0,0,2019,0,1,0,9,9,0,0,0,1257.142857142857
0,1,0,0,0,0,0,0,0,0,0,0,0,1,0,0,0,0,0,1,0,0,0,4,115.0,0,2025,1,0,0,4,4,0,0,0,1700.0
0,1,0,0,0,0,0,0,0,0,0,0,1,0,0,0,0,0,1,0,0,0,0,4,173.0,0,2018,0,1,0,6,10,0,1,1,2861.271676300578
0,1,0,0,0,0,0,0,0,0,0,0,0,0,0,0,0,0,0,1,0,0,0,4,156.0,0,2024,0,1,0,12,18,1,0,1,1600.0
0,1,0,0,0,0,0,0,0,0,0,0,1,0,0,0,0,0,1,0,0,0,0,2,73.5,0,2022,0,1,0,11,12,0,0,0,1421.7687074829932
0,1,0,0,0,0,0,0,0,0,0,0,1,0,0,0,0,0,0,1,0,0,0,1,46.6,0,2023,0,1,0,2,5,0,0,0,1030.0429184549355
0,1,0,0,0,0,0,0,0,0,0,1,0,0,0,0,0,0,0,1,0,0,0,4,154.0,0,2025,0,1,0,13,14,1,0,0,1100.6493506493507
0,1,0,0,0,0,0,0,0,0,0,1,0,0,0,0,0,0,0,1,0,0,0,1,47.4,1,2025,1,0,0,11,13,0,0,0,1660.337552742616
0,0,0,0,0,0,1,0,0,0,0,0,1,0,0,0,0,0,1,0,0,0,0,3,64.0,1,1987,0,0,1,9,9,0,1,1,1531.25
0,0,0,0,0,0,1,0,0,0,0,0,0,0,0,0,0,0,0,0,0,0,0,2,51.0,0,2021,0,0,1,2,9,0,0,0,1529.4117647058824
0,1,0,0,0,0,0,0,0,0,0,0,1,0,0,0,0,0,1,0,0,0,0,3,108.0,0,2020,1,0,0,9,14,0,0,0,1157.4074074074074
0,1,0,0,0,0,0,0,0,0,0,0,0,0,0,0,0,0,0,1,0,0,0,3,97.0,0,2026,1,0,0,9,17,1,0,0,1150.0
0,1,0,0,0,0,0,0,0,0,0,1,0,0,0,0,0,0,0,1,0,0,0,2,82.77,0,2022,0,1,0,12,14,0,0,0,1350.0060408360519
0,1,0,0,0,0,0,0,0,0,0,1,0,0,0,0,0,0,0,1,0,0,0,2,82.0,0,2022,0,1,0,8,12,0,0,0,1100.0
0,1,0,0,0,0,0,0,0,0,0,1,0,0,0,0,0,0,0,1,0,0,0,2,82.0,0,2022,1,0,0,2,12,0,0,0,1201.219512195122
0,1,0,0,0,0,0,0,0,0,0,0,1,0,0,0,0,0,1,0,0,0,0,1,42.0,0,2021,0,1,0,9,9,0,0,0,1642.857142857143
0,1,0,0,0,0,0,0,0,0,0,1,0,0,0,0,0,0,0,1,0,0,0,2,53.4,0,2025,0,1,0,8,15,0,0,0,1498.1273408239701
0,1,0,0,0,0,0,0,0,0,0,1,0,0,0,0,0,0,0,1,0,0,0,3,98.0,0,2025,0,1,0,12,15,1,0,0,1350.0
0,1,0,0,0,0,0,0,0,0,0,0,1,0,0,0,0,0,0,0,1,0,0,4,182.0,0,2019,0,1,0,11,14,1,1,0,1923.076923076923
0,1,0,0,0,0,0,0,0,0,0,1,0,0,0,0,0,0,0,1,0,0,0,3,110.6,0,2025,0,1,0,6,20,0,0,0,1198.996383363472
0,1,0,0,0,0,0,0,0,0,0,1,0,0,0,0,0,0,0,1,0,0,0,3,100.13,0,2022,0,1,0,14,14,0,0,0,739.0392489763308
1,0,0,0,0,0,0,0,0,0,0,0,0,0,0,0,0,0,0,0,0,0,0,4,136.0,0,1983,1,0,0,2,5,0,0,0,1433.8235294117646
0,1,0,0,0,0,0,0,0,0,0,0,0,0,0,0,0,0,1,0,0,0,0,1,40.0,1,2023,1,0,0,3,10,0,0,0,1437.5
0,0,0,0,1,0,0,0,0,0,0,0,1,0,0,0,0,0,1,0,0,0,0,3,59.0,0,1975,0,0,1,5,5,0,1,1,1389.8305084745762
0,0,0,0,0,0,1,0,0,0,0,0,1,0,0,0,0,0,1,0,0,0,0,2,50.0,0,2025,0,0,1,4,5,0,1,1,1440.0
0,1,0,0,0,0,0,0,0,0,0,0,1,0,0,0,0,0,1,0,0,0,0,2,74.0,0,2023,0,1,0,1,8,1,1,1,1148.6486486486488
1,0,0,0,0,0,0,0,0,0,0,0,0,0,0,0,0,0,0,0,0,0,0,1,24.2,0,2015,0,1,0,2,3,0,0,0,1578.5123966942149
1,0,0,0,0,0,0,0,0,0,0,1,0,0,0,0,0,0,1,0,0,0,0,3,77.0,0,2019,1,0,0,1,3,1,0,0,1227.2727272727273
0,1,0,0,0,0,0,0,0,0,0,1,0,0,0,0,0,0,1,0,0,0,0,1,48.3,1,2023,0,1,0,8,14,0,0,0,1801.2422360248447
0,1,0,0,0,0,0,0,0,0,0,1,0,0,0,0,0,0,1,0,0,0,0,1,42.0,0,2024,0,1,0,7,12,1,0,0,1607.142857142857
0,0,1,0,0,0,0,0,0,0,0,0,0,0,0,0,0,0,0,0,0,0,0,3,70.0,0,1990,0,0,1,5,5,0,0,0,1171.4285714285713
0,1,0,0,0,0,0,0,0,0,0,1,0,0,0,0,0,0,0,0,1,0,0,2,53.0,1,2024,1,0,0,4,10,0,0,0,1603.7735849056603
0,0,0,0,0,1,0,0,0,0,0,0,0,0,1,0,0,0,1,0,0,0,0,1,50.0,0,2021,0,0,1,8,9,0,0,0,1460.0
0,1,0,0,0,0,0,0,0,0,0,0,0,0,0,0,0,0,1,0,0,0,0,2,44.0,0,2023,1,0,0,4,9,0,0,0,1704.5454545454545
0,1,0,0,0,0,0,0,0,0,0,0,1,0,0,0,0,0,1,0,0,0,0,3,80.0,0,2022,0,1,0,2,9,0,0,0,2087.5
0,1,0,0,0,0,0,0,0,0,0,0,1,0,0,0,0,0,0,1,0,0,0,1,48.0,0,2023,0,1,0,12,13,1,0,0,1041.6666666666667
0,1,0,0,0,0,0,0,0,0,0,0,1,0,0,0,0,0,0,1,0,0,0,2,67.0,0,2025,0,1,0,12,14,0,0,0,895.5223880597015
0,1,0,0,0,0,0,0,0,0,0,1,0,0,0,0,0,0,1,0,0,0,0,2,64.0,1,2023,0,1,0,3,12,0,0,0,1718.75
0,1,0,0,0,0,0,0,0,0,0,0,1,0,0,0,0,0,1,0,0,0,0,2,57.0,0,2023,1,0,0,4,10,0,0,0,1719.298245614035
1,0,0,0,0,0,0,0,0,0,0,1,0,0,0,0,0,0,0,1,0,0,0,2,87.0,0,2025,0,1,0,13,14,1,0,0,1101.1494252873563
0,1,0,0,0,0,0,0,0,0,0,1,0,0,0,0,0,0,1,0,0,0,0,3,105.0,0,2022,0,1,0,11,16,0,0,0,2190.4761904761904
1,0,0,0,0,0,0,0,0,0,0,1,0,0,0,0,0,0,1,0,0,0,0,6,211.0,0,2019,1,0,0,2,2,0,0,0,1137.4407582938388
0,1,0,0,0,0,0,0,0,0,0,1,0,0,0,0,0,0,1,0,0,0,0,2,62.0,0,2023,0,1,0,12,14,1,0,0,1435.483870967742
0,0,0,0,0,0,1,0,0,0,0,0,1,0,0,0,0,0,1,0,0,0,0,5,88.0,0,1987,0,0,1,5,5,0,1,1,1420.4545454545455
0,0,0,0,0,0,1,0,0,0,0,0,1,0,0,0,0,0,0,0,1,0,0,1,35.0,0,1987,0,0,1,2,9,0,1,0,1585.7142857142858
0,1,0,0,0,0,0,0,0,0,0,0,1,0,0,0,0,0,1,0,0,0,0,2,103.0,0,2016,0,1,0,3,15,0,1,1,1291.2621359223301
0,1,0,0,0,0,0,0,0,0,0,1,0,0,0,0,0,0,0,1,0,0,0,2,86.0,0,2024,0,1,0,6,18,1,0,0,1480.0
0,1,0,0,0,0,0,0,0,0,0,1,0,0,0,0,0,0,1,0,0,0,0,2,55.0,0,2020,0,1,0,1,5,0,1,1,1181.8181818181818
0,1,0,0,0,0,0,0,0,0,0,1,0,0,0,0,0,0,0,0,0,0,1,3,87.0,1,2026,0,1,0,5,16,0,0,0,1500.0
0,1,0,0,0,0,0,0,0,0,0,0,1,0,0,0,0,0,0,1,0,0,0,1,46.0,0,2024,0,1,0,8,13,1,0,0,1239.1304347826087
0,1,0,0,0,0,0,0,0,0,0,0,0,0,0,0,0,0,0,0,1,0,0,1,42.0,0,2023,0,1,0,8,10,0,0,0,1547.6190476190477
1,0,0,0,0,0,0,0,0,0,0,0,0,0,0,0,0,0,0,0,0,0,0,2,54.8,0,2019,1,0,0,8,12,0,0,0,2372.262773722628
0,1,0,0,0,0,0,0,0,0,0,0,1,0,0,0,0,0,0,1,0,0,0,2,72.0,0,2025,1,0,0,15,16,0,0,0,1300.0
0,1,0,0,0,0,0,0,0,0,0,1,0,0,0,0,0,0,0,1,0,0,0,1,37.0,0,2022,0,1,0,14,15,0,0,0,1270.2702702702702
0,1,0,0,0,0,0,0,0,0,0,0,1,0,0,0,0,0,0,1,0,0,0,3,62.0,0,2023,0,1,0,9,12,1,0,0,1395.1612903225807
1,0,0,0,0,0,0,0,0,0,0,0,1,0,0,0,0,0,0,0,1,0,0,3,77.0,0,2019,1,0,0,4,5,0,1,1,1181.8181818181818
0,0,0,0,1,0,0,0,0,0,0,0,0,0,1,0,0,0,0,0,0,1,0,3,58.0,0,1975,0,0,1,1,3,0,0,0,858.6206896551724
0,1,0,0,0,0,0,0,0,0,0,1,0,0,0,0,0,0,1,0,0,0,0,2,46.0,0,2023,0,1,0,10,14,0,0,0,1456.5217391304348
0,0,1,0,0,0,0,0,0,0,0,0,1,0,0,0,0,0,1,0,0,0,0,5,100.0,0,1992,0,1,0,1,9,0,1,1,1380.0
0,1,0,0,0,0,0,0,0,0,0,0,1,0,0,0,0,0,0,1,0,0,0,1,48.59,0,2025,1,0,0,10,10,0,0,0,1136.0362214447416
1,0,0,0,0,0,0,0,0,0,0,0,1,0,0,0,0,0,0,0,1,0,0,2,46.0,0,1980,1,0,0,3,5,0,1,1,1739.1304347826087
0,0,0,0,1,0,0,0,0,0,0,0,0,0,0,0,0,0,0,0,0,0,0,3,58.0,0,1975,0,0,1,3,5,0,0,0,1629.3103448275863
0,0,0,0,0,0,1,0,0,0,0,0,1,0,0,0,0,0,0,0,1,0,0,2,48.0,0,1990,0,0,1,1,5,0,0,0,1572.9166666666667
0,1,0,0,0,0,0,0,0,0,0,0,1,0,0,0,0,0,0,1,0,0,0,1,49.0,0,2025,0,1,0,11,14,1,0,0,1122.4489795918366
0,1,0,0,0,0,0,0,0,0,0,0,1,0,0,0,0,0,1,0,0,0,0,2,65.0,0,2022,0,1,0,13,13,0,0,0,1846.1538461538462
1,0,0,0,0,0,0,0,0,0,0,0,1,0,0,0,0,0,0,0,1,0,0,2,51.0,0,2019,1,0,0,2,5,1,1,1,1137.2549019607843
0,1,0,0,0,0,0,0,0,0,0,0,1,0,0,0,0,0,0,1,0,0,0,1,45.0,1,2023,1,0,0,4,12,0,0,0,1377.7777777777778
0,1,0,0,0,0,0,0,0,0,0,1,0,0,0,0,0,0,0,1,0,0,0,4,181.0,0,2021,0,1,0,10,14,1,0,0,1550.0
1,0,0,0,0,0,0,0,0,0,0,0,0,0,0,0,0,0,0,0,0,0,0,3,204.0,0,2013,1,0,0,10,11,0,0,0,1323.5294117647059
0,1,0,0,0,0,0,0,0,0,0,0,1,0,0,0,0,0,1,0,0,0,0,2,67.0,0,2022,0,1,0,2,16,0,0,0,1731.3432835820895
0,1,0,0,0,0,0,0,0,0,0,1,0,0,0,0,0,0,0,1,0,0,0,2,81.0,0,2024,1,0,0,10,14,1,1,1,975.0
1,0,0,0,0,0,0,0,0,0,0,0,1,0,0,0,0,0,1,0,0,0,0,4,106.0,1,1998,0,0,1,7,9,1,1,1,1198.1132075471698
0,1,0,0,0,0,0,0,0,0,0,1,0,0,0,0,0,0,0,1,0,0,0,2,74.0,1,2024,0,1,0,9,10,0,0,0,1655.4054054054054
0,1,0,0,0,0,0,0,0,0,0,0,0,1,0,0,0,0,0,1,0,0,0,3,119.0,0,2025,0,1,0,7,12,1,0,0,1050.0
0,1,0,0,0,0,0,0,0,0,0,0,0,0,0,0,0,0,0,1,0,0,0,1,40.78,0,2026,0,1,0,5,10,0,0,0,1000.0
1,0,0,0,0,0,0,0,0,0,0,0,0,0,0,0,0,0,0,0,0,0,0,2,64.0,0,2017,1,0,0,7,12,0,0,0,1703.125
0,1,0,0,0,0,0,0,0,0,0,0,1,0,0,0,0,0,1,0,0,0,0,3,111.0,0,2023,1,0,0,9,13,0,1,1,1756.7567567567567
0,0,0,0,0,1,0,0,0,0,0,0,0,1,0,0,0,0,1,0,0,0,0,1,48.0,0,2023,0,1,0,4,9,1,1,1,1666.6666666666667
0,0,0,0,1,0,0,0,0,0,0,0,1,0,0,0,0,0,0,0,1,0,0,3,58.0,0,1975,1,0,0,1,5,1,1,1,1698.2758620689656
0,0,0,0,0,1,0,0,0,0,0,0,0,1,0,0,0,0,1,0,0,0,0,1,48.0,0,2022,0,1,0,1,9,0,1,1,1593.75
0,0,0,0,1,0,0,0,0,0,0,0,1,0,0,0,0,0,0,0,0,1,0,1,35.0,0,1975,1,0,0,1,4,0,0,0,1914.2857142857142
0,1,0,0,0,0,0,0,0,0,0,0,1,0,0,0,0,0,1,0,0,0,0,2,63.0,0,2023,1,0,0,14,14,0,0,0,1666.6666666666667
0,1,0,0,0,0,0,0,0,0,0,0,1,0,0,0,0,0,0,1,0,0,0,3,116.0,0,2023,1,0,0,9,17,1,0,0,991.3793103448276
1,0,0,0,0,0,0,0,0,0,0,0,0,0,0,0,0,0,0,0,0,0,0,3,106.4,0,2015,1,0,0,6,14,0,0,0,2349.624060150376
0,1,0,0,0,0,0,0,0,0,0,0,1,0,0,0,0,0,0,0,1,0,0,2,56.0,1,2023,1,0,0,9,12,0,1,1,1696.4285714285713
0,1,0,0,0,0,0,0,0,0,0,1,0,0,0,0,0,0,1,0,0,0,0,3,104.24,0,2022,0,1,0,12,16,0,0,0,2004.9884881043747
0,1,0,0,0,0,0,0,0,0,0,1,0,0,0,0,0,0,0,1,0,0,0,3,96.0,0,2025,1,0,0,11,17,0,0,0,920.0
1,0,0,0,0,0,0,0,0,0,0,0,1,0,0,0,0,0,0,0,1,0,0,2,65.0,0,2019,0,1,0,4,5,0,0,0,1492.3076923076924
0,1,0,0,0,0,0,0,0,0,0,0,0,1,0,0,0,0,1,0,0,0,0,1,41.16,0,2023,0,1,0,6,12,0,0,0,1761.4188532555881
1,0,0,0,0,0,0,0,0,0,0,0,0,0,0,0,0,0,0,0,0,0,0,2,68.0,0,2018,1,0,0,7,10,0,0,0,1735.2941176470588
1,0,0,0,0,0,0,0,0,0,0,0,1,0,0,0,0,0,0,0,1,0,0,5,125.0,0,2019,1,0,0,7,7,0,1,0,1720.0
0,0,0,0,0,0,1,0,0,0,0,0,1,0,0,0,0,0,0,0,0,1,0,2,48.0,0,1970,1,0,0,4,5,0,0,1,1697.9166666666667
0,0,0,1,0,0,0,0,0,0,0,0,1,0,0,0,0,0,0,0,1,0,0,2,42.0,0,1967,1,0,0,1,5,0,0,0,1511.904761904762
0,1,0,0,0,0,0,0,0,0,0,0,1,0,0,0,0,0,0,1,0,0,0,2,82.0,0,2024,0,1,0,13,14,1,0,0,780.4878048780488
0,0,0,0,0,0,1,0,0,0,0,0,1,0,0,0,0,0,0,0,1,0,0,3,62.0,0,1987,0,0,1,5,9,0,1,0,1346.774193548387
0,1,0,0,0,0,0,0,0,0,0,0,0,0,0,0,0,0,0,1,0,0,0,3,131.15,0,2027,0,1,0,2,9,0,0,0,1524.9714067861228
0,0,0,1,0,0,0,0,0,0,0,1,0,0,0,0,0,0,0,0,1,0,0,2,43.0,0,1969,1,0,0,1,2,0,1,1,1197.6744186046512
0,1,0,0,0,0,0,0,0,0,0,1,0,0,0,0,0,0,1,0,0,0,0,2,64.0,0,2022,0,1,0,10,12,0,0,0,1640.625
0,1,0,0,0,0,0,0,0,0,0,0,0,0,0,0,0,0,0,1,0,0,0,2,83.0,0,2026,1,0,0,4,6,0,0,0,1338.6144578313254
0,0,0,0,1,0,0,0,0,0,0,0,0,0,0,0,0,0,0,0,1,0,0,3,58.0,0,1975,0,0,1,3,5,0,0,0,1517.2413793103449
0,0,1,0,0,0,0,0,0,0,0,1,0,0,0,0,0,0,1,0,0,0,0,1,44.0,1,2021,1,0,0,3,3,1,1,0,1250.0
0,1,0,0,0,0,0,0,0,0,0,0,0,1,0,0,0,0,1,0,0,0,0,2,67.0,0,2023,1,0,0,2,10,0,1,1,1268.6567164179105
0,1,0,0,0,0,0,0,0,0,0,0,0,1,0,0,0,0,1,0,0,0,0,3,72.0,0,2023,1,0,0,7,12,0,0,0,1959.0
0,0,0,0,0,0,1,0,0,0,0,0,1,0,0,0,0,0,0,0,1,0,0,3,68.0,1,1979,0,0,1,8,9,0,1,0,1455.8823529411766
0,0,0,0,1,0,0,0,0,0,0,0,1,0,0,0,0,0,0,0,1,0,0,2,43.0,0,1975,0,0,1,5,5,0,0,0,1709.3023255813953
0,1,0,0,0,0,0,0,0,0,0,0,1,0,0,0,0,0,0,1,0,0,0,2,74.55,0,2025,0,1,0,3,16,0,0,0,1046.277665995976
0,0,1,0,0,0,0,0,0,0,0,0,1,0,0,0,0,0,0,1,0,0,0,3,67.0,0,2022,1,0,0,3,9,1,1,0,1238.8059701492537
0,0,1,0,0,0,0,0,0,0,0,0,1,0,0,0,0,0,0,0,1,0,0,2,64.0,0,1992,0,0,1,9,9,0,1,1,1226.5625
0,0,1,0,0,0,0,0,0,0,0,0,0,0,0,0,0,0,0,0,0,1,0,1,26.0,0,2019,0,1,0,1,9,0,0,1,1826.923076923077
0,1,0,0,0,0,0,0,0,0,0,1,0,0,0,0,0,0,0,1,0,0,0,5,182.0,0,2023,0,1,0,4,5,0,0,0,1600.0
0,0,1,0,0,0,0,0,0,0,0,0,1,0,0,0,0,0,0,0,1,0,0,1,35.0,0,1992,0,0,1,1,9,0,1,0,1614.2857142857142
0,1,0,0,0,0,0,0,0,0,0,1,0,0,0,0,0,0,1,0,0,0,0,3,64.0,0,2020,0,1,0,6,10,0,1,1,1718.75
0,0,0,0,1,0,0,0,0,0,0,0,0,0,0,0,0,0,0,0,0,0,0,3,58.0,0,1970,0,1,0,2,4,0,0,0,1620.6896551724137
0,1,0,0,0,0,0,0,0,0,0,0,1,0,0,0,0,0,0,1,0,0,0,3,103.0,0,2025,0,1,0,12,16,0,0,0,1284.4174757281553
0,1,0,0,0,0,0,0,0,0,0,0,0,0,1,0,0,0,0,1,0,0,0,2,51.0,0,2020,0,1,0,8,8,0,0,0,1450.0
0,1,0,0,0,0,0,0,0,0,0,1,0,0,0,0,0,0,0,1,0,0,0,2,62.0,0,2023,1,0,0,13,14,0,0,0,1177.4193548387098
0,0,0,0,0,0,1,0,0,0,0,0,1,0,0,0,0,0,1,0,0,0,0,3,72.0,0,1987,0,0,1,6,9,0,1,0,1597.2222222222222
0,1,0,0,0,0,0,0,0,0,0,1,0,0,0,0,0,0,0,1,0,0,0,1,50.0,1,2025,0,1,0,5,12,1,0,0,1000.0
0,1,0,0,0,0,0,0,0,0,0,1,0,0,0,0,0,0,0,1,0,0,0,4,142.3,0,2022,0,1,0,9,9,0,0,0,1976.10681658468
0,0,1,0,0,0,0,0,0,0,0,0,1,0,0,0,0,0,1,0,0,0,0,3,70.0,1,1997,0,0,1,9,9,0,0,1,1571.4285714285713
1,0,0,0,0,0,0,0,0,0,0,0,1,0,0,0,0,0,1,0,0,0,0,2,56.0,0,2019,1,0,0,3,4,0,0,0,892.8571428571429
0,1,0,0,0,0,0,0,0,0,0,1,0,0,0,0,0,0,0,1,0,0,0,1,45.39,0,2024,0,1,0,14,16,0,0,0,1211.7206433135052
0,1,0,0,0,0,0,0,0,0,0,0,1,0,0,0,0,0,1,0,0,0,0,1,38.0,0,2023,0,1,0,6,12,1,1,1,1973.6842105263158
0,1,0,0,0,0,0,0,0,0,0,1,0,0,0,0,0,0,1,0,0,0,0,4,63.0,0,2023,0,1,0,13,13,1,0,0,1563.4920634920634
0,0,0,0,0,0,1,0,0,0,0,0,0,0,0,0,0,0,0,0,0,0,0,2,48.0,0,1990,0,0,1,5,5,0,0,0,1354.1666666666667
1,0,0,0,0,0,0,0,0,0,0,0,0,0,0,0,0,0,0,0,0,0,0,3,118.0,0,2026,0,1,0,11,18,0,0,0,1300.0
0,1,0,0,0,0,0,0,0,0,0,0,0,1,0,0,0,0,1,0,0,0,0,3,86.0,0,2022,0,1,0,15,16,1,0,0,1662.7906976744187
0,1,0,0,0,0,0,0,0,0,0,1,0,0,0,0,0,0,1,0,0,0,0,4,125.0,1,2023,0,1,0,9,12,0,0,0,1960.0
0,1,0,0,0,0,0,0,0,0,0,0,1,0,0,0,0,0,0,1,0,0,0,2,67.0,0,2023,0,1,0,11,13,0,0,0,1074.6268656716418
0,0,0,0,0,0,1,0,0,0,0,0,1,0,0,0,0,0,0,0,1,0,0,2,50.0,0,1987,0,0,1,4,5,0,1,0,1680.0
0,1,0,0,0,0,0,0,0,0,0,0,1,0,0,0,0,0,1,0,0,0,0,1,40.0,0,2022,0,1,0,4,16,0,0,0,1812.5
0,1,0,0,0,0,0,0,0,0,0,0,0,0,0,0,0,0,0,1,0,0,0,1,32.0,0,2023,0,1,0,11,12,0,0,0,1312.5
0,1,0,0,0,0,0,0,0,0,0,1,0,0,0,0,0,0,0,1,0,0,0,1,49.63,0,2023,0,1,0,10,14,0,0,0,1047.7533749748136
0,1,0,0,0,0,0,0,0,0,0,0,1,0,0,0,0,0,1,0,0,0,0,1,47.0,0,2023,1,0,0,2,10,0,1,0,1595.7446808510638
0,1,0,0,0,0,0,0,0,0,0,0,0,1,0,0,0,0,0,1,0,0,0,2,82.0,1,2025,0,1,0,12,25,0,0,1,1350.0
1,0,0,0,0,0,0,0,0,0,0,1,0,0,0,0,0,0,0,0,1,0,0,2,97.0,0,2011,1,0,0,4,4,1,1,1,1082.4742268041236
0,1,0,0,0,0,0,0,0,0,0,0,0,1,0,0,0,0,0,1,0,0,0,2,73.0,0,2024,0,1,0,9,11,0,0,0,917.8082191780821
0,1,0,0,0,0,0,0,0,0,0,1,0,0,0,0,0,0,0,1,0,0,0,1,46.0,0,2023,1,0,0,9,12,0,0,0,1060.8695652173913
0,1,0,0,0,0,0,0,0,0,0,0,0,1,0,0,0,0,1,0,0,0,0,4,190.0,0,2022,0,1,0,6,13,0,0,0,2894.7368421052633
0,1,0,0,0,0,0,0,0,0,0,0,1,0,0,0,0,0,1,0,0,0,0,2,53.0,0,2020,0,1,0,10,12,0,0,0,1358.4905660377358
0,1,0,0,0,0,0,0,0,0,0,0,1,0,0,0,0,0,1,0,0,0,0,3,69.0,0,2018,0,1,0,9,19,0,1,1,2318.840579710145
1,0,0,0,0,0,0,0,0,0,0,0,0,0,0,0,0,0,0,0,0,0,0,3,92.23,0,2026,1,0,0,16,16,0,0,0,954.136398135097
0,1,0,0,0,0,0,0,0,0,0,1,0,0,0,0,0,0,1,0,0,0,0,3,100.0,0,2021,0,1,0,10,10,0,1,0,2100.0
0,1,0,0,0,0,0,0,0,0,0,0,1,0,0,0,0,0,1,0,0,0,0,1,43.0,0,2023,0,1,0,12,12,0,0,0,1511.6279069767443
0,1,0,0,0,0,0,0,0,0,0,1,0,0,0,0,0,0,0,1,0,0,0,3,112.3,0,2022,0,1,0,4,10,0,1,1,1647.373107747106
0,1,0,0,0,0,0,0,0,0,0,0,0,0,0,0,0,0,0,0,0,0,1,1,58.44,0,2023,0,1,0,13,18,0,0,0,1103.6960985626283
0,1,0,0,0,0,0,0,0,0,0,1,0,0,0,0,0,0,1,0,0,0,0,3,100.0,0,2022,0,1,0,2,14,0,0,0,1700.0
0,1,0,0,0,0,0,0,0,0,0,0,1,0,0,0,0,0,1,0,0,0,0,2,59.0,0,2023,0,1,0,7,16,0,0,0,1440.677966101695
0,1,0,0,0,0,0,0,0,0,0,1,0,0,0,0,0,0,1,0,0,0,0,3,76.63,0,2022,0,1,0,9,10,0,0,0,1735.612684327287
0,1,0,0,0,0,0,0,0,0,0,1,0,0,0,0,0,0,1,0,0,0,0,1,26.0,1,2023,0,1,0,9,10,0,0,1,1653.8461538461538
0,1,0,0,0,0,0,0,0,0,0,0,0,0,1,0,0,0,1,0,0,0,0,1,48.0,1,2017,0,1,0,7,12,0,1,0,1375.0
0,0,1,0,0,0,0,0,0,0,0,0,1,0,0,0,0,0,0,1,0,0,0,1,45.0,0,2024,1,0,0,5,5,0,0,1,888.8888888888889
0,0,0,0,0,0,1,0,0,0,0,0,1,0,0,0,0,0,0,0,1,0,0,3,68.5,1,1968,0,0,1,2,5,0,0,0,1430.6569343065694
0,1,0,0,0,0,0,0,0,0,0,1,0,0,0,0,0,0,0,1,0,0,0,3,92.0,0,2022,1,0,0,7,14,0,0,0,1100.0
0,0,0,0,0,0,1,0,0,0,0,0,0,0,1,0,0,0,1,0,0,0,0,2,57.0,0,1987,0,0,1,5,10,0,0,1,1324.561403508772
0,1,0,0,0,0,0,0,0,0,0,1,0,0,0,0,0,0,1,0,0,0,0,1,51.0,0,2024,0,1,0,9,9,1,0,0,1323.5294117647059
0,0,0,0,1,0,0,0,0,0,0,0,1,0,0,0,0,0,0,0,1,0,0,1,32.0,0,1975,0,0,1,2,5,0,0,0,1890.625
0,1,0,0,0,0,0,0,0,0,0,0,1,0,0,0,0,0,0,1,0,0,0,1,50.0,0,2022,0,1,0,16,16,1,0,0,1090.0
0,0,0,0,0,0,1,0,0,0,0,0,1,0,0,0,0,0,0,0,1,0,0,2,50.0,0,1987,0,0,1,4,5,0,0,0,1730.0
1,0,0,0,0,0,0,0,0,0,0,0,1,0,0,0,0,0,0,0,0,1,0,1,40.0,0,2019,1,0,0,9,10,1,1,0,1300.0
0,0,0,0,0,0,1,0,0,0,0,0,1,0,0,0,0,0,0,0,1,0,0,1,35.0,1,1987,0,1,0,9,9,0,1,1,1642.857142857143
0,1,0,0,0,0,0,0,0,0,0,0,1,0,0,0,0,0,1,0,0,0,0,2,77.0,0,2019,0,1,0,4,12,0,0,0,2129.87012987013
0,1,0,0,0,0,0,0,0,0,0,1,0,0,0,0,0,0,0,1,0,0,0,2,64.0,1,2023,0,1,0,3,9,0,0,0,1328.125
0,1,0,0,0,0,0,0,0,0,0,0,1,0,0,0,0,0,0,1,0,0,0,1,45.0,0,2023,1,0,0,2,14,1,0,0,1155.5555555555557
0,1,0,0,0,0,0,0,0,0,0,0,0,0,0,0,0,0,0,1,0,0,0,3,240.0,0,2023,1,0,0,9,10,0,0,0,700.0
0,1,0,0,0,0,0,0,0,0,0,0,1,0,0,0,0,0,0,1,0,0,0,3,102.17,0,2023,0,1,0,12,14,0,0,0,743.8582754233141
0,1,0,0,0,0,0,0,0,0,0,1,0,0,0,0,0,0,0,1,0,0,0,1,45.0,0,2026,1,0,0,16,17,1,0,0,1200.0
0,1,0,0,0,0,0,0,0,0,0,0,0,0,0,0,0,0,0,0,1,0,0,2,90.0,0,2023,1,0,0,3,9,0,1,1,1344.4444444444443
0,0,1,0,0,0,0,0,0,0,0,0,1,0,0,0,0,0,1,0,0,0,0,3,80.0,0,1992,0,0,1,9,9,0,1,1,1368.75
0,1,0,0,0,0,0,0,0,0,0,0,0,1,0,0,0,0,0,1,0,0,0,3,97.0,0,2021,0,1,0,8,14,0,0,0,1340.2061855670104
0,0,0,0,0,0,1,0,0,0,0,0,1,0,0,0,0,0,0,0,0,1,0,3,63.0,0,1990,0,0,1,9,9,0,1,1,1277.7777777777778
0,1,0,0,0,0,0,0,0,0,0,1,0,0,0,0,0,0,1,0,0,0,0,3,104.0,1,2022,0,1,0,8,14,0,0,0,1875.0
0,0,0,0,0,0,1,0,0,0,0,0,1,0,0,0,0,0,1,0,0,0,0,1,34.0,0,1987,0,0,1,1,9,0,0,0,1644.1176470588234
0,0,0,0,0,0,0,1,0,0,0,0,1,0,0,0,0,0,1,0,0,0,0,4,150.0,1,2019,1,0,0,6,7,0,0,0,1000.0
1,0,0,0,0,0,0,0,0,0,0,0,0,0,0,0,0,0,0,0,0,0,0,3,60.0,0,1972,1,0,0,1,5,0,0,0,1583.3333333333333
1,0,0,0,0,0,0,0,0,0,0,0,1,0,0,0,0,0,0,0,1,0,0,3,75.0,0,2019,0,0,1,8,9,0,0,0,1453.3333333333333
0,1,0,0,0,0,0,0,0,0,0,0,0,0,0,0,0,0,0,0,1,0,0,1,35.0,0,2023,1,0,0,6,9,0,0,0,1457.142857142857
0,1,0,0,0,0,0,0,0,0,0,0,1,0,0,0,0,0,0,0,1,0,0,2,78.0,0,2010,0,1,0,4,9,1,1,1,1480.7692307692307
0,1,0,0,0,0,0,0,0,0,0,1,0,0,0,0,0,0,0,1,0,0,0,2,50.0,0,2025,0,1,0,10,14,0,0,0,1040.0
0,0,0,0,0,1,0,0,0,0,0,1,0,0,0,0,0,0,1,0,0,0,0,1,55.0,1,2024,0,1,0,5,9,0,0,0,1272.7272727272727
0,0,0,0,1,0,0,0,0,0,0,0,1,0,0,0,0,0,1,0,0,0,0,3,58.0,0,1980,0,0,1,1,4,0,1,1,1327.5862068965516
0,1,0,0,0,0,0,0,0,0,0,0,1,0,0,0,0,0,0,1,0,0,0,3,106.51,1,2025,0,1,0,11,12,1,0,0,1600.0
0,0,0,0,1,0,0,0,0,0,0,0,1,0,0,0,0,0,0,0,1,0,0,2,45.0,1,2016,1,0,0,2,5,0,0,0,1777.7777777777778
1,0,0,0,0,0,0,0,0,0,0,0,1,0,0,0,0,0,0,0,1,0,0,3,68.0,0,2012,0,1,0,1,10,0,1,1,1573.5294117647059
0,0,0,1,0,0,0,0,0,0,0,0,0,0,0,0,0,0,0,0,1,0,0,1,29.0,0,1967,0,0,1,1,4,0,0,0,1931.0344827586207
0,0,0,0,1,0,0,0,0,0,0,0,1,0,0,0,0,0,0,0,1,0,0,1,32.0,0,1975,0,0,1,4,4,0,0,0,1856.25
0,0,1,0,0,0,0,0,0,0,0,1,0,0,0,0,0,0,0,1,0,0,0,2,74.9,0,2025,0,0,1,3,9,0,0,0,870.493991989319
0,1,0,0,0,0,0,0,0,0,0,0,0,0,0,0,0,0,0,1,0,0,0,3,124.0,1,2024,0,1,0,6,15,0,0,0,1500.0
0,1,0,0,0,0,0,0,0,0,0,1,0,0,0,0,0,0,0,1,0,0,0,2,85.0,0,2024,1,0,0,12,12,0,0,0,1150.0
0,1,0,0,0,0,0,0,0,0,0,1,0,0,0,0,0,0,0,0,1,0,0,2,53.0,0,2023,0,1,0,10,13,1,0,0,1358.4905660377358
0,0,1,0,0,0,0,0,0,0,0,1,0,0,0,0,0,0,1,0,0,0,0,1,44.0,0,2023,0,1,0,3,9,0,0,0,1431.8181818181818
0,1,0,0,0,0,0,0,0,0,0,0,1,0,0,0,0,0,1,0,0,0,0,2,65.0,1,2023,0,1,0,5,10,0,0,0,1692.3076923076924
0,1,0,0,0,0,0,0,0,0,0,0,1,0,0,0,0,0,1,0,0,0,0,3,88.0,0,2023,1,0,0,3,9,0,1,1,1386.3636363636363
0,1,0,0,0,0,0,0,0,0,0,0,1,0,0,0,0,0,1,0,0,0,0,1,40.0,0,2011,0,1,0,4,9,0,1,1,1900.0
0,1,0,0,0,0,0,0,0,0,0,0,1,0,0,0,0,0,1,0,0,0,0,3,122.0,0,2020,0,1,0,7,9,1,1,0,1336.0655737704917
0,0,0,0,1,0,0,0,0,0,0,0,1,0,0,0,0,0,0,0,1,0,0,1,32.0,0,1975,0,0,1,5,5,0,1,1,1843.75
1,0,0,0,0,0,0,0,0,0,0,0,0,0,0,0,0,0,0,0,0,0,0,4,160.0,0,2022,0,1,0,8,10,0,0,0,1500.0
0,1,0,0,0,0,0,0,0,0,0,0,0,0,0,0,0,0,0,1,0,0,0,2,70.26,0,2022,0,1,0,13,14,0,0,0,1242.527754056362
0,1,0,0,0,0,0,0,0,0,0,0,0,0,0,0,0,0,0,1,0,0,0,1,32.0,0,2023,1,0,0,11,12,0,0,0,1312.5
0,1,0,0,0,0,0,0,0,0,0,1,0,0,0,0,0,0,0,1,0,0,0,1,55.0,0,2024,1,0,0,2,10,1,0,0,1763.6363636363637
0,1,0,0,0,0,0,0,0,0,0,0,0,0,0,0,0,0,0,1,0,0,0,2,61.0,0,2024,0,1,0,8,9,0,0,0,1065.5737704918033
0,1,0,0,0,0,0,0,0,0,0,0,0,1,0,0,0,0,0,1,0,0,0,4,167.3,0,2019,0,1,0,5,12,0,0,0,1300.0
0,1,0,0,0,0,0,0,0,0,0,0,0,0,0,0,0,0,0,0,0,0,1,2,80.0,0,2025,0,1,0,5,9,0,0,0,1837.5
1,0,0,0,0,0,0,0,0,0,0,0,0,0,0,0,0,0,0,0,0,0,0,1,53.0,0,2023,0,1,0,10,14,0,0,0,2132.0754716981132
0,1,0,0,0,0,0,0,0,0,0,0,1,0,0,0,0,0,1,0,0,0,0,1,51.0,1,2015,0,1,0,2,12,0,1,1,1588.235294117647
1,0,0,0,0,0,0,0,0,0,0,0,1,0,0,0,0,0,1,0,0,0,0,3,92.0,0,1980,1,0,0,2,9,0,1,1,2065.217391304348
0,1,0,0,0,0,0,0,0,0,0,1,0,0,0,0,0,0,0,1,0,0,0,1,36.6,1,2025,0,1,0,3,13,0,0,0,1366.120218579235
0,1,0,0,0,0,0,0,0,0,0,0,1,0,0,0,0,0,0,1,0,0,0,3,102.0,0,2024,0,1,0,5,14,0,0,0,1050.0
0,1,0,0,0,0,0,0,0,0,0,0,1,0,0,0,0,0,1,0,0,0,0,3,90.0,1,2023,0,1,0,2,10,0,0,0,1722.2222222222222
0,0,1,0,0,0,0,0,0,0,0,0,1,0,0,0,0,0,1,0,0,0,0,3,72.0,0,1992,0,0,1,7,9,0,1,0,1736.111111111111
0,1,0,0,0,0,0,0,0,0,0,0,1,0,0,0,0,0,1,0,0,0,0,2,73.0,0,2022,0,1,0,11,15,0,0,0,1602.7397260273972
0,0,0,0,1,0,0,0,0,0,0,0,1,0,0,0,0,0,1,0,0,0,0,2,58.0,0,1979,0,0,1,2,4,0,1,1,1491.3793103448277
0,1,0,0,0,0,0,0,0,0,0,1,0,0,0,0,0,0,0,1,0,0,0,1,40.0,0,2024,1,0,0,7,16,1,0,0,1175.0
0,1,0,0,0,0,0,0,0,0,0,0,0,0,0,0,0,0,0,0,1,0,0,2,50.0,0,2021,0,1,0,9,12,0,0,0,1540.0
0,0,1,0,0,0,0,0,0,0,0,0,0,0,0,0,0,0,0,0,0,0,0,3,68.9,0,1990,0,0,1,7,9,0,0,0,1669.0856313497823
1,0,0,0,0,0,0,0,0,0,0,0,0,0,0,0,0,0,0,0,0,0,0,2,78.2,0,2025,1,0,0,10,12,0,0,0,780.0511508951406
0,0,0,0,1,0,0,0,0,0,0,0,1,0,0,0,0,0,0,0,1,0,0,2,43.0,0,1975,0,0,1,4,4,0,0,0,1558.139534883721
0,1,0,0,0,0,0,0,0,0,0,0,1,0,0,0,0,0,0,0,0,1,0,1,28.0,0,2025,1,0,0,6,8,1,1,1,1421.4285714285713
0,1,0,0,0,0,0,0,0,0,0,0,1,0,0,0,0,0,1,0,0,0,0,4,219.0,0,2018,0,1,0,6,10,0,1,1,2360.7305936073058
0,1,0,0,0,0,0,0,0,0,0,1,0,0,0,0,0,0,0,1,0,0,0,2,73.0,1,2025,1,0,0,3,8,0,0,0,1287.6712328767123
0,0,0,0,1,0,0,0,0,0,0,0,1,0,0,0,0,0,0,0,1,0,0,1,32.0,0,1975,0,0,1,4,4,1,1,0,1765.625
0,0,0,0,1,0,0,0,0,0,0,0,1,0,0,0,0,0,0,0,1,0,0,2,46.0,0,1980,0,0,1,4,4,0,0,0,1652.1739130434783
0,1,0,0,0,0,0,0,0,0,0,1,0,0,0,0,0,0,0,1,0,0,0,2,75.8,0,2025,0,1,0,9,9,0,0,0,897.0976253298153
0,1,0,0,0,0,0,0,0,0,0,0,0,1,0,0,0,0,1,0,0,0,0,1,34.0,0,2023,1,0,0,4,5,0,0,0,1500.0
0,1,0,0,0,0,0,0,0,0,0,0,1,0,0,0,0,0,1,0,0,0,0,2,70.0,0,2018,0,1,0,19,19,0,1,0,2557.1428571428573
0,1,0,0,0,0,0,0,0,0,0,0,0,0,0,0,0,0,1,0,0,0,0,2,80.0,0,2021,0,1,0,2,14,0,0,0,2125.0
1,0,0,0,0,0,0,0,0,0,0,0,1,0,0,0,0,0,0,0,1,0,0,2,44.0,0,2019,1,0,0,2,4,0,0,0,1522.7272727272727
1,0,0,0,0,0,0,0,0,0,0,0,1,0,0,0,0,0,0,0,1,0,0,2,44.0,0,2019,1,0,0,4,5,0,1,1,1625.0
0,0,0,0,0,0,1,0,0,0,0,0,1,0,0,0,0,0,0,0,0,1,0,1,34.0,0,1987,0,0,1,3,5,0,0,0,1602.9411764705883
0,1,0,0,0,0,0,0,0,0,0,0,1,0,0,0,0,0,0,0,1,0,0,4,105.0,0,2023,0,1,0,7,10,0,0,0,1052.3809523809523
1,0,0,0,0,0,0,0,0,0,0,0,1,0,0,0,0,0,0,1,0,0,0,2,68.0,1,2023,1,0,0,1,3,1,1,0,1044.1176470588234
0,0,0,0,0,0,1,0,0,0,0,0,1,0,0,0,0,0,1,0,0,0,0,1,36.0,0,1999,0,0,1,9,9,0,1,1,1540.2222222222222
0,1,0,0,0,0,0,0,0,0,0,0,1,0,0,0,0,0,0,1,0,0,0,3,96.0,0,2024,1,0,0,4,12,0,0,0,1119.7916666666667
0,1,0,0,0,0,0,0,0,0,0,0,1,0,0,0,0,0,1,0,0,0,0,2,78.0,0,2016,1,0,0,2,10,1,1,0,1829.4871794871794
0,0,1,0,0,0,0,0,0,0,0,0,1,0,0,0,0,0,1,0,0,0,0,2,52.0,0,1992,1,0,0,9,9,1,0,1,1673.076923076923
0,1,0,0,0,0,0,0,0,0,0,1,0,0,0,0,0,0,0,1,0,0,0,3,92.0,0,2024,1,0,0,5,14,0,0,1,1250.0
0,0,0,0,0,1,0,0,0,0,0,1,0,0,0,0,0,0,1,0,0,0,0,2,70.0,0,2022,0,0,1,1,9,1,0,1,1285.7142857142858
0,0,0,0,0,1,0,0,0,0,0,1,0,0,0,0,0,0,0,1,0,0,0,1,48.0,0,2025,0,0,1,5,10,0,0,0,1250.0
0,0,0,0,0,0,1,0,0,0,0,0,1,0,0,0,0,0,0,0,1,0,0,3,73.0,0,1987,0,0,1,1,9,0,1,1,1493.150684931507
0,0,0,0,1,0,0,0,0,0,0,0,1,0,0,0,0,0,0,0,1,0,0,1,32.0,0,1975,0,0,1,4,4,0,1,1,1781.25
0,1,0,0,0,0,0,0,0,0,0,1,0,0,0,0,0,0,1,0,0,0,0,1,41.0,0,2014,0,1,0,17,18,0,1,1,1487.8048780487804
0,1,0,0,0,0,0,0,0,0,0,0,0,1,0,0,0,0,0,1,0,0,0,3,74.0,0,2024,0,1,0,8,12,0,0,0,1150.0
0,1,0,0,0,0,0,0,0,0,0,0,1,0,0,0,0,0,1,0,0,0,0,3,91.0,0,2017,0,1,0,10,10,0,0,0,1604.3956043956043
0,1,0,0,0,0,0,0,0,0,0,1,0,0,0,0,0,0,1,0,0,0,0,1,54.0,1,2024,1,0,0,12,13,1,0,0,2629.6296296296296
0,1,0,0,0,0,0,0,0,0,0,0,1,0,0,0,0,0,0,1,0,0,0,1,50.0,0,2022,0,1,0,16,16,1,0,0,1100.0
0,0,0,0,1,0,0,0,0,0,0,0,1,0,0,0,0,0,0,0,0,1,0,1,36.0,1,1975,1,0,0,1,5,0,1,1,1527.7777777777778
0,1,0,0,0,0,0,0,0,0,0,0,0,0,0,0,0,0,1,0,0,0,0,1,39.0,0,2023,0,1,0,4,9,0,0,0,1666.6666666666667
0,0,0,0,1,0,0,0,0,0,0,0,1,0,0,0,0,0,1,0,0,0,0,2,48.0,0,1970,1,0,0,3,5,0,1,0,1531.25
0,1,0,0,0,0,0,0,0,0,0,1,0,0,0,0,0,0,1,0,0,0,0,3,83.0,0,2024,0,1,0,9,12,1,0,0,1313.2530120481927
0,1,0,0,0,0,0,0,0,0,0,1,0,0,0,0,0,0,0,1,0,0,0,3,80.56,0,2025,0,1,0,6,12,0,0,0,1750.248262164846
0,1,0,0,0,0,0,0,0,0,0,0,1,0,0,0,0,0,0,1,0,0,0,1,43.0,1,2025,0,1,0,9,14,1,0,0,1250.0
0,1,0,0,0,0,0,0,0,0,0,1,0,0,0,0,0,0,0,1,0,0,0,2,82.0,0,2024,0,1,0,11,12,0,0,0,1180.0
0,1,0,0,0,0,0,0,0,0,0,0,1,0,0,0,0,0,0,0,1,0,0,1,47.0,0,2023,1,0,0,5,8,0,1,1,1563.8297872340424
0,1,0,0,0,0,0,0,0,0,0,0,0,0,1,0,0,0,1,0,0,0,0,2,70.0,1,2021,0,1,0,9,14,0,0,0,1857.142857142857
0,1,0,0,0,0,0,0,0,0,0,0,1,0,0,0,0,0,1,0,0,0,0,3,100.0,0,2017,0,1,0,12,13,0,0,0,2300.0
0,1,0,0,0,0,0,0,0,0,0,1,0,0,0,0,0,0,0,1,0,0,0,2,95.0,0,2021,0,1,0,12,12,0,0,0,1842.1052631578948
0,1,0,0,0,0,0,0,0,0,0,1,0,0,0,0,0,0,1,0,0,0,0,4,160.0,0,2023,0,1,0,2,8,0,0,0,2368.75
0,1,0,0,0,0,0,0,0,0,0,1,0,0,0,0,0,0,1,0,0,0,0,1,49.0,0,2021,1,0,0,2,3,0,1,1,1551.0204081632653
0,1,0,0,0,0,0,0,0,0,0,0,1,0,0,0,0,0,1,0,0,0,0,2,50.0,0,2023,0,1,0,10,14,0,0,0,2100.0
0,1,0,0,0,0,0,0,0,0,0,0,0,1,0,0,0,0,1,0,0,0,0,1,42.0,0,2024,0,1,0,2,5,1,0,0,1357.142857142857
0,0,0,0,0,1,0,0,0,0,0,1,0,0,0,0,0,0,1,0,0,0,0,3,77.0,1,2024,0,0,1,8,9,1,0,0,1236.3636363636363
1,0,0,0,0,0,0,0,0,0,0,0,1,0,0,0,0,0,0,0,1,0,0,2,51.0,0,2019,1,0,0,2,4,0,1,1,1294.1176470588234
0,1,0,0,0,0,0,0,0,0,0,0,0,0,1,0,0,0,1,0,0,0,0,2,72.0,1,2023,0,1,0,5,13,0,0,0,2222.222222222222
0,0,0,1,0,0,0,0,0,0,0,0,1,0,0,0,0,0,0,0,0,1,0,1,31.0,0,1990,1,0,0,2,5,1,1,1,1483.8709677419354
0,1,0,0,0,0,0,0,0,0,0,0,1,0,0,0,0,0,1,0,0,0,0,3,186.0,0,2019,0,1,0,13,14,0,1,1,2526.8817204301076
0,1,0,0,0,0,0,0,0,0,0,0,1,0,0,0,0,0,1,0,0,0,0,4,117.0,0,2023,0,1,0,5,12,0,0,0,1367.5213675213674
0,1,0,0,0,0,0,0,0,0,0,0,1,0,0,0,0,0,0,1,0,0,0,2,82.0,0,2024,0,1,0,10,14,1,0,0,880.0
0,1,0,0,0,0,0,0,0,0,0,0,0,0,0,0,0,0,0,0,1,0,0,2,59.0,0,2023,0,1,0,3,10,0,0,0,1381.3559322033898
0,1,0,0,0,0,0,0,0,0,0,0,0,1,0,0,0,0,0,1,0,0,0,2,83.0,0,2025,1,0,0,8,10,0,0,0,927.710843373494
0,1,0,0,0,0,0,0,0,0,0,0,0,0,0,0,0,0,0,1,0,0,0,3,177.0,0,2023,1,0,0,3,13,0,0,0,932.2033898305085
0,1,0,0,0,0,0,0,0,0,0,1,0,0,0,0,0,0,1,0,0,0,0,3,80.0,0,2022,0,1,0,7,10,0,0,0,1918.75
0,1,0,0,0,0,0,0,0,0,0,0,0,0,0,0,0,0,1,0,0,0,0,1,43.0,0,2022,0,1,0,6,14,0,0,0,1906.9767441860465
0,1,0,0,0,0,0,0,0,0,0,1,0,0,0,0,0,0,0,1,0,0,0,1,49.2,0,2025,0,1,0,2,12,0,0,0,1138.2113821138212
0,1,0,0,0,0,0,0,0,0,0,0,1,0,0,0,0,0,0,1,0,0,0,4,143.0,0,2020,0,1,0,12,12,0,1,1,1083.9160839160838
0,1,0,0,0,0,0,0,0,0,0,0,1,0,0,0,0,0,1,0,0,0,0,4,128.0,0,2023,0,1,0,6,12,0,0,0,1953.125
0,1,0,0,0,0,0,0,0,0,0,1,0,0,0,0,0,0,0,1,0,0,0,1,53.0,0,2024,0,1,0,7,12,1,0,0,1292.4528301886792
0,1,0,0,0,0,0,0,0,0,0,1,0,0,0,0,0,0,0,1,0,0,0,3,109.0,0,2024,0,1,0,11,15,1,0,0,1110.091743119266
0,1,0,0,0,0,0,0,0,0,0,0,0,0,0,0,0,0,1,0,0,0,0,3,101.0,1,2021,0,1,0,9,9,1,0,1,1564.3564356435643
1,0,0,0,0,0,0,0,0,0,0,0,1,0,0,0,0,0,0,0,0,1,0,1,30.0,0,2019,1,0,0,2,4,0,0,0,1500.0
0,1,0,0,0,0,0,0,0,0,0,0,1,0,0,0,0,0,0,1,0,0,0,3,143.0,0,2021,0,1,0,6,12,0,0,0,1048.951048951049
0,1,0,0,0,0,0,0,0,0,0,1,0,0,0,0,0,0,0,1,0,0,0,4,120.0,0,2022,0,1,0,6,12,1,0,0,750.0
0,0,1,0,0,0,0,0,0,0,0,0,0,0,0,0,0,0,0,0,0,0,0,1,45.0,0,2006,0,0,1,1,9,0,0,0,1666.6666666666667
0,0,0,1,0,0,0,0,0,0,0,0,1,0,0,0,0,0,0,0,1,0,0,1,30.0,1,1967,1,0,0,1,4,0,0,1,1833.3333333333333
1,0,0,0,0,0,0,0,0,0,0,0,1,0,0,0,0,0,0,0,1,0,0,3,65.0,0,2019,0,0,1,4,5,0,0,0,1407.6923076923076
0,1,0,0,0,0,0,0,0,0,0,1,0,0,0,0,0,0,1,0,0,0,0,2,53.0,0,2023,0,1,0,6,9,1,0,0,1207.5471698113208
0,1,0,0,0,0,0,0,0,0,0,0,1,0,0,0,0,0,0,1,0,0,0,3,74.0,1,2025,0,1,0,4,16,0,0,0,1095.3918918918919
0,1,0,0,0,0,0,0,0,0,0,0,1,0,0,0,0,0,1,0,0,0,0,1,50.0,1,2016,0,1,0,3,10,0,1,1,1460.0
0,1,0,0,0,0,0,0,0,0,0,0,1,0,0,0,0,0,1,0,0,0,0,1,48.0,0,2024,0,1,0,8,12,1,1,0,1520.8333333333333
0,1,0,0,0,0,0,0,0,0,0,0,0,0,1,0,0,0,1,0,0,0,0,4,190.0,0,2023,0,1,0,9,9,0,1,1,1526.3157894736842
0,1,0,0,0,0,0,0,0,0,0,1,0,0,0,0,0,0,1,0,0,0,0,3,92.0,0,2024,1,0,0,12,12,0,0,0,1543.4782608695652
0,1,0,0,0,0,0,0,0,0,0,0,1,0,0,0,0,0,1,0,0,0,0,1,48.0,0,2023,1,0,0,8,12,1,1,1,1520.8333333333333
1,0,0,0,0,0,0,0,0,0,0,0,1,0,0,0,0,0,0,0,1,0,0,5,150.0,1,1998,1,0,0,1,5,0,1,1,1338.3666666666666
0,1,0,0,0,0,0,0,0,0,0,1,0,0,0,0,0,0,0,1,0,0,0,2,60.0,0,2024,0,1,0,7,14,1,0,0,1240.0
0,1,0,0,0,0,0,0,0,0,0,1,0,0,0,0,0,0,0,1,0,0,0,1,45.0,0,2022,0,1,0,2,9,0,0,0,1066.6666666666667
0,1,0,0,0,0,0,0,0,0,0,1,0,0,0,0,0,0,0,1,0,0,0,2,69.0,0,2023,0,1,0,6,14,0,0,0,1050.7246376811595
1,0,0,0,0,0,0,0,0,0,0,0,1,0,0,0,0,0,0,0,0,1,0,1,30.0,0,1979,1,0,0,2,4,0,0,0,1500.0
0,0,0,0,0,0,0,0,1,0,0,1,0,0,0,0,0,0,0,0,0,0,1,1,28.0,0,2025,1,0,0,8,9,0,0,0,1428.5714285714287
0,0,0,0,0,0,1,0,0,0,0,0,1,0,0,0,0,0,1,0,0,0,0,4,106.0,1,1999,1,0,0,3,9,0,1,0,1169.811320754717
1,0,0,0,0,0,0,0,0,0,0,0,0,0,0,0,0,0,0,0,0,0,0,5,127.1,0,2020,0,1,0,9,10,0,0,0,1730.9205350118018
0,1,0,0,0,0,0,0,0,0,0,0,1,0,0,0,0,0,0,0,1,0,0,1,44.0,0,2020,0,0,1,8,14,0,0,0,1670.4545454545455
0,1,0,0,0,0,0,0,0,0,0,0,0,0,0,0,0,0,1,0,0,0,0,3,85.0,0,2023,1,0,0,12,13,0,0,0,1435.2941176470588
0,1,0,0,0,0,0,0,0,0,0,1,0,0,0,0,0,0,0,1,0,0,0,1,36.0,1,2023,0,1,0,13,14,0,0,1,1861.111111111111
0,1,0,0,0,0,0,0,0,0,0,0,0,0,1,0,0,0,1,0,0,0,0,2,58.0,0,2018,0,1,0,8,12,1,1,0,1956.896551724138
0,1,0,0,0,0,0,0,0,0,0,1,0,0,0,0,0,0,1,0,0,0,0,2,61.36,0,2023,1,0,0,3,4,1,0,0,1483.0508474576272
0,0,0,0,1,0,0,0,0,0,0,0,1,0,0,0,0,0,1,0,0,0,0,3,58.0,0,1975,1,0,0,3,4,0,0,0,1465.5172413793102
0,1,0,0,0,0,0,0,0,0,0,0,0,1,0,0,0,0,0,1,0,0,0,3,113.0,0,2025,0,1,0,17,18,0,0,0,1203.5398230088495
0,1,0,0,0,0,0,0,0,0,0,1,0,0,0,0,0,0,0,0,0,0,1,2,57.0,0,2023,1,0,0,9,14,1,0,0,982.4561403508771
0,1,0,0,0,0,0,0,0,0,0,0,1,0,0,0,0,0,1,0,0,0,0,3,120.0,0,2019,0,1,0,11,12,1,1,1,1541.6666666666667
0,1,0,0,0,0,0,0,0,0,0,1,0,0,0,0,0,0,0,1,0,0,0,2,66.0,0,2023,0,1,0,12,14,1,0,1,1068.1818181818182
0,1,0,0,0,0,0,0,0,0,0,0,1,0,0,0,0,0,1,0,0,0,0,2,74.0,0,2022,0,1,0,10,16,0,0,0,1750.0
0,1,0,0,0,0,0,0,0,0,0,0,0,0,0,0,0,0,0,1,0,0,0,4,161.0,0,2023,0,1,0,16,16,0,0,0,1080.0
0,1,0,0,0,0,0,0,0,0,0,1,0,0,0,0,0,0,0,1,0,0,0,1,53.0,0,2023,0,1,0,4,16,0,0,0,1000.0
0,1,0,0,0,0,0,0,0,0,0,0,1,0,0,0,0,0,1,0,0,0,0,4,155.0,0,2023,0,1,0,8,10,1,1,1,1322.5806451612902
0,1,0,0,0,0,0,0,0,0,0,0,0,0,0,0,0,0,0,1,0,0,0,3,105.0,0,2025,0,1,0,13,14,0,0,0,1150.0
0,1,0,0,0,0,0,0,0,0,0,1,0,0,0,0,0,0,0,1,0,0,0,1,48.0,0,2022,0,1,0,9,12,1,0,0,958.3333333333334
0,1,0,0,0,0,0,0,0,0,0,0,1,0,0,0,0,0,0,1,0,0,0,2,56.0,0,2024,1,0,0,10,14,0,0,0,1410.7142857142858
0,1,0,0,0,0,0,0,0,0,0,0,1,0,0,0,0,0,1,0,0,0,0,2,75.0,0,2023,0,1,0,8,16,0,0,0,1600.0
0,1,0,0,0,0,0,0,0,0,0,0,0,0,0,0,0,0,0,0,1,0,0,1,44.0,0,2023,0,0,1,2,5,0,0,0,1261.3636363636363
1,0,0,0,0,0,0,0,0,0,0,0,0,0,0,0,0,0,0,0,0,0,0,2,48.9,0,2019,1,0,0,5,5,0,0,0,1411.0429447852762
0,1,0,0,0,0,0,0,0,0,0,1,0,0,0,0,0,0,0,1,0,0,0,2,73.0,1,2025,1,0,0,18,18,0,0,0,1041.0958904109589
0,1,0,0,0,0,0,0,0,0,0,1,0,0,0,0,0,0,1,0,0,0,0,1,42.0,1,2024,1,0,0,4,5,1,0,0,1400.0
0,1,0,0,0,0,0,0,0,0,0,0,1,0,0,0,0,0,0,1,0,0,0,1,41.0,0,2024,1,0,0,12,14,0,0,0,1170.7317073170732
0,0,0,0,1,0,0,0,0,0,0,0,1,0,0,0,0,0,0,0,1,0,0,2,44.0,0,1975,0,0,1,2,4,0,0,0,1704.5454545454545
0,0,0,0,0,1,0,0,0,0,0,0,0,1,0,0,0,0,0,0,1,0,0,1,45.0,0,2022,0,1,0,8,9,0,0,0,1711.111111111111
1,0,0,0,0,0,0,0,0,0,0,0,0,0,0,0,0,0,0,0,0,0,0,3,88.6,0,2023,0,1,0,14,14,0,0,0,1049.6613995485327
0,1,0,0,0,0,0,0,0,0,0,1,0,0,0,0,0,0,1,0,0,0,0,2,54.0,1,2022,1,0,0,7,14,0,0,1,1740.7407407407406
0,1,0,0,0,0,0,0,0,0,0,0,1,0,0,0,0,0,1,0,0,0,0,2,53.0,0,2023,0,1,0,7,16,0,0,0,1566.0377358490566
0,1,0,0,0,0,0,0,0,0,0,1,0,0,0,0,0,0,1,0,0,0,0,1,40.0,0,2023,1,0,0,3,3,0,0,0,1575.0
0,0,0,0,0,0,1,0,0,0,0,0,0,0,0,0,0,0,0,0,0,0,0,2,50.0,0,1975,0,0,1,3,5,0,0,0,1600.0
0,1,0,0,0,0,0,0,0,0,0,1,0,0,0,0,0,0,1,0,0,0,0,2,62.0,0,2023,0,1,0,12,14,0,0,0,1435.483870967742
0,1,0,0,0,0,0,0,0,0,0,1,0,0,0,0,0,0,0,1,0,0,0,2,57.0,0,2022,0,1,0,10,12,0,0,0,950.0
0,1,0,0,0,0,0,0,0,0,0,0,1,0,0,0,0,0,1,0,0,0,0,2,85.0,1,2023,1,0,0,6,11,1,1,1,1823.5294117647059
0,1,0,0,0,0,0,0,0,0,0,0,1,0,0,0,0,0,1,0,0,0,0,3,96.0,0,2023,1,0,0,9,10,1,1,1,1552.0833333333333
0,1,0,0,0,0,0,0,0,0,0,0,1,0,0,0,0,0,1,0,0,0,0,4,154.0,0,2023,1,0,0,4,7,0,1,1,1850.6493506493507
0,0,1,0,0,0,0,0,0,0,0,0,1,0,0,0,0,0,1,0,0,0,0,3,68.0,0,1992,0,0,1,8,9,0,1,0,1691.1764705882354
0,0,0,0,0,0,1,0,0,0,0,0,1,0,0,0,0,0,1,0,0,0,0,4,97.0,0,1987,0,0,1,1,5,0,0,1,1536.0824742268042
0,1,0,0,0,0,0,0,0,0,0,0,0,1,0,0,0,0,0,1,0,0,0,2,66.8,0,2023,0,1,0,5,5,0,0,0,1000.0
0,1,0,0,0,0,0,0,0,0,0,0,0,0,0,0,0,0,0,1,0,0,0,3,123.0,0,2024,0,1,0,4,18,0,0,0,1430.0
0,1,0,0,0,0,0,0,0,0,0,0,0,0,1,0,0,0,0,0,1,0,0,2,64.0,1,2022,0,1,0,2,14,0,1,1,1718.75
0,1,0,0,0,0,0,0,0,0,0,1,0,0,0,0,0,0,0,1,0,0,0,1,46.0,0,2023,1,0,0,7,13,0,0,0,967.3913043478261
0,0,0,0,0,0,1,0,0,0,0,0,0,1,0,0,0,0,0,1,0,0,0,2,67.0,0,2025,0,0,1,5,5,1,0,0,850.7462686567164
1,0,0,0,0,0,0,0,0,0,0,0,0,1,0,0,0,0,1,0,0,0,0,1,48.0,0,2022,1,0,0,6,9,1,0,0,1583.3333333333333
0,1,0,0,0,0,0,0,0,0,0,1,0,0,0,0,0,0,0,1,0,0,0,2,41.5,0,2024,0,1,0,12,14,1,1,0,1168.6746987951808
0,1,0,0,0,0,0,0,0,0,0,1,0,0,0,0,0,0,0,1,0,0,0,1,32.0,0,2023,0,1,0,3,16,0,0,0,1296.875
0,1,0,0,0,0,0,0,0,0,0,0,1,0,0,0,0,0,0,1,0,0,0,3,96.1,0,2023,1,0,0,5,14,0,1,1,1716.961498439126
0,1,0,0,0,0,0,0,0,0,0,1,0,0,0,0,0,0,1,0,0,0,0,3,105.0,0,2021,0,1,0,6,8,1,1,1,2190.4761904761904
0,1,0,0,0,0,0,0,0,0,0,0,1,0,0,0,0,0,0,1,0,0,0,2,77.0,0,2024,0,1,0,12,14,0,0,0,883.1168831168832
0,1,0,0,0,0,0,0,0,0,0,0,1,0,0,0,0,0,1,0,0,0,0,2,48.0,1,2017,0,1,0,8,10,0,0,0,1416.6666666666667
0,0,0,1,0,0,0,0,0,0,0,0,0,0,0,0,0,0,0,0,0,0,0,3,67.0,0,1980,1,0,0,4,4,0,0,0,1171.641791044776
0,1,0,0,0,0,0,0,0,0,0,0,1,0,0,0,0,0,1,0,0,0,0,3,81.0,0,2023,1,0,0,12,14,0,0,0,2074.074074074074
0,1,0,0,0,0,0,0,0,0,0,0,1,0,0,0,0,0,0,0,1,0,0,3,82.0,0,2017,1,0,0,9,9,0,1,1,1402.439024390244
0,1,0,0,0,0,0,0,0,0,0,0,0,1,0,0,0,0,0,1,0,0,0,3,77.03,0,2024,0,1,0,8,10,0,0,0,1629.2353628456444
1,0,0,0,0,0,0,0,0,0,0,0,1,0,0,0,0,0,0,0,1,0,0,3,62.0,0,2019,1,0,0,3,5,0,1,0,1491.9354838709678
0,0,0,0,0,0,1,0,0,0,0,0,0,0,0,0,0,0,0,0,0,0,0,1,34.0,0,1985,0,0,1,1,9,0,0,0,1735.2941176470588
0,1,0,0,0,0,0,0,0,0,0,0,0,1,0,0,0,0,0,1,0,0,0,3,100.17,0,2022,0,1,0,14,14,0,0,0,778.6762503743636
0,1,0,0,0,0,0,0,0,0,0,1,0,0,0,0,0,0,1,0,0,0,0,2,74.0,0,2024,0,1,0,15,16,0,0,0,1472.972972972973
0,1,0,0,0,0,0,0,0,0,0,0,0,1,0,0,0,0,1,0,0,0,0,3,113.0,0,2020,0,1,0,7,8,0,0,0,2610.619469026549
1,0,0,0,0,0,0,0,0,0,0,0,1,0,0,0,0,0,0,0,0,1,0,2,47.0,0,2019,0,0,1,4,5,0,1,0,1765.9574468085107
0,1,0,0,0,0,0,0,0,0,0,0,0,0,0,0,0,0,0,1,0,0,0,3,88.0,0,2025,0,1,0,8,12,0,0,0,965.9090909090909
0,1,0,0,0,0,0,0,0,0,0,1,0,0,0,0,0,0,0,1,0,0,0,2,79.0,0,2022,1,0,0,11,12,0,0,0,1150.0
0,0,1,0,0,0,0,0,0,0,0,0,0,0,0,0,0,0,0,0,0,0,0,1,44.5,0,2024,0,0,1,7,9,0,0,0,1134.8314606741574
1,0,0,0,0,0,0,0,0,0,0,0,1,0,0,0,0,0,1,0,0,0,0,3,100.0,0,2019,0,1,0,5,16,0,0,0,1450.0
0,0,0,0,1,0,0,0,0,0,0,0,0,0,0,0,0,0,0,1,0,0,0,1,46.18,1,1975,0,1,0,9,12,0,0,0,1104.374187960156
0,0,0,0,0,0,1,0,0,0,0,0,1,0,0,0,0,0,1,0,0,0,0,3,71.4,0,1978,0,0,1,5,5,0,1,1,1330.532212885154
0,0,0,0,0,0,0,1,0,0,0,1,0,0,0,0,0,0,1,0,0,0,0,4,163.0,0,2015,0,1,0,5,6,1,1,1,1211.6564417177915
0,1,0,0,0,0,0,0,0,0,0,1,0,0,0,0,0,0,0,1,0,0,0,2,77.0,0,2024,0,1,0,6,12,0,0,0,1220.0
0,0,0,1,0,0,0,0,0,0,0,0,0,0,0,0,0,0,0,0,1,0,0,2,44.0,0,1967,1,0,0,3,4,0,0,0,1602.2727272727273
0,1,0,0,0,0,0,0,0,0,0,0,1,0,0,0,0,0,0,1,0,0,0,1,46.0,0,2022,0,1,0,9,10,1,1,1,1445.6521739130435
0,1,0,0,0,0,0,0,0,0,0,1,0,0,0,0,0,0,0,1,0,0,0,2,78.0,0,2023,0,1,0,16,16,0,0,0,1141.025641025641
0,1,0,0,0,0,0,0,0,0,0,0,1,0,0,0,0,0,1,0,0,0,0,1,49.0,0,2024,1,0,0,8,10,1,0,0,2326.530612244898
0,0,1,0,0,0,0,0,0,0,0,0,0,0,0,0,0,0,0,0,0,0,0,2,52.0,0,2013,0,0,1,8,10,0,0,0,1269.2307692307693
0,1,0,0,0,0,0,0,0,0,0,1,0,0,0,0,0,0,1,0,0,0,0,3,87.1,0,2023,0,1,0,11,15,0,0,0,1000.0000000000001
1,0,0,0,0,0,0,0,0,0,0,0,0,0,1,0,0,0,1,0,0,0,0,4,112.0,0,2019,1,0,0,5,9,0,0,0,1875.0
0,1,0,0,0,0,0,0,0,0,0,0,0,1,0,0,0,0,0,1,0,0,0,2,72.0,0,2020,0,1,0,6,9,1,1,1,1138.888888888889
0,0,0,0,1,0,0,0,0,0,0,0,1,0,0,0,0,0,0,0,1,0,0,3,58.0,0,1975,0,0,1,1,5,0,0,0,1293.103448275862
0,1,0,0,0,0,0,0,0,0,0,1,0,0,0,0,0,0,0,1,0,0,0,1,47.0,0,2023,1,0,0,2,5,0,0,0,1031.9148936170213
0,1,0,0,0,0,0,0,0,0,0,0,0,0,0,0,0,0,0,1,0,0,0,4,107.0,0,2023,0,1,0,13,14,1,0,0,950.0
0,1,0,0,0,0,0,0,0,0,0,1,0,0,0,0,0,0,0,1,0,0,0,2,56.16,0,2024,0,1,0,3,16,0,0,0,1371.0826210826212
0,1,0,0,0,0,0,0,0,0,0,1,0,0,0,0,0,0,0,1,0,0,0,1,38.0,0,2023,0,1,0,8,10,1,0,0,1197.3684210526317
0,0,0,0,0,0,1,0,0,0,0,0,1,0,0,0,0,0,0,0,1,0,0,2,52.0,0,1987,0,0,1,5,5,0,0,0,1605.7692307692307
1,0,0,0,0,0,0,0,0,0,0,0,1,0,0,0,0,0,0,0,0,1,0,2,76.2,1,1979,1,0,0,2,5,0,1,1,1574.8031496062993
0,1,0,0,0,0,0,0,0,0,0,0,1,0,0,0,0,0,1,0,0,0,0,4,131.0,0,2017,0,1,0,5,14,0,0,0,1755.7251908396947
0,1,0,0,0,0,0,0,0,0,0,0,0,1,0,0,0,0,0,1,0,0,0,1,38.0,0,2023,0,1,0,14,14,0,0,0,1118.421052631579
0,1,0,0,0,0,0,0,0,0,0,1,0,0,0,0,0,0,1,0,0,0,0,4,145.0,0,2017,0,1,0,10,10,0,1,0,1793.103448275862
0,1,0,0,0,0,0,0,0,0,0,0,1,0,0,0,0,0,1,0,0,0,0,3,111.0,0,2023,0,1,0,9,12,0,0,0,1756.7567567567567
1,0,0,0,0,0,0,0,0,0,0,0,1,0,0,0,0,0,0,0,1,0,0,3,66.0,0,2019,1,0,0,5,5,0,0,1,1484.8484848484848
0,1,0,0,0,0,0,0,0,0,0,0,0,1,0,0,0,0,0,0,1,0,0,3,125.0,0,2023,0,1,0,9,12,0,0,0,2200.0
0,1,0,0,0,0,0,0,0,0,0,0,1,0,0,0,0,0,1,0,0,0,0,3,120.0,0,2023,1,0,0,10,10,1,1,1,1291.6666666666667
0,0,0,0,1,0,0,0,0,0,0,0,0,0,0,0,0,0,0,0,0,0,0,3,59.0,0,1973,0,0,1,3,5,0,0,0,1483.8983050847457
0,1,0,0,0,0,0,0,0,0,0,1,0,0,0,0,0,0,0,1,0,0,0,3,90.0,0,2027,1,0,0,7,16,0,0,0,1050.0
0,1,0,0,0,0,0,0,0,0,0,1,0,0,0,0,0,0,0,1,0,0,0,4,119.0,0,2023,0,1,0,9,13,0,0,0,1596.638655462185
1,0,0,0,0,0,0,0,0,0,0,0,0,0,0,0,0,0,0,0,0,0,0,3,126.4,0,2016,1,0,0,9,10,0,0,0,1503.1645569620252
1,0,0,0,0,0,0,0,0,0,0,0,0,0,0,0,0,0,0,0,0,0,0,1,49.5,0,2021,1,0,0,8,12,0,0,0,2121.212121212121
0,1,0,0,0,0,0,0,0,0,0,0,0,1,0,0,0,0,1,0,0,0,0,3,109.0,0,2019,0,1,0,11,12,0,1,0,2110.091743119266
1,0,0,0,0,0,0,0,0,0,0,0,0,0,0,0,0,0,0,0,0,0,0,2,86.2,0,2011,1,0,0,5,8,0,0,0,1566.1252900232018
0,1,0,0,0,0,0,0,0,0,0,0,0,1,0,0,0,0,1,0,0,0,0,3,100.0,0,2022,0,1,0,2,10,1,1,1,1650.0
0,0,0,0,1,0,0,0,0,0,0,0,1,0,0,0,0,0,0,0,1,0,0,3,58.0,0,1975,0,0,1,5,5,0,1,1,1413.7931034482758
0,1,0,0,0,0,0,0,0,0,0,0,0,1,0,0,0,0,0,0,0,0,1,2,60.0,0,2023,0,1,0,9,14,0,0,0,908.3333333333334
0,1,0,0,0,0,0,0,0,0,0,1,0,0,0,0,0,0,0,1,0,0,0,1,56.9,0,2023,1,0,0,12,12,0,0,0,898.9982425307558
0,1,0,0,0,0,0,0,0,0,0,0,0,1,0,0,0,0,0,0,0,0,1,2,78.0,1,2025,0,1,0,10,12,0,0,0,858.974358974359
1,0,0,0,0,0,0,0,0,0,0,0,0,0,0,0,0,0,0,0,0,0,0,3,111.6,0,2018,1,0,0,7,10,0,0,0,1254.4802867383514
0,1,0,0,0,0,0,0,0,0,0,1,0,0,0,0,0,0,1,0,0,0,0,3,105.0,0,2024,0,1,0,14,15,0,0,0,1619.047619047619
0,1,0,0,0,0,0,0,0,0,0,0,1,0,0,0,0,0,0,0,1,0,0,2,74.0,0,2017,0,1,0,1,8,1,1,1,1168.918918918919
1,0,0,0,0,0,0,0,0,0,0,0,1,0,0,0,0,0,0,0,1,0,0,1,32.0,1,1972,1,0,0,4,5,0,1,0,1964.96875
1,0,0,0,0,0,0,0,0,0,0,0,0,0,0,0,0,0,0,0,0,0,0,2,46.0,0,2020,0,1,0,4,12,0,0,0,1956.5217391304348
0,1,0,0,0,0,0,0,0,0,0,0,1,0,0,0,0,0,0,1,0,0,0,2,66.0,0,2024,1,0,0,8,12,0,0,0,1090.909090909091
0,1,0,0,0,0,0,0,0,0,0,1,0,0,0,0,0,0,0,1,0,0,0,2,77.0,0,2024,0,1,0,6,12,1,0,0,1230.0
0,1,0,0,0,0,0,0,0,0,0,0,0,1,0,0,0,0,1,0,0,0,0,3,72.0,0,2023,1,0,0,8,12,0,1,1,1805.5555555555557
1,0,0,0,0,0,0,0,0,0,0,0,0,0,0,0,0,0,0,0,0,0,0,1,48.54,0,2025,1,0,0,11,12,0,0,0,906.4688916357643
0,1,0,0,0,0,0,0,0,0,0,0,0,1,0,0,0,0,0,1,0,0,0,1,49.93,0,2022,0,1,0,16,17,1,0,0,1111.5561786501103
0,1,0,0,0,0,0,0,0,0,0,0,1,0,0,0,0,0,0,1,0,0,0,2,69.0,1,2023,0,1,0,5,16,0,0,0,1318.840579710145
1,0,0,0,0,0,0,0,0,0,0,0,1,0,0,0,0,0,0,0,0,1,0,2,44.0,0,2019,1,0,0,4,5,0,0,0,1647.7272727272727
0,1,0,0,0,0,0,0,0,0,0,1,0,0,0,0,0,0,1,0,0,0,0,1,42.0,0,2025,0,1,0,8,9,1,0,0,1380.952380952381
0,1,0,0,0,0,0,0,0,0,0,1,0,0,0,0,0,0,0,1,0,0,0,2,67.0,0,2024,1,0,0,8,9,1,0,0,1082.089552238806
0,1,0,0,0,0,0,0,0,0,0,0,0,0,0,0,0,0,0,1,0,0,0,1,54.0,0,2023,0,1,0,2,16,0,0,0,1027.7777777777778
0,1,0,0,0,0,0,0,0,0,0,0,1,0,0,0,0,0,0,1,0,0,0,3,90.0,0,2024,0,1,0,10,13,0,0,0,1777.7777777777778
0,1,0,0,0,0,0,0,0,0,0,0,1,0,0,0,0,0,0,1,0,0,0,3,102.0,1,2020,0,1,0,10,10,0,0,0,950.0
0,1,0,0,0,0,0,0,0,0,0,1,0,0,0,0,0,0,1,0,0,0,0,4,130.0,0,2020,1,0,0,1,3,1,1,0,1684.6153846153845
0,1,0,0,0,0,0,0,0,0,0,0,0,1,0,0,0,0,1,0,0,0,0,2,78.0,0,2023,0,1,0,4,9,0,1,0,1211.5384615384614
0,0,0,0,1,0,0,0,0,0,0,0,1,0,0,0,0,0,0,0,1,0,0,3,65.0,0,1975,0,0,1,4,4,0,1,1,1261.5384615384614
0,0,0,0,0,0,1,0,0,0,0,0,1,0,0,0,0,0,0,0,0,1,0,3,84.0,0,1975,0,0,1,3,9,0,1,1,1107.142857142857
0,1,0,0,0,0,0,0,0,0,0,0,0,0,1,0,0,0,1,0,0,0,0,1,40.0,1,2024,1,0,0,10,10,0,0,0,1375.0
0,0,0,0,0,0,1,0,0,0,0,0,0,0,0,0,0,0,0,0,0,0,0,3,61.0,0,1980,0,0,1,5,5,0,0,0,1540.983606557377
0,1,0,0,0,0,0,0,0,0,0,0,1,0,0,0,0,0,1,0,0,0,0,1,63.0,1,2014,0,1,0,4,12,0,0,1,1507.936507936508
0,1,0,0,0,0,0,0,0,0,0,0,1,0,0,0,0,0,0,1,0,0,0,2,76.0,0,2024,0,1,0,9,12,0,0,0,1276.3157894736842
0,0,1,0,0,0,0,0,0,0,0,0,1,0,0,0,0,0,0,0,1,0,0,1,34.0,0,1992,0,0,1,4,9,0,0,0,1661.764705882353
1,0,0,0,0,0,0,0,0,0,0,1,0,0,0,0,0,0,0,1,0,0,0,3,95.0,1,2025,0,1,0,13,18,0,0,0,1400.0
0,1,0,0,0,0,0,0,0,0,0,1,0,0,0,0,0,0,1,0,0,0,0,2,57.0,1,2023,0,1,0,10,14,0,0,0,1385.9649122807018
0,1,0,0,0,0,0,0,0,0,0,1,0,0,0,0,0,0,1,0,0,0,0,2,70.0,0,2023,1,0,0,12,14,0,0,0,1671.4285714285713
0,0,0,0,1,0,0,0,0,0,0,0,1,0,0,0,0,0,0,0,1,0,0,3,58.0,1,1967,0,0,1,2,4,0,0,0,1439.655172413793
0,1,0,0,0,0,0,0,0,0,0,0,1,0,0,0,0,0,0,0,1,0,0,2,65.0,0,2012,1,0,0,8,9,0,1,0,1769.2307692307693
0,1,0,0,0,0,0,0,0,0,0,1,0,0,0,0,0,0,0,1,0,0,0,2,72.0,0,2023,0,1,0,3,14,0,0,0,1300.0
0,1,0,0,0,0,0,0,0,0,0,0,1,0,0,0,0,0,0,1,0,0,0,2,69.0,0,2023,0,1,0,13,15,1,0,0,1380.0
0,1,0,0,0,0,0,0,0,0,0,0,1,0,0,0,0,0,1,0,0,0,0,3,98.0,0,2022,0,1,0,3,15,0,0,0,1418.3673469387754
0,0,0,0,1,0,0,0,0,0,0,0,0,0,0,0,0,0,0,0,0,0,0,2,46.0,0,1962,0,0,1,2,4,0,0,0,1717.391304347826
0,1,0,0,0,0,0,0,0,0,0,0,0,0,0,0,0,0,1,0,0,0,0,1,39.0,0,2023,0,1,0,6,16,0,0,0,1435.8974358974358
0,1,0,0,0,0,0,0,0,0,0,0,1,0,0,0,0,0,1,0,0,0,0,4,139.5,0,2016,1,0,0,4,12,0,0,1,1491.0394265232974
1,0,0,0,0,0,0,0,0,0,0,0,0,0,0,0,0,0,0,0,1,0,0,4,137.0,0,2019,1,0,0,8,12,0,1,1,1021.8978102189781
0,1,0,0,0,0,0,0,0,0,0,1,0,0,0,0,0,0,1,0,0,0,0,2,48.0,0,2022,0,1,0,6,9,0,0,0,1645.8333333333333
0,0,0,0,0,0,1,0,0,0,0,0,1,0,0,0,0,0,0,0,0,1,0,3,62.0,0,1987,1,0,0,3,5,1,1,1,1451.6129032258063
0,0,0,0,0,0,0,0,0,1,0,0,1,0,0,0,0,0,0,0,1,0,0,3,72.0,0,1960,1,0,0,1,3,1,1,1,1500.0
0,1,0,0,0,0,0,0,0,0,0,0,1,0,0,0,0,0,0,1,0,0,0,3,101.0,0,2023,0,1,0,3,14,0,0,0,980.0
0,0,0,0,1,0,0,0,0,0,0,0,1,0,0,0,0,0,1,0,0,0,0,3,58.0,0,1979,0,0,1,2,4,1,1,1,1482.7586206896551
0,1,0,0,0,0,0,0,0,0,0,1,0,0,0,0,0,0,0,1,0,0,0,2,84.24,0,2023,0,1,0,7,8,0,0,0,1400.7597340930674
0,1,0,0,0,0,0,0,0,0,0,0,1,0,0,0,0,0,0,1,0,0,0,2,69.7,1,2025,1,0,0,15,16,1,0,0,1350.0
0,1,0,0,0,0,0,0,0,0,0,1,0,0,0,0,0,0,1,0,0,0,0,3,77.0,1,2024,0,1,0,7,10,1,0,0,1688.3116883116884
0,1,0,0,0,0,0,0,0,0,0,0,0,1,0,0,0,0,0,1,0,0,0,1,44.0,0,2024,0,1,0,10,10,0,0,0,1125.0
0,1,0,0,0,0,0,0,0,0,0,0,1,0,0,0,0,0,0,0,1,0,0,3,157.0,0,2017,1,0,0,5,12,1,1,1,1541.4012738853503
0,1,0,0,0,0,0,0,0,0,0,0,1,0,0,0,0,0,1,0,0,0,0,1,43.0,0,2020,0,1,0,5,10,0,0,0,1906.9767441860465
0,1,0,0,0,0,0,0,0,0,0,1,0,0,0,0,0,0,1,0,0,0,0,2,39.0,1,2024,1,0,0,12,14,0,0,0,1666.6666666666667
0,1,0,0,0,0,0,0,0,0,0,0,0,1,0,0,0,0,0,1,0,0,0,1,36.84,0,2023,0,1,0,5,9,1,0,0,1194.3539630836046
0,1,0,0,0,0,0,0,0,0,0,1,0,0,0,0,0,0,1,0,0,0,0,2,75.0,0,2022,0,1,0,12,14,1,0,0,1600.0
0,1,0,0,0,0,0,0,0,0,0,1,0,0,0,0,0,0,1,0,0,0,0,2,69.0,0,2023,0,1,0,8,14,0,0,0,1884.0579710144928
0,1,0,0,0,0,0,0,0,0,0,0,0,1,0,0,0,0,1,0,0,0,0,1,39.0,0,2023,0,1,0,5,5,0,0,0,1589.7435897435898
0,1,0,0,0,0,0,0,0,0,0,1,0,0,0,0,0,0,1,0,0,0,0,1,45.0,0,2023,0,1,0,14,14,1,0,1,1635.5555555555557
0,1,0,0,0,0,0,0,0,0,0,1,0,0,0,0,0,0,1,0,0,0,0,1,42.0,0,2024,1,0,0,3,5,0,0,0,1333.3333333333333
1,0,0,0,0,0,0,0,0,0,0,0,0,0,0,0,0,0,0,0,0,0,0,3,107.2,0,2019,1,0,0,14,17,0,0,0,2332.089552238806
0,1,0,0,0,0,0,0,0,0,0,1,0,0,0,0,0,0,0,1,0,0,0,1,39.38,0,2022,0,1,0,12,16,0,0,0,1157.9481970543422
0,1,0,0,0,0,0,0,0,0,0,0,1,0,0,0,0,0,0,1,0,0,0,1,50.0,0,2023,1,0,0,16,17,0,0,0,1120.0
0,1,0,0,0,0,0,0,0,0,0,0,0,0,0,0,0,0,1,0,0,0,0,2,75.0,0,2023,0,1,0,4,10,0,0,0,1826.6666666666667
0,0,1,0,0,0,0,0,0,0,0,0,0,0,0,0,0,0,0,0,1,0,0,3,64.0,0,1984,0,0,1,9,9,0,0,0,1718.75
0,1,0,0,0,0,0,0,0,0,0,0,1,0,0,0,0,0,1,0,0,0,0,2,68.0,0,2020,0,1,0,8,9,1,1,0,1286.764705882353
0,1,0,0,0,0,0,0,0,0,0,0,0,1,0,0,0,0,0,1,0,0,0,4,156.0,0,2024,0,1,0,4,18,0,0,0,1480.0
0,0,1,0,0,0,0,0,0,0,0,0,1,0,0,0,0,0,1,0,0,0,0,3,74.0,0,1989,0,0,1,3,9,0,0,1,1547.2972972972973
0,1,0,0,0,0,0,0,0,0,0,0,0,1,0,0,0,0,0,1,0,0,0,3,72.5,0,2023,0,1,0,2,10,0,0,0,1213.7931034482758
1,0,0,0,0,0,0,0,0,0,0,0,1,0,0,0,0,0,0,0,1,0,0,3,100.0,0,2020,1,0,0,6,13,0,0,0,1950.0
0,0,0,0,0,1,0,0,0,0,0,0,1,0,0,0,0,0,1,0,0,0,0,2,67.0,0,2018,0,0,1,8,9,1,1,1,1350.7462686567164
0,1,0,0,0,0,0,0,0,0,0,0,1,0,0,0,0,0,1,0,0,0,0,3,82.0,0,2022,0,1,0,12,16,0,0,0,1695.121951219512
0,0,0,0,0,0,1,0,0,0,0,0,1,0,0,0,0,0,0,0,0,1,0,3,63.0,0,1988,0,0,1,5,5,1,1,1,1428.5714285714287
0,1,0,0,0,0,0,0,0,0,0,0,0,0,0,1,0,0,1,0,0,0,0,1,39.0,0,2023,0,0,1,1,10,0,0,0,1615.3846153846155
0,1,0,0,0,0,0,0,0,0,0,1,0,0,0,0,0,0,0,1,0,0,0,2,74.0,0,2023,0,1,0,3,12,0,0,0,1150.0
0,1,0,0,0,0,0,0,0,0,0,0,1,0,0,0,0,0,0,1,0,0,0,3,120.0,0,2018,0,1,0,11,16,1,1,1,1150.0
0,1,0,0,0,0,0,0,0,0,0,0,0,0,1,0,0,0,1,0,0,0,0,1,49.5,0,2022,1,0,0,2,14,0,0,0,1616.1616161616162
1,0,0,0,0,0,0,0,0,0,0,0,1,0,0,0,0,0,0,0,0,1,0,1,33.0,1,2019,0,1,0,10,12,0,0,0,1454.5454545454545
0,1,0,0,0,0,0,0,0,0,0,0,0,1,0,0,0,0,0,1,0,0,0,1,26.0,0,2023,0,1,0,1,9,0,0,0,1365.3846153846155
0,1,0,0,0,0,0,0,0,0,0,1,0,0,0,0,0,0,0,1,0,0,0,3,123.65,0,2024,0,1,0,5,18,0,0,0,1400.0
0,1,0,0,0,0,0,0,0,0,0,0,1,0,0,0,0,0,1,0,0,0,0,1,56.0,0,2025,1,0,0,4,9,0,0,0,1260.0
0,1,0,0,0,0,0,0,0,0,0,0,0,0,0,0,0,0,0,1,0,0,0,4,137.0,0,2024,0,1,0,6,16,1,0,1,1240.8759124087592
0,0,1,0,0,0,0,0,0,0,0,0,0,0,0,0,0,0,0,0,0,0,0,2,47.9,0,1982,0,0,1,5,9,0,0,0,1774.5302713987473
0,1,0,0,0,0,0,0,0,0,0,0,1,0,0,0,0,0,0,1,0,0,0,1,45.0,0,2023,0,1,0,11,12,0,0,1,988.8888888888889
0,1,0,0,0,0,0,0,0,0,0,0,0,1,0,0,0,0,1,0,0,0,0,2,62.0,0,2022,1,0,0,1,9,0,1,1,1435.483870967742
0,1,0,0,0,0,0,0,0,0,0,0,0,0,0,0,0,0,0,1,0,0,0,1,36.0,0,2025,0,1,0,10,10,0,0,0,1125.0
0,1,0,0,0,0,0,0,0,0,0,0,0,1,0,0,0,0,1,0,0,0,0,3,77.0,0,2022,1,0,0,12,12,1,1,1,1792.2077922077922
1,0,0,0,0,0,0,0,0,0,0,0,1,0,0,0,0,0,0,0,0,1,0,2,42.0,0,2019,1,0,0,5,5,0,1,0,1809.5238095238096
1,0,0,0,0,0,0,0,0,0,0,0,0,0,0,0,0,0,0,0,0,0,0,5,169.5,0,2017,1,0,0,3,11,0,0,0,2271.3864306784662
0,1,0,0,0,0,0,0,0,0,0,1,0,0,0,0,0,0,1,0,0,0,0,2,72.0,0,2023,0,1,0,2,10,0,0,0,1500.0
0,1,0,0,0,0,0,0,0,0,0,0,1,0,0,0,0,0,1,0,0,0,0,4,106.0,0,2018,0,1,0,2,12,0,0,0,1867.9245283018868
0,1,0,0,0,0,0,0,0,0,0,0,1,0,0,0,0,0,1,0,0,0,0,1,40.0,0,2019,0,1,0,7,12,0,0,0,2075.0
0,1,0,0,0,0,0,0,0,0,0,0,0,1,0,0,0,0,0,1,0,0,0,1,38.0,0,2023,0,1,0,14,14,0,0,0,1065.7894736842106
0,1,0,0,0,0,0,0,0,0,0,0,1,0,0,0,0,0,0,0,1,0,0,3,98.0,1,2016,0,1,0,10,10,0,0,0,1469.3877551020407
0,0,0,0,1,0,0,0,0,0,0,0,0,0,0,0,0,0,0,0,1,0,0,1,39.0,1,1975,0,0,1,4,4,0,1,1,1525.6410256410256
0,0,0,0,0,0,1,0,0,0,0,0,1,0,0,0,0,0,0,0,1,0,0,3,62.0,0,1987,0,0,1,5,5,0,0,0,1346.774193548387
0,0,0,0,1,0,0,0,0,0,0,0,1,0,0,0,0,0,0,0,1,0,0,3,58.0,0,1975,0,0,1,1,4,0,0,0,1491.3793103448277
1,0,0,0,0,0,0,0,0,0,0,0,0,0,0,0,0,0,0,0,0,0,0,3,94.0,0,2016,0,1,0,1,10,0,0,0,1606.3829787234042
0,1,0,0,0,0,0,0,0,0,0,0,0,1,0,0,0,0,1,0,0,0,0,1,41.0,1,2025,1,0,0,5,14,1,0,0,1926.8292682926829
0,0,1,0,0,0,0,0,0,0,0,0,0,0,0,0,0,0,0,0,0,0,0,2,58.0,0,2017,0,0,1,11,11,0,0,0,1379.3103448275863
1,0,0,0,0,0,0,0,0,0,0,0,1,0,0,0,0,0,0,0,0,1,0,1,22.0,1,1980,1,0,0,3,5,0,1,0,2613.6363636363635
0,1,0,0,0,0,0,0,0,0,0,0,1,0,0,0,0,0,0,1,0,0,0,4,161.1,0,2020,0,1,0,7,15,0,0,0,2400.0
0,1,0,0,0,0,0,0,0,0,0,1,0,0,0,0,0,0,0,1,0,0,0,2,76.0,0,2025,0,1,0,12,17,0,0,0,914.4736842105264
0,1,0,0,0,0,0,0,0,0,0,1,0,0,0,0,0,0,0,1,0,0,0,1,38.0,0,2022,0,1,0,5,16,0,0,0,1328.9473684210527
0,1,0,0,0,0,0,0,0,0,0,0,0,1,0,0,0,0,0,1,0,0,0,4,140.0,0,2020,0,1,0,11,14,0,0,0,1550.0
0,0,0,1,0,0,0,0,0,0,0,0,1,0,0,0,0,0,0,0,1,0,0,3,56.0,0,1967,1,0,0,3,4,0,1,1,1366.0714285714287
0,1,0,0,0,0,0,0,0,0,0,1,0,0,0,0,0,0,1,0,0,0,0,2,46.0,0,2023,0,1,0,8,10,0,0,0,1913.0434782608695
0,1,0,0,0,0,0,0,0,0,0,1,0,0,0,0,0,0,0,1,0,0,0,3,64.0,0,2024,0,1,0,7,12,1,0,0,1261.71875
0,1,0,0,0,0,0,0,0,0,0,0,0,1,0,0,0,0,1,0,0,0,0,5,326.0,0,2022,0,1,0,9,11,0,0,0,1601.2269938650306
0,1,0,0,0,0,0,0,0,0,0,0,0,0,0,0,0,0,0,1,0,0,0,1,50.0,0,2023,1,0,0,10,13,0,0,0,1570.0
0,1,0,0,0,0,0,0,0,0,0,1,0,0,0,0,0,0,0,1,0,0,0,3,82.6,1,2023,0,0,1,1,10,1,0,0,926.1501210653754
0,1,0,0,0,0,0,0,0,0,0,1,0,0,0,0,0,0,1,0,0,0,0,3,106.0,0,2022,1,0,0,10,14,0,0,0,1537.7358490566037
1,0,0,0,0,0,0,0,0,0,0,0,0,0,0,0,0,0,0,0,0,0,0,3,149.1,0,2011,1,0,0,5,6,0,0,0,1542.5888665325285
0,1,0,0,0,0,0,0,0,0,0,1,0,0,0,0,0,0,1,0,0,0,0,2,77.0,0,2020,0,1,0,3,12,1,1,0,1883.1168831168832
0,1,0,0,0,0,0,0,0,0,0,0,1,0,0,0,0,0,0,1,0,0,0,2,63.0,1,2024,0,1,0,3,10,0,0,0,1554.920634920635
0,0,0,0,0,0,1,0,0,0,0,1,0,0,0,0,0,0,0,1,0,0,0,1,44.1,1,2025,0,0,1,9,9,1,0,0,1201.360544217687
0,1,0,0,0,0,0,0,0,0,0,1,0,0,0,0,0,0,0,1,0,0,0,2,76.0,0,2024,0,1,0,6,14,0,0,0,1013.1578947368421
0,0,1,0,0,0,0,0,0,0,0,0,1,0,0,0,0,0,0,0,1,0,0,2,63.0,0,1992,0,0,1,9,9,0,1,1,1380.952380952381
0,1,0,0,0,0,0,0,0,0,0,1,0,0,0,0,0,0,0,1,0,0,0,3,94.0,0,2023,1,0,0,9,14,0,0,0,1117.0212765957447
1,0,0,0,0,0,0,0,0,0,0,0,0,0,0,0,0,0,0,0,0,0,0,3,117.9,0,2019,1,0,0,2,10,0,0,0,1569.1263782866836
0,1,0,0,0,0,0,0,0,0,0,0,0,0,0,0,0,0,0,0,1,0,0,1,28.0,0,2023,0,1,0,3,4,0,0,0,1428.5714285714287
1,0,0,0,0,0,0,0,0,0,0,0,0,0,0,0,0,0,0,0,0,0,0,3,171.0,0,2019,1,0,0,7,12,0,0,0,1250.0
0,0,0,0,0,1,0,0,0,0,0,1,0,0,0,0,0,0,1,0,0,0,0,2,52.0,1,2023,0,1,0,5,9,1,0,0,1303.4038461538462
0,1,0,0,0,0,0,0,0,0,0,0,1,0,0,0,0,0,1,0,0,0,0,2,75.0,0,2019,0,1,0,10,14,1,1,0,1426.6666666666667
1,0,0,0,0,0,0,0,0,0,0,0,0,0,0,0,0,0,0,0,0,0,0,3,79.77,0,2024,1,0,0,2,14,0,0,0,1128.2437006393382
0,1,0,0,0,0,0,0,0,0,0,1,0,0,0,0,0,0,0,1,0,0,0,1,50.0,0,2022,0,1,0,9,11,0,0,0,1240.0
0,1,0,0,0,0,0,0,0,0,0,1,0,0,0,0,0,0,0,0,0,0,1,1,43.3,0,2025,0,1,0,8,9,0,0,0,854.5034642032333
0,0,1,0,0,0,0,0,0,0,0,0,1,0,0,0,0,0,1,0,0,0,0,2,52.0,0,2000,0,0,1,8,9,0,1,1,1673.076923076923
0,1,0,0,0,0,0,0,0,0,0,0,1,0,0,0,0,0,1,0,0,0,0,1,56.0,0,2012,1,0,0,9,10,1,1,1,1196.4285714285713
0,0,1,0,0,0,0,0,0,0,0,0,1,0,0,0,0,0,0,0,1,0,0,2,58.0,1,1992,0,1,0,9,9,0,0,1,1637.9310344827586
1,0,0,0,0,0,0,0,0,0,0,0,1,0,0,0,0,0,0,0,0,1,0,2,58.0,0,2019,0,0,1,11,13,0,1,1,1250.0
0,1,0,0,0,0,0,0,0,0,0,1,0,0,0,0,0,0,1,0,0,0,0,3,109.0,1,2024,0,1,0,11,12,1,0,0,1981.651376146789
0,1,0,0,0,0,0,0,0,0,0,0,1,0,0,0,0,0,1,0,0,0,0,1,44.4,0,2017,0,1,0,9,9,1,0,0,1396.3963963963965
0,0,0,0,0,0,1,0,0,0,0,0,0,1,0,0,0,0,0,1,0,0,0,1,44.0,0,2025,0,0,1,3,5,1,0,1,977.2727272727273
0,1,0,0,0,0,0,0,0,0,0,1,0,0,0,0,0,0,0,1,0,0,0,2,75.0,1,2025,1,0,0,11,12,1,0,1,1186.6666666666667
0,0,1,0,0,0,0,0,0,0,0,0,0,0,1,0,0,0,0,0,1,0,0,1,45.0,0,2019,0,0,1,3,9,0,1,0,1355.5555555555557
1,0,0,0,0,0,0,0,0,0,0,0,0,0,1,0,0,0,1,0,0,0,0,1,36.0,0,2019,1,0,0,6,6,0,0,0,1333.3333333333333
0,1,0,0,0,0,0,0,0,0,0,1,0,0,0,0,0,0,0,1,0,0,0,1,30.0,1,2025,0,1,0,4,12,1,0,0,1000.0
1,0,0,0,0,0,0,0,0,0,0,0,0,0,0,0,0,0,0,0,0,1,0,1,37.0,0,2019,1,0,0,4,5,0,0,0,1378.3783783783783
1,0,0,0,0,0,0,0,0,0,0,0,0,0,0,0,0,0,0,0,0,0,0,2,86.0,0,2022,1,0,0,7,14,0,0,0,3023.2558139534885
0,0,0,0,0,0,0,0,1,0,0,0,1,0,0,0,0,0,0,0,0,1,0,1,19.0,0,1990,0,0,1,4,4,0,1,1,1131.578947368421
1,0,0,0,0,0,0,0,0,0,0,0,1,0,0,0,0,0,0,0,1,0,0,1,29.0,0,2019,0,1,0,6,12,0,0,0,1741.3793103448277
0,0,1,0,0,0,0,0,0,0,0,0,1,0,0,0,0,0,0,0,0,1,0,1,36.0,0,1992,0,0,1,7,9,0,0,0,1986.111111111111
0,1,0,0,0,0,0,0,0,0,0,1,0,0,0,0,0,0,1,0,0,0,0,1,47.0,0,2023,0,1,0,8,9,0,0,0,1425.531914893617
0,1,0,0,0,0,0,0,0,0,0,0,1,0,0,0,0,0,0,1,0,0,0,2,78.12,0,2023,1,0,0,10,10,0,0,0,1700.0
0,1,0,0,0,0,0,0,0,0,0,1,0,0,0,0,0,0,1,0,0,0,0,1,53.0,0,2023,1,0,0,6,9,0,1,0,1301.8867924528302
0,1,0,0,0,0,0,0,0,0,0,0,1,0,0,0,0,0,0,0,1,0,0,1,59.0,0,2025,0,1,0,11,14,0,0,0,1406.7796610169491
0,1,0,0,0,0,0,0,0,0,0,1,0,0,0,0,0,0,0,1,0,0,0,3,104.0,0,2024,0,1,0,9,12,1,0,0,1076.923076923077
0,1,0,0,0,0,0,0,0,0,0,0,1,0,0,0,0,0,0,1,0,0,0,1,61.0,0,2023,0,1,0,4,9,1,0,0,1459.016393442623
0,0,0,0,0,0,1,0,0,0,0,0,1,0,0,0,0,0,1,0,0,0,0,2,50.0,1,1987,0,0,1,1,5,0,1,1,1740.0
0,0,1,0,0,0,0,0,0,0,0,0,0,0,0,0,0,0,0,0,0,0,0,2,56.0,0,1988,0,0,1,7,9,0,0,0,1571.4285714285713
0,1,0,0,0,0,0,0,0,0,0,0,1,0,0,0,0,0,1,0,0,0,0,3,107.0,0,2021,0,1,0,9,13,1,1,1,1962.6168224299065
0,0,0,0,0,0,0,0,1,0,0,0,0,0,0,0,0,0,0,0,0,0,0,1,34.0,0,1989,0,0,1,8,9,0,0,0,1676.4705882352941
0,1,0,0,0,0,0,0,0,0,0,0,1,0,0,0,0,0,1,0,0,0,0,3,109.0,0,2020,0,1,0,9,12,0,0,0,1642.2018348623853
0,1,0,0,0,0,0,0,0,0,0,0,1,0,0,0,0,0,1,0,0,0,0,3,117.0,0,2017,0,1,0,7,9,0,0,0,1414.5299145299145
0,1,0,0,0,0,0,0,0,0,0,1,0,0,0,0,0,0,0,1,0,0,0,4,137.0,0,2022,0,1,0,8,14,0,0,1,1255.4744525547446
0,0,1,0,0,0,0,0,0,0,0,0,0,0,0,0,0,0,0,0,1,0,0,3,100.0,1,2022,0,0,1,2,14,1,0,0,1200.0
0,1,0,0,0,0,0,0,0,0,0,1,0,0,0,0,0,0,1,0,0,0,0,2,81.0,0,2024,1,0,0,1,14,0,0,0,1481.4814814814815
0,0,0,0,0,0,1,0,0,0,0,0,1,0,0,0,0,0,0,0,1,0,0,4,102.0,0,1987,0,0,1,2,9,1,1,0,1127.450980392157
0,1,0,0,0,0,0,0,0,0,0,1,0,0,0,0,0,0,0,1,0,0,0,2,69.0,0,2025,0,1,0,4,12,1,0,0,1000.0
0,1,0,0,0,0,0,0,0,0,0,0,1,0,0,0,0,0,0,1,0,0,0,1,45.0,0,2025,0,1,0,11,12,1,0,0,1033.3333333333333
1,0,0,0,0,0,0,0,0,0,0,0,0,0,1,0,0,0,0,0,1,0,0,2,50.0,1,1970,1,0,0,2,5,0,0,0,1100.0
0,1,0,0,0,0,0,0,0,0,0,0,1,0,0,0,0,0,0,1,0,0,0,2,54.0,0,2025,0,1,0,6,24,1,0,0,1190.0
0,1,0,0,0,0,0,0,0,0,0,0,1,0,0,0,0,0,0,1,0,0,0,1,47.76,0,2023,0,1,0,14,15,1,0,0,1486.5996649916249
1,0,0,0,0,0,0,0,0,0,0,0,1,0,0,0,0,0,0,1,0,0,0,1,49.0,1,2025,1,0,0,5,14,0,0,0,1700.0
0,1,0,0,0,0,0,0,0,0,0,0,1,0,0,0,0,0,0,1,0,0,0,2,82.0,0,2021,0,1,0,8,11,0,1,0,1195.121951219512
0,1,0,0,0,0,0,0,0,0,0,1,0,0,0,0,0,0,1,0,0,0,0,1,47.0,0,2024,0,1,0,9,12,0,0,0,1340.4255319148936
1,0,0,0,0,0,0,0,0,0,0,0,1,0,0,0,0,0,0,0,0,1,0,3,65.2,0,2019,1,0,0,5,5,0,0,0,1334.355828220859
0,1,0,0,0,0,0,0,0,0,0,0,1,0,0,0,0,0,0,0,1,0,0,3,117.0,0,2023,1,0,0,8,9,0,0,0,1170.940170940171
0,1,0,0,0,0,0,0,0,0,0,1,0,0,0,0,0,0,0,1,0,0,0,2,63.0,0,2024,0,1,0,3,10,1,0,0,960.3174603174604
0,1,0,0,0,0,0,0,0,0,0,0,0,0,0,0,0,0,0,1,0,0,0,2,73.0,0,2024,1,0,0,9,12,1,0,0,904.1095890410959
0,0,0,0,1,0,0,0,0,0,0,0,1,0,0,0,0,0,0,0,1,0,0,2,43.0,1,1975,0,0,1,3,5,0,0,1,1627.906976744186
0,0,0,0,1,0,0,0,0,0,0,0,1,0,0,0,0,0,0,0,1,0,0,2,44.0,0,1975,0,0,1,3,4,0,0,0,1534.090909090909
0,0,0,1,0,0,0,0,0,0,0,0,0,0,0,0,0,0,1,0,0,0,0,2,44.0,0,1967,1,0,0,3,4,0,0,0,1613.6363636363637
0,1,0,0,0,0,0,0,0,0,0,1,0,0,0,0,0,0,0,0,1,0,0,1,40.0,0,2024,0,1,0,9,9,0,1,0,1375.0
0,1,0,0,0,0,0,0,0,0,0,0,0,0,0,0,0,0,1,0,0,0,0,2,76.0,0,2024,0,1,0,6,16,0,0,0,1578.9473684210527
0,1,0,0,0,0,0,0,0,0,0,1,0,0,0,0,0,0,0,1,0,0,0,2,65.0,0,2022,0,1,0,3,13,1,0,0,1469.2307692307693
0,1,0,0,0,0,0,0,0,0,0,0,0,1,0,0,0,0,1,0,0,0,0,2,65.5,0,2022,0,1,0,7,16,0,1,0,1519.0839694656488
0,0,0,0,0,0,0,1,0,0,0,0,1,0,0,0,0,0,1,0,0,0,0,4,205.0,0,2019,0,1,0,8,9,1,1,1,1585.3658536585365
0,0,1,0,0,0,0,0,0,0,0,0,0,0,0,0,0,0,1,0,0,0,0,2,60.0,0,2019,0,0,1,9,9,0,0,0,1300.0
0,0,0,0,1,0,0,0,0,0,0,0,1,0,0,0,0,0,0,0,1,0,0,3,58.0,0,1975,0,0,1,1,4,0,0,0,1474.1379310344828
0,1,0,0,0,0,0,0,0,0,0,0,1,0,0,0,0,0,1,0,0,0,0,3,96.0,0,2017,0,1,0,9,10,0,0,0,1614.5833333333333
0,1,0,0,0,0,0,0,0,0,0,0,1,0,0,0,0,0,0,0,1,0,0,3,95.0,0,2015,0,1,0,8,10,0,1,1,1705.2631578947369
0,0,0,1,0,0,0,0,0,0,0,0,1,0,0,0,0,0,0,0,1,0,0,2,46.0,0,1965,1,0,0,2,4,0,1,1,1386.9565217391305
0,0,0,0,0,1,0,0,0,0,0,0,0,1,0,0,0,0,1,0,0,0,0,1,27.0,1,2023,0,1,0,4,10,1,1,1,1759.2592592592594
1,0,0,0,0,0,0,0,0,0,0,0,0,0,0,0,0,0,0,0,0,0,0,3,96.0,0,2022,0,1,0,6,10,0,0,0,2000.0
0,1,0,0,0,0,0,0,0,0,0,0,1,0,0,0,0,0,1,0,0,0,0,3,109.5,1,2021,1,0,0,9,10,0,1,1,958.9041095890411
0,1,0,0,0,0,0,0,0,0,0,0,0,0,0,0,0,0,0,1,0,0,0,1,47.0,0,2023,1,0,0,7,10,0,0,0,1234.0425531914893
0,1,0,0,0,0,0,0,0,0,0,1,0,0,0,0,0,0,0,1,0,0,0,3,93.3,0,2024,0,1,0,14,16,0,0,0,1141.4790996784566
1,0,0,0,0,0,0,0,0,0,0,0,0,0,0,0,0,0,0,0,0,0,0,2,68.0,0,2018,1,0,0,10,13,0,0,0,1507.3529411764705
0,0,0,0,1,0,0,0,0,0,0,0,1,0,0,0,0,0,1,0,0,0,0,2,43.0,0,1975,0,0,1,2,4,0,1,1,1860.4651162790697
0,1,0,0,0,0,0,0,0,0,0,1,0,0,0,0,0,0,0,1,0,0,0,1,62.0,1,2025,0,1,0,7,16,0,0,0,1290.3225806451612
0,1,0,0,0,0,0,0,0,0,0,0,1,0,0,0,0,0,0,0,1,0,0,2,64.0,0,2017,1,0,0,9,10,0,0,1,1484.375
0,1,0,0,0,0,0,0,0,0,0,0,1,0,0,0,0,0,1,0,0,0,0,3,137.0,0,2023,0,1,0,12,13,0,1,1,1817.5182481751824
0,1,0,0,0,0,0,0,0,0,0,0,0,0,0,0,0,0,0,1,0,0,0,2,58.46,0,2023,1,0,0,7,10,0,0,0,1052.0013684570647
0,1,0,0,0,0,0,0,0,0,0,0,1,0,0,0,0,0,1,0,0,0,0,1,45.0,0,2021,0,1,0,10,10,0,0,0,1966.6666666666667
0,1,0,0,0,0,0,0,0,0,0,0,0,0,0,0,0,0,1,0,0,0,0,1,27.0,0,2023,0,1,0,3,9,1,1,0,1759.2592592592594
0,1,0,0,0,0,0,0,0,0,0,0,0,1,0,0,0,0,1,0,0,0,0,2,78.0,0,2023,0,0,1,4,9,0,0,0,1211.5384615384614
0,1,0,0,0,0,0,0,0,0,0,0,1,0,0,0,0,0,0,1,0,0,0,1,51.0,1,2025,0,1,0,6,15,0,0,0,1068.6274509803923
0,1,0,0,0,0,0,0,0,0,0,0,0,0,0,0,0,0,0,1,0,0,0,3,89.0,0,2023,1,0,0,9,10,0,0,0,786.5168539325842
1,0,0,0,0,0,0,0,0,0,0,0,0,0,0,0,0,0,0,0,0,0,0,2,45.6,0,1975,1,0,0,3,5,0,0,0,1666.6666666666665
1,0,0,0,0,0,0,0,0,0,0,0,1,0,0,0,0,0,0,0,1,0,0,3,62.0,0,2019,1,0,0,4,5,0,1,1,1611.2903225806451
0,1,0,0,0,0,0,0,0,0,0,1,0,0,0,0,0,0,0,1,0,0,0,3,75.78,0,2026,0,1,0,17,17,0,0,0,1148.0601741884402
0,1,0,0,0,0,0,0,0,0,0,1,0,0,0,0,0,0,0,1,0,0,0,3,120.0,0,2024,0,1,0,6,15,1,0,0,1800.0
0,1,0,0,0,0,0,0,0,0,0,0,0,0,1,0,0,0,0,0,1,0,0,3,140.0,0,2018,0,1,0,12,12,0,0,0,1785.7142857142858
0,1,0,0,0,0,0,0,0,0,0,1,0,0,0,0,0,0,0,1,0,0,0,3,100.0,0,2022,0,1,0,2,14,0,0,0,1120.0
0,1,0,0,0,0,0,0,0,0,0,0,1,0,0,0,0,0,0,1,0,0,0,3,93.0,0,2023,0,1,0,16,16,0,0,0,1139.784946236559
0,1,0,0,0,0,0,0,0,0,0,0,1,0,0,0,0,0,1,0,0,0,0,1,46.0,0,2020,0,1,0,7,12,0,0,0,2021.7391304347825
0,1,0,0,0,0,0,0,0,0,0,1,0,0,0,0,0,0,0,1,0,0,0,1,49.0,0,2023,0,1,0,5,12,1,0,0,1295.9183673469388
0,1,0,0,0,0,0,0,0,0,0,0,1,0,0,0,0,0,1,0,0,0,0,1,46.0,1,2016,0,1,0,11,13,1,1,1,1554.3478260869565
0,0,0,0,0,0,0,0,1,0,0,0,1,0,0,0,0,0,0,0,0,0,1,1,16.0,1,1980,0,1,0,9,9,0,0,0,1437.5
0,1,0,0,0,0,0,0,0,0,0,0,1,0,0,0,0,0,0,1,0,0,0,3,108.13,0,2022,0,1,0,6,12,0,1,1,1299.3618792194582
0,1,0,0,0,0,0,0,0,0,0,0,1,0,0,0,0,0,1,0,0,0,0,4,175.0,0,2015,0,1,0,2,12,0,0,0,1514.2857142857142
0,1,0,0,0,0,0,0,0,0,0,0,1,0,0,0,0,0,0,1,0,0,0,2,77.0,0,2025,0,1,0,12,15,0,0,0,1136.3636363636363
0,1,0,0,0,0,0,0,0,0,0,0,1,0,0,0,0,0,1,0,0,0,0,6,239.0,0,2019,0,1,0,12,13,0,0,0,2029.2887029288702
0,1,0,0,0,0,0,0,0,0,0,0,1,0,0,0,0,0,1,0,0,0,0,1,55.0,0,2024,1,0,0,4,14,0,0,0,1781.8181818181818
0,1,0,0,0,0,0,0,0,0,0,0,1,0,0,0,0,0,1,0,0,0,0,3,112.0,0,2019,0,1,0,3,12,0,1,0,1900.0
0,1,0,0,0,0,0,0,0,0,0,0,0,1,0,0,0,0,0,1,0,0,0,4,120.0,0,2023,0,1,0,14,14,0,0,0,975.0
0,0,0,0,0,1,0,0,0,0,0,0,0,1,0,0,0,0,0,1,0,0,0,1,39.0,0,2025,0,0,1,4,10,0,0,0,1153.8461538461538
0,1,0,0,0,0,0,0,0,0,0,1,0,0,0,0,0,0,1,0,0,0,0,3,87.0,0,2023,0,1,0,13,14,0,0,0,1436.7816091954023
1,0,0,0,0,0,0,0,0,0,0,0,0,0,0,0,0,0,0,0,0,0,0,4,120.0,0,2019,1,0,0,9,10,0,0,0,2066.6666666666665
1,0,0,0,0,0,0,0,0,0,0,0,1,0,0,0,0,0,0,0,1,0,0,2,68.0,0,2004,0,0,1,4,5,1,1,1,1102.9411764705883
0,1,0,0,0,0,0,0,0,0,0,1,0,0,0,0,0,0,1,0,0,0,0,2,68.0,1,2016,0,1,0,7,10,0,0,0,1294.1176470588234
0,1,0,0,0,0,0,0,0,0,0,1,0,0,0,0,0,0,1,0,0,0,0,1,53.0,0,2025,0,1,0,4,10,1,1,0,1641.5094339622642
0,1,0,0,0,0,0,0,0,0,0,0,1,0,0,0,0,0,0,1,0,0,0,2,63.0,0,2022,0,1,0,10,16,1,0,0,1349.2063492063492
1,0,0,0,0,0,0,0,0,0,0,0,0,0,0,0,0,0,0,0,0,0,0,2,75.0,0,2018,1,0,0,6,10,0,0,0,1400.0
0,1,0,0,0,0,0,0,0,0,0,0,1,0,0,0,0,0,1,0,0,0,0,4,113.0,1,2019,0,1,0,4,12,1,1,1,1964.6017699115043
0,1,0,0,0,0,0,0,0,0,0,1,0,0,0,0,0,0,1,0,0,0,0,1,39.0,0,2023,0,1,0,4,10,0,0,0,1820.5128205128206
0,0,0,0,1,0,0,0,0,0,0,0,1,0,0,0,0,0,0,0,1,0,0,2,43.0,0,1975,0,0,1,4,5,0,0,0,1732.5581395348838
0,0,0,0,1,0,0,0,0,0,0,0,0,0,0,0,0,0,0,0,0,0,0,3,61.0,0,1980,1,0,0,4,4,0,0,0,1557.377049180328
0,1,0,0,0,0,0,0,0,0,0,1,0,0,0,0,0,0,0,1,0,0,0,2,86.0,0,2024,0,1,0,16,18,0,0,0,1627.906976744186
0,0,1,0,0,0,0,0,0,0,0,0,1,0,0,0,0,0,1,0,0,0,0,2,60.0,0,2019,0,0,1,6,9,0,1,1,1416.6666666666667
1,0,0,0,0,0,0,0,0,0,0,0,1,0,0,0,0,0,0,0,0,1,0,3,68.0,1,1989,1,0,0,4,5,0,0,0,1198.5294117647059
0,0,0,1,0,0,0,0,0,0,0,0,1,0,0,0,0,0,1,0,0,0,0,2,45.0,0,1967,1,0,0,1,4,0,1,1,1677.7777777777778
0,0,0,0,0,0,1,0,0,0,0,0,1,0,0,0,0,0,0,0,1,0,0,1,33.5,0,1987,0,0,1,1,9,0,0,0,1835.8208955223881
0,1,0,0,0,0,0,0,0,0,0,1,0,0,0,0,0,0,0,1,0,0,0,1,39.0,0,2022,0,1,0,3,14,0,0,1,1358.974358974359
0,1,0,0,0,0,0,0,0,0,0,0,0,1,0,0,0,0,0,1,0,0,0,4,179.0,0,2016,0,1,0,13,15,0,0,0,1731.8435754189943
1,0,0,0,0,0,0,0,0,0,0,0,1,0,0,0,0,0,1,0,0,0,0,3,93.0,1,2023,1,0,0,4,5,0,1,0,1720.4301075268818
0,1,0,0,0,0,0,0,0,0,0,1,0,0,0,0,0,0,0,0,1,0,0,1,36.0,1,2023,1,0,0,8,9,1,1,1,1527.7777777777778
0,1,0,0,0,0,0,0,0,0,0,0,1,0,0,0,0,0,1,0,0,0,0,2,63.0,0,2017,0,1,0,4,12,1,1,0,1936.5079365079366
0,1,0,0,0,0,0,0,0,0,0,0,0,1,0,0,0,0,1,0,0,0,0,1,39.0,0,2020,0,1,0,7,7,0,0,0,1448.7179487179487
0,1,0,0,0,0,0,0,0,0,0,0,0,1,0,0,0,0,0,1,0,0,0,2,49.0,0,2025,0,1,0,5,10,0,0,0,1020.4081632653061
1,0,0,0,0,0,0,0,0,0,0,0,0,0,0,0,0,0,0,0,0,0,0,3,113.0,0,2023,1,0,0,11,12,0,0,0,836.2831858407079
0,1,0,0,0,0,0,0,0,0,0,0,1,0,0,0,0,0,0,1,0,0,0,1,61.0,1,2023,0,1,0,7,16,0,0,0,1070.0
0,0,1,0,0,0,0,0,0,0,0,0,1,0,0,0,0,0,0,0,1,0,0,2,54.0,0,1992,0,0,1,6,9,0,0,0,1398.148148148148
0,0,0,0,0,0,1,0,0,0,0,0,1,0,0,0,0,0,0,0,1,0,0,1,35.0,0,1987,0,0,1,4,9,0,0,0,1742.857142857143
1,0,0,0,0,0,0,0,0,0,0,0,0,0,0,0,0,0,0,0,0,0,0,3,103.64,0,2021,0,1,0,10,16,0,0,0,2296.4106522578154
0,1,0,0,0,0,0,0,0,0,0,1,0,0,0,0,0,0,1,0,0,0,0,2,73.0,0,2024,1,0,0,9,10,1,0,0,1712.3287671232877
0,1,0,0,0,0,0,0,0,0,0,0,0,1,0,0,0,0,0,1,0,0,0,1,49.0,0,2023,0,1,0,12,14,0,0,0,1057.142857142857
1,0,0,0,0,0,0,0,0,0,0,0,0,0,0,0,0,0,0,0,0,0,0,4,120.0,0,2019,1,0,0,8,10,0,0,0,1745.8333333333333
0,1,0,0,0,0,0,0,0,0,0,0,0,0,0,0,0,0,1,0,0,0,0,2,62.0,0,2023,1,0,0,2,6,0,0,0,1451.6129032258063
0,0,0,0,1,0,0,0,0,0,0,0,1,0,0,0,0,0,0,0,0,1,0,2,44.0,1,1975,0,0,1,3,4,0,1,0,1772.7272727272727
0,1,0,0,0,0,0,0,0,0,0,0,0,1,0,0,0,0,0,0,0,0,1,2,73.0,0,2023,0,1,0,13,14,0,0,0,924.6575342465753
0,1,0,0,0,0,0,0,0,0,0,1,0,0,0,0,0,0,0,1,0,0,0,2,63.0,0,2020,0,1,0,7,8,0,0,0,1350.0
0,1,0,0,0,0,0,0,0,0,0,0,1,0,0,0,0,0,1,0,0,0,0,1,44.0,0,2023,0,1,0,4,13,0,0,0,1670.4545454545455
0,1,0,0,0,0,0,0,0,0,0,1,0,0,0,0,0,0,0,1,0,0,0,2,61.0,0,2025,0,1,0,7,14,0,0,0,1254.0983606557377
0,1,0,0,0,0,0,0,0,0,0,0,1,0,0,0,0,0,0,0,0,0,1,2,67.0,1,2025,1,0,0,2,17,1,0,0,1253.7313432835822
0,0,0,1,0,0,0,0,0,0,0,0,1,0,0,0,0,0,0,0,1,0,0,2,41.0,0,1967,1,0,0,1,4,0,0,0,1512.1951219512196
0,0,0,0,1,0,0,0,0,0,0,0,1,0,0,0,0,0,0,0,1,0,0,3,58.0,0,1975,0,0,1,2,4,0,0,0,1508.6206896551723
0,1,0,0,0,0,0,0,0,0,0,0,0,1,0,0,0,0,0,0,1,0,0,2,67.0,0,2023,0,1,0,3,10,1,0,0,1283.5820895522388
0,1,0,0,0,0,0,0,0,0,0,0,0,0,0,0,0,0,0,1,0,0,0,2,75.53,1,2025,0,1,0,7,18,0,0,0,1800.0
0,0,0,0,1,0,0,0,0,0,0,0,1,0,0,0,0,0,1,0,0,0,0,1,32.0,1,1964,0,0,1,4,4,0,1,0,2093.75
0,1,0,0,0,0,0,0,0,0,0,0,0,1,0,0,0,0,0,1,0,0,0,3,91.4,1,2024,1,0,0,8,12,0,0,1,1170.0
0,1,0,0,0,0,0,0,0,0,0,0,1,0,0,0,0,0,1,0,0,0,0,2,59.0,1,2023,1,0,0,6,10,0,0,0,1271.1864406779662
0,1,0,0,0,0,0,0,0,0,0,0,1,0,0,0,0,0,0,0,1,0,0,3,87.0,0,2023,1,0,0,11,13,0,1,1,1488.5057471264367
0,1,0,0,0,0,0,0,0,0,0,0,1,0,0,0,0,0,0,0,0,0,1,2,57.0,1,2025,0,1,0,11,14,0,0,0,1087.719298245614
0,1,0,0,0,0,0,0,0,0,0,0,0,0,0,0,0,0,0,1,0,0,0,1,36.0,0,2023,0,1,0,8,10,0,0,0,1277.7777777777778
0,1,0,0,0,0,0,0,0,0,0,1,0,0,0,0,0,0,1,0,0,0,0,2,62.0,0,2023,0,1,0,11,14,1,0,0,1435.483870967742
0,1,0,0,0,0,0,0,0,0,0,1,0,0,0,0,0,0,0,0,0,0,1,3,92.0,0,2022,1,0,0,7,14,0,0,0,1125.0
0,1,0,0,0,0,0,0,0,0,0,0,1,0,0,0,0,0,0,1,0,0,0,1,45.0,1,2023,0,1,0,12,14,0,0,0,1222.2222222222222
0,0,1,0,0,0,0,0,0,0,0,0,0,0,0,0,0,0,0,0,0,0,0,3,68.0,0,1970,0,0,1,5,9,0,0,0,1764.7058823529412
0,1,0,0,0,0,0,0,0,0,0,1,0,0,0,0,0,0,1,0,0,0,0,2,77.0,0,2024,1,0,0,11,12,0,0,0,1746.7532467532467
0,1,0,0,0,0,0,0,0,0,0,0,0,0,0,0,0,0,0,1,0,0,0,4,154.0,0,2021,0,1,0,8,14,0,0,1,1103.8961038961038
0,1,0,0,0,0,0,0,0,0,0,1,0,0,0,0,0,0,0,1,0,0,0,4,150.0,0,2025,1,0,0,7,12,0,0,0,1300.0
0,1,0,0,0,0,0,0,0,0,0,1,0,0,0,0,0,0,0,1,0,0,0,2,75.0,0,2025,0,1,0,6,10,0,0,0,1760.0
0,1,0,0,0,0,0,0,0,0,0,0,1,0,0,0,0,0,1,0,0,0,0,2,62.3,0,2023,0,1,0,6,12,0,0,0,1573.0337078651687
0,1,0,0,0,0,0,0,0,0,0,0,0,1,0,0,0,0,0,1,0,0,0,2,55.0,0,2023,0,1,0,5,5,1,0,0,1045.4545454545455
0,1,0,0,0,0,0,0,0,0,0,1,0,0,0,0,0,0,0,1,0,0,0,2,74.0,0,2026,1,0,0,16,17,0,0,0,1120.0
0,0,0,1,0,0,0,0,0,0,0,0,1,0,0,0,0,0,0,0,0,1,0,1,29.0,0,1960,1,0,0,1,4,0,1,0,1775.8620689655172
1,0,0,0,0,0,0,0,0,0,0,0,1,0,0,0,0,0,0,0,0,1,0,1,37.5,0,2019,1,0,0,3,7,0,0,0,1920.0
0,1,0,0,0,0,0,0,0,0,0,1,0,0,0,0,0,0,0,0,1,0,0,1,40.0,0,2014,0,1,0,6,18,0,0,0,1625.0
0,1,0,0,0,0,0,0,0,0,0,1,0,0,0,0,0,0,0,1,0,0,0,3,80.0,0,2024,1,0,0,1,5,0,0,0,1300.0
0,1,0,0,0,0,0,0,0,0,0,1,0,0,0,0,0,0,1,0,0,0,0,3,80.0,0,2022,0,1,0,11,14,0,0,0,2162.5
0,0,1,0,0,0,0,0,0,0,0,0,1,0,0,0,0,0,0,0,1,0,0,1,38.0,0,1989,0,0,1,8,9,0,0,0,2026.3157894736842
0,1,0,0,0,0,0,0,0,0,0,1,0,0,0,0,0,0,0,1,0,0,0,4,130.0,0,2019,0,1,0,8,10,0,1,1,1250.0
0,1,0,0,0,0,0,0,0,0,0,1,0,0,0,0,0,0,0,1,0,0,0,3,108.0,0,2023,0,1,0,10,13,0,1,0,1314.8148148148148
0,1,0,0,0,0,0,0,0,0,0,1,0,0,0,0,0,0,0,1,0,0,0,3,104.0,0,2024,0,1,0,4,12,0,0,0,1259.6153846153845
0,1,0,0,0,0,0,0,0,0,0,0,1,0,0,0,0,0,0,1,0,0,0,2,72.0,0,2025,0,1,0,9,12,0,0,0,1131.9444444444443
0,0,1,0,0,0,0,0,0,0,0,0,1,0,0,0,0,0,0,0,1,0,0,3,71.9,0,1992,0,0,1,8,9,0,0,0,1376.9123783031987
0,1,0,0,0,0,0,0,0,0,0,1,0,0,0,0,0,0,0,1,0,0,0,1,53.0,0,2024,0,1,0,7,12,1,0,0,1271.698113207547
0,1,0,0,0,0,0,0,0,0,0,0,1,0,0,0,0,0,0,1,0,0,0,3,101.0,0,2024,0,1,0,12,12,1,0,0,866.3366336633663
0,1,0,0,0,0,0,0,0,0,0,0,1,0,0,0,0,0,1,0,0,0,0,2,50.0,0,2015,0,1,0,9,10,0,1,1,1960.0
0,0,1,0,0,0,0,0,0,0,0,0,0,0,0,0,0,0,0,0,0,1,0,3,68.0,0,1992,0,0,1,2,9,0,0,0,1764.7058823529412
0,1,0,0,0,0,0,0,0,0,0,0,0,0,0,0,0,0,1,0,0,0,0,1,38.0,0,2023,1,0,0,6,9,0,1,1,1486.842105263158
0,1,0,0,0,0,0,0,0,0,0,0,1,0,0,0,0,0,1,0,0,0,0,2,63.0,1,2023,1,0,0,2,13,0,1,1,2023.8095238095239
0,0,0,0,1,0,0,0,0,0,0,0,1,0,0,0,0,0,0,0,1,0,0,3,58.0,0,1975,0,0,1,3,4,0,1,0,1543.103448275862
1,0,0,0,0,0,0,0,0,0,0,0,0,0,0,0,0,0,0,0,0,0,0,3,102.0,0,2022,0,1,0,11,14,0,0,0,1828.4313725490197
0,1,0,0,0,0,0,0,0,0,0,0,1,0,0,0,0,0,1,0,0,0,0,5,650.0,0,2013,1,0,0,6,7,0,0,0,1153.8461538461538
0,1,0,0,0,0,0,0,0,0,0,0,0,0,0,0,0,0,0,1,0,0,0,1,50.0,1,2025,0,1,0,4,15,0,0,0,1040.0
0,1,0,0,0,0,0,0,0,0,0,1,0,0,0,0,0,0,0,1,0,0,0,2,46.0,0,2025,0,1,0,14,14,1,0,0,1445.6521739130435
0,1,0,0,0,0,0,0,0,0,0,1,0,0,0,0,0,0,1,0,0,0,0,2,70.0,0,2023,0,1,0,10,13,1,0,0,1671.4285714285713
0,0,1,0,0,0,0,0,0,0,0,1,0,0,0,0,0,0,1,0,0,0,0,3,80.0,0,2019,0,0,1,2,9,0,0,0,1187.5
0,1,0,0,0,0,0,0,0,0,0,0,1,0,0,0,0,0,0,1,0,0,0,2,71.0,0,2023,0,1,0,7,10,0,0,0,1049.2957746478874
0,1,0,0,0,0,0,0,0,0,0,1,0,0,0,0,0,0,0,1,0,0,0,1,38.0,0,2022,0,1,0,5,12,1,0,0,1500.0
0,1,0,0,0,0,0,0,0,0,0,1,0,0,0,0,0,0,0,1,0,0,0,3,108.0,1,2024,0,1,0,5,14,0,0,0,1350.0
0,1,0,0,0,0,0,0,0,0,0,0,0,0,1,0,0,0,1,0,0,0,0,3,100.0,0,2023,0,1,0,7,9,1,1,1,1860.0
1,0,0,0,0,0,0,0,0,0,0,0,0,0,0,0,0,0,0,0,0,0,0,3,96.0,0,2020,1,0,0,9,10,0,0,0,1614.5833333333333
0,1,0,0,0,0,0,0,0,0,0,0,0,0,0,0,0,0,0,1,0,0,0,3,101.0,0,2022,0,1,0,5,10,0,0,0,1650.0
0,1,0,0,0,0,0,0,0,0,0,1,0,0,0,0,0,0,0,1,0,0,0,3,109.0,0,2024,0,1,0,4,12,0,0,0,1149.5412844036698
0,1,0,0,0,0,0,0,0,0,0,0,1,0,0,0,0,0,0,1,0,0,0,3,98.0,0,2025,0,1,0,5,16,0,0,0,1326.530612244898
0,1,0,0,0,0,0,0,0,0,0,1,0,0,0,0,0,0,0,1,0,0,0,2,70.0,0,2023,1,0,0,7,14,0,0,0,1057.142857142857
0,1,0,0,0,0,0,0,0,0,0,0,0,0,0,0,0,0,0,1,0,0,0,1,50.0,0,2026,0,1,0,9,11,0,0,0,840.0
0,1,0,0,0,0,0,0,0,0,0,0,1,0,0,0,0,0,0,1,0,0,0,1,44.0,0,2026,0,1,0,11,15,0,0,1,1295.4545454545455
0,1,0,0,0,0,0,0,0,0,0,0,1,0,0,0,0,0,0,1,0,0,0,2,63.2,0,2025,0,1,0,4,10,1,0,0,1700.0
1,0,0,0,0,0,0,0,0,0,0,1,0,0,0,0,0,0,1,0,0,0,0,2,70.0,0,2022,1,0,0,3,14,0,0,0,1785.7142857142858
0,1,0,0,0,0,0,0,0,0,0,1,0,0,0,0,0,0,0,1,0,0,0,5,245.0,0,2023,0,1,0,1,4,0,0,0,2500.0
0,1,0,0,0,0,0,0,0,0,0,0,0,0,0,0,0,0,1,0,0,0,0,2,49.0,0,2023,0,1,0,4,13,1,1,0,1530.6122448979593
0,1,0,0,0,0,0,0,0,0,0,0,1,0,0,0,0,0,1,0,0,0,0,1,46.0,0,2023,0,1,0,10,12,1,1,1,1652.1739130434783
0,1,0,0,0,0,0,0,0,0,0,0,0,1,0,0,0,0,0,1,0,0,0,3,125.0,0,2023,1,0,0,4,5,1,0,1,1700.0
0,1,0,0,0,0,0,0,0,0,0,1,0,0,0,0,0,0,0,1,0,0,0,1,38.0,0,2023,0,1,0,11,14,0,0,0,1105.2631578947369
1,0,0,0,0,0,0,0,0,0,0,0,0,0,0,0,0,0,0,0,0,0,0,5,137.0,0,2018,1,0,0,5,6,0,0,0,1605.8394160583941
0,1,0,0,0,0,0,0,0,0,0,0,1,0,0,0,0,0,1,0,0,0,0,4,118.0,0,2018,0,1,0,9,14,0,1,1,1805.084745762712
0,1,0,0,0,0,0,0,0,0,0,0,1,0,0,0,0,0,1,0,0,0,0,4,158.0,0,2017,0,1,0,10,10,0,1,0,1455.6962025316457
0,1,0,0,0,0,0,0,0,0,0,0,1,0,0,0,0,0,1,0,0,0,0,3,109.0,0,2020,0,1,0,9,12,0,0,0,1688.073394495413
0,1,0,0,0,0,0,0,0,0,0,0,1,0,0,0,0,0,0,1,0,0,0,2,60.0,0,2024,0,1,0,12,14,0,0,0,1113.2
0,1,0,0,0,0,0,0,0,0,0,0,0,1,0,0,0,0,1,0,0,0,0,2,47.0,0,2024,1,0,0,7,9,1,0,0,1595.7446808510638
0,0,0,1,0,0,0,0,0,0,0,0,1,0,0,0,0,0,0,0,1,0,0,2,43.0,0,1970,1,0,0,1,3,0,1,0,1523.2558139534883
0,1,0,0,0,0,0,0,0,0,0,0,1,0,0,0,0,0,1,0,0,0,0,4,102.0,0,2017,0,1,0,7,13,0,1,1,2745.098039215686
1,0,0,0,0,0,0,0,0,0,0,0,1,0,0,0,0,0,0,0,1,0,0,3,75.0,1,1983,0,0,1,8,9,0,0,0,1466.6666666666667
0,1,0,0,0,0,0,0,0,0,0,0,1,0,0,0,0,0,0,1,0,0,0,2,95.0,0,2022,0,1,0,5,13,0,0,0,1900.0
0,0,0,1,0,0,0,0,0,0,0,0,1,0,0,0,0,0,1,0,0,0,0,2,43.0,1,1979,1,0,0,1,3,0,0,1,1476.7441860465117
1,0,0,0,0,0,0,0,0,0,0,0,0,0,0,0,0,0,0,0,0,1,0,2,48.0,1,2019,1,0,0,4,5,0,1,1,1391.6666666666667
0,1,0,0,0,0,0,0,0,0,0,1,0,0,0,0,0,0,1,0,0,0,0,4,131.0,0,2022,0,1,0,6,14,0,0,0,2251.908396946565
0,1,0,0,0,0,0,0,0,0,0,1,0,0,0,0,0,0,1,0,0,0,0,3,52.0,0,2022,1,0,0,7,12,0,1,1,2211.5384615384614
0,0,0,0,0,0,1,0,0,0,0,0,1,0,0,0,0,0,1,0,0,0,0,1,34.0,0,1990,0,0,1,1,9,0,1,1,1644.1176470588234
1,0,0,0,0,0,0,0,0,0,0,0,1,0,0,0,0,0,0,0,1,0,0,2,46.0,0,1986,0,1,0,8,16,0,0,0,1597.8260869565217
0,1,0,0,0,0,0,0,0,0,0,0,0,1,0,0,0,0,1,0,0,0,0,1,32.0,0,2023,1,0,0,1,2,1,1,0,1937.5
1,0,0,0,0,0,0,0,0,0,0,0,0,0,1,0,0,0,1,0,0,0,0,2,35.0,0,2019,1,0,0,1,3,0,1,0,1314.2857142857142
0,0,0,0,1,0,0,0,0,0,0,0,1,0,0,0,0,0,1,0,0,0,0,2,43.0,0,1975,0,0,1,4,4,0,1,1,1732.5581395348838
0,1,0,0,0,0,0,0,0,0,0,0,1,0,0,0,0,0,1,0,0,0,0,1,49.0,0,2017,0,0,1,2,14,0,1,1,1418.3673469387754
0,1,0,0,0,0,0,0,0,0,0,1,0,0,0,0,0,0,1,0,0,0,0,2,77.0,0,2022,1,0,0,10,14,0,0,0,1688.3116883116884
0,1,0,0,0,0,0,0,0,0,0,1,0,0,0,0,0,0,0,1,0,0,0,3,99.0,0,2025,0,1,0,4,20,0,0,0,1250.0
0,1,0,0,0,0,0,0,0,0,0,0,1,0,0,0,0,0,1,0,0,0,0,2,63.0,0,2015,1,0,0,1,10,0,0,0,1412.6984126984128
0,0,0,0,0,0,1,0,0,0,0,0,1,0,0,0,0,0,0,0,0,1,0,2,48.0,0,1987,0,0,1,4,5,0,1,1,1718.75
0,1,0,0,0,0,0,0,0,0,0,1,0,0,0,0,0,0,1,0,0,0,0,3,141.5,0,2021,0,1,0,10,12,0,1,1,1653.7102473498232
0,1,0,0,0,0,0,0,0,0,0,1,0,0,0,0,0,0,0,1,0,0,0,1,48.1,0,2023,0,1,0,17,17,1,0,0,977.1309771309772
0,0,0,0,0,0,0,1,0,0,0,1,0,0,0,0,0,0,0,0,1,0,0,3,50.0,0,1980,1,0,0,1,1,0,0,1,1580.0
1,0,0,0,0,0,0,0,0,0,0,0,1,0,0,0,0,0,0,0,0,1,0,4,90.0,1,1992,1,0,0,3,6,0,1,1,1200.0
0,1,0,0,0,0,0,0,0,0,0,0,0,0,0,0,0,0,0,1,0,0,0,2,74.0,0,2023,1,0,0,1,10,0,0,0,950.0
0,1,0,0,0,0,0,0,0,0,0,1,0,0,0,0,0,0,0,1,0,0,0,3,87.0,0,2023,0,1,0,9,11,0,1,0,1344.8275862068965
0,1,0,0,0,0,0,0,0,0,0,1,0,0,0,0,0,0,0,1,0,0,0,3,62.7,0,2024,1,0,0,3,12,1,0,0,950.0
0,1,0,0,0,0,0,0,0,0,0,0,0,0,0,0,0,0,1,0,0,0,0,2,61.0,0,2021,0,1,0,4,5,0,0,0,1393.4426229508197
0,1,0,0,0,0,0,0,0,0,0,1,0,0,0,0,0,0,0,1,0,0,0,3,99.17,0,2024,0,1,0,5,10,0,0,0,1650.005041847333
1,0,0,0,0,0,0,0,0,0,0,0,1,0,0,0,0,0,0,1,0,0,0,3,157.0,1,2019,1,0,0,12,13,0,1,1,1190.0
0,1,0,0,0,0,0,0,0,0,0,0,1,0,0,0,0,0,1,0,0,0,0,2,82.0,1,2023,1,0,0,2,10,1,1,1,1439.0243902439024
0,1,0,0,0,0,0,0,0,0,0,1,0,0,0,0,0,0,0,1,0,0,0,2,80.0,0,2022,0,1,0,8,12,0,0,0,1400.0
0,1,0,0,0,0,0,0,0,0,0,1,0,0,0,0,0,0,0,1,0,0,0,2,86.0,0,2022,0,1,0,15,16,1,0,0,1200.0
0,1,0,0,0,0,0,0,0,0,0,0,1,0,0,0,0,0,1,0,0,0,0,3,87.0,0,2023,0,1,0,8,12,0,0,0,1333.3333333333333
0,1,0,0,0,0,0,0,0,0,0,0,1,0,0,0,0,0,0,1,0,0,0,3,137.0,0,2024,0,1,0,14,16,0,0,0,1150.0
0,0,0,1,0,0,0,0,0,0,0,0,1,0,0,0,0,0,0,0,1,0,0,2,43.0,0,1967,1,0,0,4,4,0,1,1,1511.6279069767443
0,1,0,0,0,0,0,0,0,0,0,0,1,0,0,0,0,0,0,1,0,0,0,4,80.7,0,2023,0,1,0,7,10,0,0,0,991.3258983890954
0,1,0,0,0,0,0,0,0,0,0,1,0,0,0,0,0,0,0,1,0,0,0,1,43.0,0,2023,0,1,0,10,14,0,0,0,1255.8139534883721
0,0,0,0,1,0,0,0,0,0,0,0,1,0,0,0,0,0,0,0,1,0,0,3,58.0,0,1970,0,0,1,5,5,0,1,0,1413.7931034482758
0,1,0,0,0,0,0,0,0,0,0,0,0,1,0,0,0,0,0,1,0,0,0,4,137.0,0,2023,0,1,0,6,16,0,0,0,1100.0
0,1,0,0,0,0,0,0,0,0,0,0,1,0,0,0,0,0,1,0,0,0,0,3,92.0,0,2021,0,1,0,9,12,0,1,0,1445.6521739130435
1,0,0,0,0,0,0,0,0,0,0,0,0,0,0,0,0,0,0,0,0,0,0,3,125.0,0,2018,0,1,0,8,9,0,0,0,1800.0
0,1,0,0,0,0,0,0,0,0,0,1,0,0,0,0,0,0,1,0,0,0,0,1,43.0,0,2023,0,1,0,12,12,0,0,0,1511.6279069767443
0,1,0,0,0,0,0,0,0,0,0,1,0,0,0,0,0,0,0,1,0,0,0,3,90.0,0,2026,1,0,0,13,15,0,0,0,1300.0
0,0,0,0,0,0,1,0,0,0,0,0,0,0,0,0,0,0,0,0,0,0,0,3,62.0,0,1990,0,0,1,2,9,0,0,0,1758.0645161290322
0,1,0,0,0,0,0,0,0,0,0,0,1,0,0,0,0,0,1,0,0,0,0,3,81.34,0,2023,0,1,0,10,14,0,0,0,1536.7592820260634
0,1,0,0,0,0,0,0,0,0,0,0,1,0,0,0,0,0,1,0,0,0,0,2,58.0,0,2021,0,1,0,9,12,1,1,0,1362.0689655172414
0,0,1,0,0,0,0,0,0,0,0,0,0,0,0,0,0,0,0,0,0,0,0,2,52.0,0,1990,0,0,1,3,9,0,0,0,1384.6153846153845
1,0,0,0,0,0,0,0,0,0,0,0,1,0,0,0,0,0,1,0,0,0,0,2,48.0,0,2005,1,0,0,3,5,0,1,0,1979.1666666666667
0,1,0,0,0,0,0,0,0,0,0,0,1,0,0,0,0,0,0,1,0,0,0,3,108.0,0,2023,1,0,0,6,12,1,0,0,1388.888888888889
0,1,0,0,0,0,0,0,0,0,0,0,1,0,0,0,0,0,0,1,0,0,0,3,92.0,0,2025,1,0,0,10,12,0,0,1,1028.2608695652175
0,1,0,0,0,0,0,0,0,0,0,0,0,0,0,0,0,0,1,0,0,0,0,5,190.0,0,2023,1,0,0,12,13,0,0,0,2210.5263157894738
0,1,0,0,0,0,0,0,0,0,0,1,0,0,0,0,0,0,1,0,0,0,0,4,120.0,0,2020,0,1,0,5,10,0,0,0,1333.3333333333333
0,0,1,0,0,0,0,0,0,0,0,0,1,0,0,0,0,0,0,0,0,1,0,3,64.0,0,1992,0,0,1,1,9,0,1,1,1367.1875
0,1,0,0,0,0,0,0,0,0,0,1,0,0,0,0,0,0,1,0,0,0,0,1,44.0,0,2023,1,0,0,5,9,0,0,0,1329.5454545454545
1,0,0,0,0,0,0,0,0,0,0,0,0,0,0,0,0,0,0,0,0,0,0,5,244.0,0,2023,0,1,0,10,11,0,0,0,1311.4754098360656
0,1,0,0,0,0,0,0,0,0,0,1,0,0,0,0,0,0,1,0,0,0,0,2,68.0,0,2023,0,1,0,6,14,0,0,0,1911.764705882353
0,0,0,0,0,0,1,0,0,0,0,0,1,0,0,0,0,0,0,0,1,0,0,3,61.0,0,1987,0,0,1,9,9,0,1,0,1352.4590163934427
0,1,0,0,0,0,0,0,0,0,0,0,1,0,0,0,0,0,0,1,0,0,0,3,77.0,0,2024,0,1,0,8,10,0,0,0,1629.8701298701299
0,1,0,0,0,0,0,0,0,0,0,0,1,0,0,0,0,0,1,0,0,0,0,2,73.0,0,2016,1,0,0,9,9,0,0,0,1863.013698630137
0,1,0,0,0,0,0,0,0,0,0,1,0,0,0,0,0,0,0,0,1,0,0,3,96.0,0,2025,0,1,0,12,17,0,0,0,937.5
0,0,0,0,1,0,0,0,0,0,0,0,1,0,0,0,0,0,1,0,0,0,0,2,44.5,0,1975,0,0,1,3,4,0,0,0,1651.685393258427
0,1,0,0,0,0,0,0,0,0,0,1,0,0,0,0,0,0,1,0,0,0,0,2,59.0,0,2023,0,1,0,7,16,0,0,0,1406.7796610169491
0,0,1,0,0,0,0,0,0,0,0,0,1,0,0,0,0,0,0,0,0,1,0,2,52.0,0,1992,0,0,1,5,9,0,0,0,1384.6153846153845
1,0,0,0,0,0,0,0,0,0,0,0,1,0,0,0,0,0,0,0,0,1,0,3,52.0,1,1960,1,0,0,1,2,0,0,0,1442.3076923076924
0,1,0,0,0,0,0,0,0,0,0,1,0,0,0,0,0,0,1,0,0,0,0,3,107.0,0,2021,0,1,0,2,13,0,0,0,1467.2897196261683
0,1,0,0,0,0,0,0,0,0,0,0,1,0,0,0,0,0,0,1,0,0,0,3,72.0,0,2024,0,1,0,12,14,0,0,0,895.8333333333334
0,1,0,0,0,0,0,0,0,0,0,1,0,0,0,0,0,0,1,0,0,0,0,1,47.0,0,2023,1,0,0,7,9,0,0,0,1340.4255319148936
0,0,0,0,1,0,0,0,0,0,0,0,1,0,0,0,0,0,0,0,1,0,0,1,36.0,0,1975,1,0,0,1,3,0,0,0,1277.7777777777778
0,1,0,0,0,0,0,0,0,0,0,0,1,0,0,0,0,0,0,1,0,0,0,2,90.0,0,2023,1,0,0,11,12,0,0,0,1346.6666666666667
0,1,0,0,0,0,0,0,0,0,0,1,0,0,0,0,0,0,0,1,0,0,0,5,181.0,0,2021,0,1,0,13,13,0,0,0,911.6022099447514
0,1,0,0,0,0,0,0,0,0,0,0,1,0,0,0,0,0,1,0,0,0,0,3,88.0,1,2022,0,1,0,1,14,1,0,0,1352.2727272727273
0,1,0,0,0,0,0,0,0,0,0,0,1,0,0,0,0,0,1,0,0,0,0,2,77.0,0,2025,0,1,0,6,14,0,0,0,1454.5454545454545
0,1,0,0,0,0,0,0,0,0,0,1,0,0,0,0,0,0,1,0,0,0,0,1,48.0,0,2023,1,0,0,3,9,0,0,0,1395.8333333333333
0,0,0,1,0,0,0,0,0,0,0,0,0,0,0,0,0,0,0,0,0,0,0,1,32.0,0,1970,1,0,0,2,4,0,0,0,1890.625
0,1,0,0,0,0,0,0,0,0,0,0,1,0,0,0,0,0,1,0,0,0,0,3,135.0,0,2017,0,1,0,13,13,0,1,0,2074.074074074074
0,1,0,0,0,0,0,0,0,0,0,0,1,0,0,0,0,0,0,1,0,0,0,1,48.0,0,2023,0,1,0,5,13,0,0,0,1135.4166666666667
0,1,0,0,0,0,0,0,0,0,0,0,0,0,0,0,0,0,0,1,0,0,0,1,53.0,0,2023,0,1,0,4,9,0,0,0,981.1320754716982
0,1,0,0,0,0,0,0,0,0,0,0,0,0,1,0,0,0,0,0,1,0,0,1,32.0,0,2023,1,0,0,4,5,0,0,0,1578.125
1,0,0,0,0,0,0,0,0,0,0,0,1,0,0,0,0,0,0,0,0,1,0,2,42.0,0,1976,1,0,0,4,4,1,0,1,1416.6666666666667
0,1,0,0,0,0,0,0,0,0,0,1,0,0,0,0,0,0,1,0,0,0,0,3,68.0,0,2023,1,0,0,9,12,0,0,0,1588.235294117647
0,1,0,0,0,0,0,0,0,0,0,0,0,1,0,0,0,0,0,1,0,0,0,1,56.0,0,2025,1,0,0,5,12,0,0,0,1446.4285714285713
0,1,0,0,0,0,0,0,0,0,0,0,1,0,0,0,0,0,1,0,0,0,0,2,72.0,1,2019,0,1,0,13,17,1,1,1,2361.1111111111113
1,0,0,0,0,0,0,0,0,0,0,0,0,0,0,0,0,0,0,0,0,0,0,1,54.27,0,2024,0,1,0,14,16,0,0,0,1252.9942878201584
0,1,0,0,0,0,0,0,0,0,0,0,0,1,0,0,0,0,0,1,0,0,0,3,136.0,1,2026,0,1,0,8,25,0,0,0,1750.0
1,0,0,0,0,0,0,0,0,0,0,0,0,0,0,0,0,0,1,0,0,0,0,1,40.0,0,2023,0,1,0,4,10,0,0,0,1537.5
0,1,0,0,0,0,0,0,0,0,0,0,1,0,0,0,0,0,0,1,0,0,0,3,60.66,1,2025,1,0,0,11,12,0,0,0,850.0
0,1,0,0,0,0,0,0,0,0,0,0,1,0,0,0,0,0,1,0,0,0,0,2,48.0,0,2023,0,1,0,8,13,0,0,0,1831.25
0,1,0,0,0,0,0,0,0,0,0,0,1,0,0,0,0,0,0,1,0,0,0,2,79.0,0,2020,0,1,0,3,14,1,0,0,1025.3164556962026
0,1,0,0,0,0,0,0,0,0,0,1,0,0,0,0,0,0,1,0,0,0,0,2,49.0,0,2023,0,1,0,9,10,0,0,0,1734.6938775510205
0,1,0,0,0,0,0,0,0,0,0,0,0,0,0,0,0,0,0,1,0,0,0,2,100.0,0,2022,0,0,1,12,14,0,0,0,1550.0
0,1,0,0,0,0,0,0,0,0,0,1,0,0,0,0,0,0,1,0,0,0,0,3,80.0,0,2023,1,0,0,4,14,1,0,0,1937.5
0,1,0,0,0,0,0,0,0,0,0,0,0,0,0,0,0,0,0,1,0,0,0,3,123.0,0,2025,0,1,0,13,18,1,0,0,1600.0
1,0,0,0,0,0,0,0,0,0,0,0,1,0,0,0,0,0,1,0,0,0,0,3,90.0,0,2019,1,0,0,3,5,0,1,1,1474.4444444444443
0,1,0,0,0,0,0,0,0,0,0,0,0,0,0,0,0,0,0,1,0,0,0,4,110.0,0,2025,0,1,0,16,18,0,0,1,1120.0
0,1,0,0,0,0,0,0,0,0,0,0,0,1,0,0,0,0,0,1,0,0,0,2,73.0,0,2024,0,1,0,13,16,1,0,0,1080.0
1,0,0,0,0,0,0,0,0,0,0,0,0,0,0,0,0,0,0,0,0,0,0,4,150.0,0,2021,0,1,0,16,16,0,0,0,2333.3333333333335
0,1,0,0,0,0,0,0,0,0,0,0,0,0,0,0,0,0,1,0,0,0,0,1,48.0,0,2020,0,0,1,7,9,1,1,0,1354.1666666666667
0,1,0,0,0,0,0,0,0,0,0,0,1,0,0,0,0,0,1,0,0,0,0,2,50.0,0,2023,1,0,0,2,10,0,0,0,1500.0
1,0,0,0,0,0,0,0,0,0,0,1,0,0,0,0,0,0,0,1,0,0,0,1,44.0,1,2025,0,1,0,6,10,0,0,0,909.0909090909091
1,0,0,0,0,0,0,0,0,0,0,0,0,0,0,0,0,0,1,0,0,0,0,2,44.0,0,2019,1,0,0,1,4,0,0,0,1284.090909090909
0,1,0,0,0,0,0,0,0,0,0,0,0,1,0,0,0,0,1,0,0,0,0,1,40.0,1,2024,1,0,0,5,5,1,0,0,1362.5
0,1,0,0,0,0,0,0,0,0,0,1,0,0,0,0,0,0,1,0,0,0,0,3,81.0,0,2023,0,1,0,5,10,0,0,0,1543.20987654321
1,0,0,0,0,0,0,0,0,0,0,0,0,0,0,0,0,0,0,0,1,0,0,3,97.0,0,2012,1,0,0,1,5,0,0,0,906.1855670103092
0,1,0,0,0,0,0,0,0,0,0,1,0,0,0,0,0,0,0,1,0,0,0,3,96.0,0,2023,1,0,0,11,14,0,0,0,927.0833333333334
0,1,0,0,0,0,0,0,0,0,0,0,0,1,0,0,0,0,0,1,0,0,0,1,41.0,0,2023,0,1,0,11,14,1,0,0,1146.341463414634
0,1,0,0,0,0,0,0,0,0,0,0,0,0,0,0,0,0,0,1,0,0,0,4,168.0,0,2025,0,1,0,7,12,0,0,0,1220.0
0,1,0,0,0,0,0,0,0,0,0,0,0,0,0,0,0,0,0,1,0,0,0,3,110.0,0,2025,0,1,0,6,20,0,0,0,1230.0
0,1,0,0,0,0,0,0,0,0,0,0,0,1,0,0,0,0,0,1,0,0,0,3,134.0,0,2023,1,0,0,2,12,1,0,0,950.0
0,1,0,0,0,0,0,0,0,0,0,1,0,0,0,0,0,0,0,1,0,0,0,2,77.46,0,2024,0,1,0,4,14,0,0,0,1000.0000000000001
0,1,0,0,0,0,0,0,0,0,0,0,1,0,0,0,0,0,0,1,0,0,0,2,63.0,0,2024,1,0,0,4,10,1,0,0,1500.0
0,1,0,0,0,0,0,0,0,0,0,0,1,0,0,0,0,0,0,1,0,0,0,4,137.0,0,2024,0,1,0,12,17,0,0,0,1240.0
0,1,0,0,0,0,0,0,0,0,0,0,1,0,0,0,0,0,0,0,1,0,0,2,76.0,0,2023,0,1,0,3,10,0,0,0,1447.3684210526317
0,1,0,0,0,0,0,0,0,0,0,1,0,0,0,0,0,0,1,0,0,0,0,2,70.0,0,2021,0,0,1,1,9,1,0,0,1300.0
0,1,0,0,0,0,0,0,0,0,0,1,0,0,0,0,0,0,0,1,0,0,0,1,49.0,0,2022,0,1,0,5,14,1,0,0,1469.3877551020407
0,1,0,0,0,0,0,0,0,0,0,0,1,0,0,0,0,0,1,0,0,0,0,2,55.0,0,2023,0,1,0,4,12,0,0,0,1509.090909090909
1,0,0,0,0,0,0,0,0,0,0,0,0,0,0,0,0,0,0,0,0,0,0,2,60.15,0,2024,0,1,0,3,16,0,0,0,1413.1338320864506
0,1,0,0,0,0,0,0,0,0,0,1,0,0,0,0,0,0,0,1,0,0,0,3,100.17,0,2023,0,1,0,12,14,1,0,0,848.5574523310372
0,1,0,0,0,0,0,0,0,0,0,0,0,1,0,0,0,0,0,1,0,0,0,1,41.5,1,2022,0,1,0,12,14,0,0,0,1180.7228915662652
1,0,0,0,0,0,0,0,0,0,0,0,0,0,0,0,0,0,0,0,0,0,0,3,95.7,0,2016,0,1,0,9,22,0,0,0,2058.516196447231
0,1,0,0,0,0,0,0,0,0,0,0,1,0,0,0,0,0,0,1,0,0,0,1,54.0,1,2022,1,0,0,8,13,0,0,0,1068.5185185185185
0,0,0,0,1,0,0,0,0,0,0,0,1,0,0,0,0,0,1,0,0,0,0,2,44.0,0,1975,0,0,1,4,5,0,1,1,1488.6363636363637
0,1,0,0,0,0,0,0,0,0,0,0,1,0,0,0,0,0,1,0,0,0,0,2,83.0,0,2022,0,1,0,7,8,0,0,0,1590.3614457831325
0,1,0,0,0,0,0,0,0,0,0,1,0,0,0,0,0,0,1,0,0,0,0,1,42.0,0,2024,0,1,0,4,14,0,0,0,1738.095238095238
1,0,0,0,0,0,0,0,0,0,0,0,0,0,0,0,0,0,0,0,0,0,0,1,32.0,0,1971,0,1,0,3,4,0,0,0,2000.0
0,0,0,0,0,0,1,0,0,0,0,0,0,0,0,0,0,0,1,0,0,0,0,2,50.0,0,1987,0,0,1,6,9,0,0,0,1780.0
0,0,0,0,0,0,1,0,0,0,0,0,1,0,0,0,0,0,0,0,1,0,0,1,36.0,1,1998,0,1,0,3,5,0,1,1,1583.3333333333333
0,0,0,0,1,0,0,0,0,0,0,0,1,0,0,0,0,0,0,0,1,0,0,3,58.0,0,1975,0,0,1,5,5,0,1,0,1612.0689655172414
0,1,0,0,0,0,0,0,0,0,0,0,1,0,0,0,0,0,0,0,1,0,0,1,59.0,0,2023,0,0,1,11,14,0,0,0,1381.3559322033898
0,1,0,0,0,0,0,0,0,0,0,1,0,0,0,0,0,0,0,1,0,0,0,3,73.0,0,2025,0,1,0,2,12,0,0,1,1027.3972602739725
0,1,0,0,0,0,0,0,0,0,0,1,0,0,0,0,0,0,0,1,0,0,0,2,81.0,0,2025,0,1,0,4,18,0,0,0,1777.7777777777778
0,0,0,1,0,0,0,0,0,0,0,0,1,0,0,0,0,0,0,0,0,1,0,2,42.0,0,1967,1,0,0,3,3,0,0,0,1607.142857142857
0,0,0,0,0,1,0,0,0,0,0,0,1,0,0,0,0,0,1,0,0,0,0,2,61.0,0,2019,0,0,1,2,9,0,0,0,1442.622950819672
0,0,0,0,0,0,1,0,0,0,0,0,1,0,0,0,0,0,0,0,1,0,0,3,64.0,0,1985,0,0,1,3,5,0,1,0,1609.375
0,1,0,0,0,0,0,0,0,0,0,0,1,0,0,0,0,0,0,1,0,0,0,2,73.3,0,2025,1,0,0,9,10,0,1,0,1132.3328785811734
0,1,0,0,0,0,0,0,0,0,0,1,0,0,0,0,0,0,0,1,0,0,0,3,93.0,1,2025,0,1,0,7,14,0,0,0,1300.0
0,1,0,0,0,0,0,0,0,0,0,0,1,0,0,0,0,0,0,1,0,0,0,1,49.0,0,2025,0,1,0,14,17,1,0,0,1377.5510204081634
0,0,0,0,1,0,0,0,0,0,0,0,1,0,0,0,0,0,0,1,0,0,0,1,33.0,0,1966,0,0,1,1,4,1,1,1,1666.6666666666667
0,1,0,0,0,0,0,0,0,0,0,1,0,0,0,0,0,0,0,1,0,0,0,3,121.0,0,2022,1,0,0,11,14,1,0,0,1357.0247933884298
0,1,0,0,0,0,0,0,0,0,0,1,0,0,0,0,0,0,1,0,0,0,0,3,127.0,0,2016,1,0,0,4,9,0,1,1,1440.9448818897638
0,0,0,0,1,0,0,0,0,0,0,0,0,0,0,0,0,0,0,0,0,0,0,3,56.4,0,1989,1,0,0,4,4,0,0,0,1214.5390070921985
0,0,0,0,0,0,1,0,0,0,0,0,0,0,0,0,0,0,0,0,0,0,0,1,35.0,0,1979,0,0,1,3,9,0,0,0,1557.142857142857
0,0,0,0,1,0,0,0,0,0,0,0,1,0,0,0,0,0,0,0,1,0,0,1,32.0,0,1975,0,1,0,1,4,0,1,1,1765.625
0,1,0,0,0,0,0,0,0,0,0,0,1,0,0,0,0,0,0,0,1,0,0,2,67.0,0,2017,0,1,0,8,9,0,0,0,1485.0746268656717
1,0,0,0,0,0,0,0,0,0,0,0,0,0,0,0,0,0,0,0,0,0,0,2,70.0,0,2021,1,0,0,8,10,0,0,0,964.2857142857143
1,0,0,0,0,0,0,0,0,0,0,0,0,0,0,0,0,0,0,0,0,0,0,3,160.0,0,2017,0,1,0,5,13,0,0,0,1781.25
0,0,0,0,0,1,0,0,0,0,0,1,0,0,0,0,0,0,0,1,0,0,0,1,54.0,1,2023,0,0,1,6,10,0,0,0,1101.851851851852
0,1,0,0,0,0,0,0,0,0,0,0,1,0,0,0,0,0,0,1,0,0,0,4,165.0,0,2023,1,0,0,6,10,1,1,0,1200.0
0,1,0,0,0,0,0,0,0,0,0,1,0,0,0,0,0,0,0,1,0,0,0,2,80.0,0,2025,0,1,0,2,18,0,0,0,1850.0
1,0,0,0,0,0,0,0,0,0,0,0,0,0,0,0,0,0,0,0,0,0,0,1,32.0,0,1979,1,0,0,4,5,0,0,0,1750.0
0,1,0,0,0,0,0,0,0,0,0,0,1,0,0,0,0,0,0,0,1,0,0,2,52.0,0,2023,0,1,0,7,9,0,0,0,1730.7692307692307
1,0,0,0,0,0,0,0,0,0,0,1,0,0,0,0,0,0,1,0,0,0,0,2,62.0,0,2021,1,0,0,3,5,0,0,0,812.9032258064516
0,1,0,0,0,0,0,0,0,0,0,0,0,0,0,0,0,0,1,0,0,0,0,3,97.0,0,2023,1,0,0,10,12,0,0,0,1958.7628865979382
0,1,0,0,0,0,0,0,0,0,0,0,0,1,0,0,0,0,1,0,0,0,0,4,104.0,1,2022,0,1,0,5,16,0,0,0,2149.0384615384614
0,1,0,0,0,0,0,0,0,0,0,0,1,0,0,0,0,0,1,0,0,0,0,1,48.0,1,2023,0,1,0,2,13,0,0,0,1385.4166666666667
0,1,0,0,0,0,0,0,0,0,0,0,1,0,0,0,0,0,0,0,1,0,0,3,126.0,1,2014,1,0,0,4,10,0,0,0,1746.031746031746
0,1,0,0,0,0,0,0,0,0,0,0,0,0,0,0,0,0,1,0,0,0,0,2,59.0,1,2023,1,0,0,7,10,0,0,0,1559.322033898305
0,1,0,0,0,0,0,0,0,0,0,0,0,0,0,0,0,0,0,1,0,0,0,1,63.46,0,2025,1,0,0,5,16,0,0,0,1150.330917113142
0,1,0,0,0,0,0,0,0,0,0,1,0,0,0,0,0,0,1,0,0,0,0,2,55.0,0,2022,0,1,0,7,14,0,0,0,1727.2727272727273
0,1,0,0,0,0,0,0,0,0,0,0,0,1,0,0,0,0,1,0,0,0,0,4,92.0,0,2023,1,0,0,6,8,0,1,0,2130.4347826086955
0,1,0,0,0,0,0,0,0,0,0,1,0,0,0,0,0,0,1,0,0,0,0,2,54.0,0,2022,0,1,0,2,10,0,0,0,2018.5185185185185
1,0,0,0,0,0,0,0,0,0,0,0,0,0,0,0,0,0,0,0,0,0,0,3,109.0,0,2015,1,0,0,4,6,0,0,0,1834.8623853211009
0,0,1,0,0,0,0,0,0,0,0,0,0,0,1,0,0,0,0,0,0,1,0,2,52.0,1,1992,0,0,1,8,9,0,0,0,1250.0
0,0,1,0,0,0,0,0,0,0,0,0,0,0,0,0,0,0,0,0,1,0,0,3,64.0,0,1992,1,0,0,1,9,0,1,0,1742.1875
0,1,0,0,0,0,0,0,0,0,0,0,1,0,0,0,0,0,1,0,0,0,0,5,230.0,0,2015,0,1,0,5,12,1,1,1,1826.0869565217392
0,1,0,0,0,0,0,0,0,0,0,0,1,0,0,0,0,0,0,1,0,0,0,3,98.0,0,2025,0,1,0,12,15,0,0,0,1350.0
0,0,0,0,1,0,0,0,0,0,0,0,1,0,0,0,0,0,0,0,1,0,0,3,58.0,0,1970,0,0,1,3,4,0,1,1,1474.1379310344828
1,0,0,0,0,0,0,0,0,0,0,0,0,0,0,0,0,0,0,0,0,0,0,3,99.0,0,2019,1,0,0,6,10,0,0,0,1651.5151515151515
0,1,0,0,0,0,0,0,0,0,0,1,0,0,0,0,0,0,0,1,0,0,0,2,66.79,0,2025,0,1,0,15,16,0,0,0,1430.0044916903728
1,0,0,0,0,0,0,0,0,0,0,0,0,0,0,0,0,0,0,0,0,0,0,3,96.1,0,2017,1,0,0,6,10,0,0,0,1560.8740894901146
1,0,0,0,0,0,0,0,0,0,0,0,1,0,0,0,0,0,0,0,1,0,0,1,39.0,1,2019,1,0,0,3,5,1,1,1,2076.923076923077
0,1,0,0,0,0,0,0,0,0,0,0,1,0,0,0,0,0,0,1,0,0,0,1,44.0,1,2025,0,1,0,11,14,0,0,0,1250.0
0,0,0,0,0,0,1,0,0,0,0,0,0,0,0,0,0,0,0,0,1,0,0,1,34.0,0,1987,0,0,1,2,9,0,0,0,1691.1764705882354
0,1,0,0,0,0,0,0,0,0,0,0,0,0,0,0,0,0,0,1,0,0,0,3,116.0,0,2023,0,1,0,10,16,1,0,0,1094.8275862068965
0,1,0,0,0,0,0,0,0,0,0,1,0,0,0,0,0,0,0,1,0,0,0,2,47.0,0,2022,0,1,0,5,7,1,0,0,1000.0
0,1,0,0,0,0,0,0,0,0,0,0,1,0,0,0,0,0,0,0,1,0,0,3,107.0,0,2020,0,1,0,10,10,0,0,0,1728.9719626168223
0,1,0,0,0,0,0,0,0,0,0,0,1,0,0,0,0,0,1,0,0,0,0,2,75.0,0,2019,0,1,0,12,14,0,1,1,1466.6666666666667
0,1,0,0,0,0,0,0,0,0,0,0,1,0,0,0,0,0,1,0,0,0,0,2,50.0,0,2023,0,1,0,7,9,0,1,1,1520.0
0,1,0,0,0,0,0,0,0,0,0,0,1,0,0,0,0,0,0,1,0,0,0,3,70.0,0,2023,1,0,0,11,12,1,0,0,1228.5714285714287
0,0,0,0,0,0,1,0,0,0,0,0,1,0,0,0,0,0,0,0,0,1,0,1,33.0,0,1987,0,0,1,2,9,0,0,1,1818.1818181818182
0,1,0,0,0,0,0,0,0,0,0,1,0,0,0,0,0,0,0,1,0,0,0,2,77.0,0,2025,0,1,0,10,14,0,0,0,1180.0
0,1,0,0,0,0,0,0,0,0,0,0,0,1,0,0,0,0,0,1,0,0,0,1,40.0,0,2021,0,0,1,11,18,0,0,1,1400.0
1,0,0,0,0,0,0,0,0,0,0,0,0,0,1,0,0,0,0,0,0,1,0,1,35.0,0,1993,0,0,1,2,2,0,1,1,1200.0
0,1,0,0,0,0,0,0,0,0,0,0,0,1,0,0,0,0,0,1,0,0,0,3,106.0,0,2021,0,1,0,7,12,1,0,0,1050.0
0,1,0,0,0,0,0,0,0,0,0,1,0,0,0,0,0,0,0,1,0,0,0,1,48.0,1,2025,0,1,0,8,9,0,0,0,1200.0
0,1,0,0,0,0,0,0,0,0,0,0,0,0,0,0,0,0,1,0,0,0,0,1,43.0,0,2023,0,1,0,8,12,0,0,0,1651.139534883721
0,1,0,0,0,0,0,0,0,0,0,1,0,0,0,0,0,0,0,0,0,0,1,2,69.0,0,2021,0,1,0,10,18,0,0,0,1300.0
0,0,0,1,0,0,0,0,0,0,0,0,1,0,0,0,0,0,0,0,0,1,0,2,43.0,0,1970,1,0,0,3,4,0,1,0,1441.860465116279
0,1,0,0,0,0,0,0,0,0,0,1,0,0,0,0,0,0,0,1,0,0,0,2,73.0,0,2022,0,1,0,10,16,0,0,0,1250.0
0,0,0,1,0,0,0,0,0,0,0,0,1,0,0,0,0,0,0,0,1,0,0,1,30.0,1,1967,1,0,0,3,3,0,0,1,1693.3333333333333
1,0,0,0,0,0,0,0,0,0,0,0,0,0,0,0,0,0,0,0,0,0,0,4,174.0,0,2025,0,1,0,6,12,0,0,0,1666.6666666666667
1,0,0,0,0,0,0,0,0,0,0,0,0,0,0,0,0,0,0,0,0,0,0,3,103.0,0,2019,1,0,0,3,10,0,0,0,1699.0291262135922
0,1,0,0,0,0,0,0,0,0,0,1,0,0,0,0,0,0,0,1,0,0,0,2,83.0,0,2022,0,1,0,13,14,0,0,0,1419.2771084337348
0,1,0,0,0,0,0,0,0,0,0,1,0,0,0,0,0,0,0,0,0,0,1,2,84.6,0,2025,1,0,0,4,14,1,0,0,1252.9550827423168
0,1,0,0,0,0,0,0,0,0,0,0,1,0,0,0,0,0,0,1,0,0,0,3,123.0,0,2017,0,1,0,3,10,0,0,0,1195.121951219512
0,1,0,0,0,0,0,0,0,0,0,0,0,1,0,0,0,0,0,1,0,0,0,2,66.0,0,2023,0,1,0,4,14,1,0,0,939.3939393939394
0,1,0,0,0,0,0,0,0,0,0,0,1,0,0,0,0,0,1,0,0,0,0,6,264.0,0,2023,1,0,0,6,9,1,1,1,1761.3636363636363
0,1,0,0,0,0,0,0,0,0,0,0,0,1,0,0,0,0,0,1,0,0,0,4,167.0,1,2024,0,1,0,11,13,0,1,1,1150.0
0,1,0,0,0,0,0,0,0,0,0,1,0,0,0,0,0,0,1,0,0,0,0,1,44.0,0,2023,0,1,0,11,17,1,0,1,1545.4545454545455
1,0,0,0,0,0,0,0,0,0,0,0,0,0,0,0,0,0,0,0,0,0,0,2,84.0,0,2019,1,0,0,5,12,0,0,0,2261.904761904762
0,0,0,0,1,0,0,0,0,0,0,0,1,0,0,0,0,0,1,0,0,0,0,3,58.0,1,1964,1,0,0,4,4,0,1,0,1637.9310344827586
0,0,0,0,1,0,0,0,0,0,0,0,0,0,0,0,0,0,0,0,1,0,0,3,58.0,0,1975,1,0,0,3,4,0,0,0,1465.5172413793102
0,1,0,0,0,0,0,0,0,0,0,0,1,0,0,0,0,0,1,0,0,0,0,2,70.0,0,2015,1,0,0,4,9,0,0,0,1328.5714285714287
0,0,0,0,0,1,0,0,0,0,0,1,0,0,0,0,0,0,0,1,0,0,0,2,67.0,0,2023,0,1,0,8,9,0,0,0,970.1492537313433
0,1,0,0,0,0,0,0,0,0,0,0,1,0,0,0,0,0,0,0,1,0,0,1,45.0,0,2017,0,1,0,4,14,0,0,0,1544.4444444444443
0,1,0,0,0,0,0,0,0,0,0,1,0,0,0,0,0,0,1,0,0,0,0,2,47.0,0,2023,0,1,0,7,10,0,0,0,1723.404255319149
0,1,0,0,0,0,0,0,0,0,0,1,0,0,0,0,0,0,0,1,0,0,0,3,90.0,0,2024,0,1,0,13,16,0,0,0,1166.6666666666667
0,1,0,0,0,0,0,0,0,0,0,0,0,1,0,0,0,0,1,0,0,0,0,1,42.0,0,2023,0,1,0,8,10,0,0,0,1583.3333333333333
0,0,0,0,0,0,1,0,0,0,0,0,1,0,0,0,0,0,0,0,0,1,0,3,62.0,0,1987,0,0,1,4,5,0,0,0,1556.4516129032259
0,1,0,0,0,0,0,0,0,0,0,0,1,0,0,0,0,0,1,0,0,0,0,4,176.0,0,2020,0,1,0,5,14,0,1,1,2556.818181818182
0,1,0,0,0,0,0,0,0,0,0,0,0,1,0,0,0,0,0,1,0,0,0,1,51.0,0,2026,1,0,0,3,16,0,0,0,919.6078431372549
0,1,0,0,0,0,0,0,0,0,0,0,1,0,0,0,0,0,1,0,0,0,0,3,86.0,0,2016,1,0,0,10,12,0,0,0,1337.2093023255813
0,1,0,0,0,0,0,0,0,0,0,0,0,0,0,0,0,0,0,1,0,0,0,2,63.0,0,2023,0,1,0,9,10,0,0,0,1079.3650793650793
0,1,0,0,0,0,0,0,0,0,0,1,0,0,0,0,0,0,1,0,0,0,0,3,103.0,0,2022,0,1,0,4,14,1,0,0,2184.4660194174758
0,1,0,0,0,0,0,0,0,0,0,0,0,0,0,0,0,0,0,1,0,0,0,1,64.0,0,2023,0,1,0,5,16,1,0,0,1023.4375
0,1,0,0,0,0,0,0,0,0,0,0,1,0,0,0,0,0,1,0,0,0,0,3,95.5,0,2023,1,0,0,10,12,1,0,0,1359.1623036649214
0,1,0,0,0,0,0,0,0,0,0,1,0,0,0,0,0,0,0,1,0,0,0,2,70.0,0,2022,0,1,0,13,16,0,0,0,1100.0
0,1,0,0,0,0,0,0,0,0,0,0,1,0,0,0,0,0,0,0,1,0,0,3,120.0,0,2023,1,0,0,10,10,0,0,0,1091.6666666666667
1,0,0,0,0,0,0,0,0,0,0,0,1,0,0,0,0,0,1,0,0,0,0,3,79.0,0,2019,1,0,0,6,9,0,1,0,1329.113924050633
0,0,0,0,1,0,0,0,0,0,0,0,1,0,0,0,0,0,0,0,1,0,0,2,42.0,0,1975,0,0,1,2,4,0,1,1,1750.0
0,1,0,0,0,0,0,0,0,0,0,0,0,1,0,0,0,0,0,1,0,0,0,1,37.0,0,2023,0,1,0,11,14,0,0,0,1162.162162162162
0,1,0,0,0,0,0,0,0,0,0,0,1,0,0,0,0,0,1,0,0,0,0,1,48.0,0,2023,0,1,0,10,13,0,0,0,1322.9166666666667
0,1,0,0,0,0,0,0,0,0,0,0,1,0,0,0,0,0,1,0,0,0,0,3,129.0,0,2023,0,1,0,1,9,1,1,0,1434.108527131783
1,0,0,0,0,0,0,0,0,0,0,0,0,0,0,0,0,0,0,0,0,0,0,4,85.0,0,1966,1,0,0,5,5,0,0,0,1470.5882352941176
0,1,0,0,0,0,0,0,0,0,0,1,0,0,0,0,0,0,1,0,0,0,0,2,55.0,0,2018,0,1,0,8,12,0,0,0,2327.2727272727275
0,1,0,0,0,0,0,0,0,0,0,0,0,0,0,0,0,0,1,0,0,0,0,1,38.0,0,2023,1,0,0,4,10,1,0,0,1486.842105263158
1,0,0,0,0,0,0,0,0,0,0,0,1,0,0,0,0,0,0,0,1,0,0,3,120.0,0,2019,1,0,0,2,9,0,1,1,1358.3333333333333
0,0,0,0,1,0,0,0,0,0,0,0,1,0,0,0,0,0,0,0,0,1,0,1,32.0,0,1975,0,0,1,1,4,0,1,1,1866.875
0,1,0,0,0,0,0,0,0,0,0,1,0,0,0,0,0,0,0,1,0,0,0,3,104.0,0,2024,0,1,0,4,12,0,0,0,1250.0
1,0,0,0,0,0,0,0,0,0,0,0,0,0,0,0,0,0,0,0,0,0,0,4,224.66,0,2023,0,1,0,14,14,0,0,0,1424.3746105225675
0,0,0,0,0,0,0,0,0,0,1,0,1,0,0,0,0,0,1,0,0,0,0,3,100.0,0,2020,0,0,1,4,9,1,1,1,1150.0
0,1,0,0,0,0,0,0,0,0,0,0,0,1,0,0,0,0,1,0,0,0,0,3,103.0,0,2022,0,1,0,5,16,0,0,0,2087.378640776699
0,0,0,0,1,0,0,0,0,0,0,0,1,0,0,0,0,0,1,0,0,0,0,2,48.0,0,1975,0,0,1,3,4,0,1,1,1864.5833333333333
0,1,0,0,0,0,0,0,0,0,0,0,1,0,0,0,0,0,1,0,0,0,0,3,96.0,0,2017,0,1,0,6,10,1,1,0,1770.8333333333333
0,1,0,0,0,0,0,0,0,0,0,0,1,0,0,0,0,0,1,0,0,0,0,2,74.5,0,2022,0,1,0,10,16,1,1,0,1785.234899328859
0,0,0,1,0,0,0,0,0,0,0,0,1,0,0,0,0,0,0,0,0,1,0,2,44.0,0,1967,1,0,0,1,3,0,0,0,1475.0
0,0,1,0,0,0,0,0,0,0,0,0,1,0,0,0,0,0,0,0,1,0,0,3,68.0,0,1992,0,0,1,8,9,0,0,0,1323.5294117647059
0,1,0,0,0,0,0,0,0,0,0,0,1,0,0,0,0,0,0,0,0,1,0,2,63.0,0,2017,0,1,0,2,10,0,1,0,1857.142857142857
0,1,0,0,0,0,0,0,0,0,0,1,0,0,0,0,0,0,0,1,0,0,0,1,45.0,0,2025,0,1,0,7,10,0,0,0,911.1111111111111
0,1,0,0,0,0,0,0,0,0,0,1,0,0,0,0,0,0,0,1,0,0,0,3,110.35,0,2024,0,1,0,4,16,1,0,0,1250.5663797009515
0,0,1,0,0,0,0,0,0,0,0,0,1,0,0,0,0,0,0,0,1,0,0,3,68.0,0,1992,0,0,1,5,9,0,0,0,1691.1764705882354
0,1,0,0,0,0,0,0,0,0,0,0,1,0,0,0,0,0,0,1,0,0,0,3,81.3,0,2024,1,0,0,1,14,0,0,0,934.8093480934809
0,1,0,0,0,0,0,0,0,0,0,0,1,0,0,0,0,0,1,0,0,0,0,3,109.0,0,2016,0,1,0,11,12,0,1,0,1513.7614678899083
0,1,0,0,0,0,0,0,0,0,0,1,0,0,0,0,0,0,1,0,0,0,0,1,41.0,0,2023,1,0,0,8,10,0,0,0,1597.560975609756
0,1,0,0,0,0,0,0,0,0,0,0,1,0,0,0,0,0,1,0,0,0,0,4,154.0,0,2002,1,0,0,4,6,0,1,0,1850.6493506493507
0,1,0,0,0,0,0,0,0,0,0,0,0,0,0,0,0,0,0,1,0,0,0,2,62.0,0,2023,1,0,0,6,14,0,0,0,1032.258064516129
0,1,0,0,0,0,0,0,0,0,0,0,1,0,0,0,0,0,1,0,0,0,0,4,125.0,0,2019,0,1,0,6,10,0,1,0,1520.0
0,1,0,0,0,0,0,0,0,0,0,1,0,0,0,0,0,0,1,0,0,0,0,1,40.0,0,2025,1,0,0,6,9,0,0,0,1375.0
0,1,0,0,0,0,0,0,0,0,0,0,1,0,0,0,0,0,1,0,0,0,0,2,70.0,0,2024,1,0,0,2,12,1,1,0,1714.2857142857142
0,1,0,0,0,0,0,0,0,0,0,0,0,0,1,0,0,0,1,0,0,0,0,3,130.0,0,2017,1,0,0,6,11,0,0,0,2076.923076923077
0,0,0,0,0,0,1,0,0,0,0,0,1,0,0,0,0,0,0,0,0,1,0,1,38.0,0,1979,0,0,1,3,5,0,1,1,1434.2105263157894
0,0,0,0,0,0,0,0,0,1,0,0,0,0,0,0,0,0,0,0,1,0,0,3,60.0,1,1960,1,0,0,3,3,0,0,0,1700.0
0,1,0,0,0,0,0,0,0,0,0,1,0,0,0,0,0,0,1,0,0,0,0,2,59.0,0,2018,0,1,0,11,11,1,1,1,1525.4237288135594
0,1,0,0,0,0,0,0,0,0,0,1,0,0,0,0,0,0,1,0,0,0,0,2,55.0,0,2022,0,0,1,11,14,0,0,0,2054.5454545454545
0,1,0,0,0,0,0,0,0,0,0,0,0,0,0,0,0,0,1,0,0,0,0,2,75.0,0,2023,1,0,0,11,12,0,0,0,1666.6666666666667
0,1,0,0,0,0,0,0,0,0,0,1,0,0,0,0,0,0,0,1,0,0,0,2,74.0,0,2024,0,1,0,15,16,0,0,0,1121.6216216216217
0,0,0,0,1,0,0,0,0,0,0,0,1,0,0,0,0,0,0,0,0,1,0,3,58.0,0,1996,0,0,1,4,4,0,1,1,1500.0
0,1,0,0,0,0,0,0,0,0,0,1,0,0,0,0,0,0,0,1,0,0,0,3,88.0,1,2022,0,1,0,3,10,0,0,0,1795.4545454545455
0,1,0,0,0,0,0,0,0,0,0,0,1,0,0,0,0,0,1,0,0,0,0,2,67.0,0,2024,0,1,0,9,14,0,1,0,1649.2537313432836
0,1,0,0,0,0,0,0,0,0,0,0,1,0,0,0,0,0,1,0,0,0,0,2,77.0,0,2023,0,1,0,6,9,1,0,0,1298.7012987012988
0,1,0,0,0,0,0,0,0,0,0,1,0,0,0,0,0,0,1,0,0,0,0,3,90.0,1,2022,0,1,0,12,12,0,0,0,1566.6666666666667
0,1,0,0,0,0,0,0,0,0,0,1,0,0,0,0,0,0,1,0,0,0,0,2,65.0,0,2022,0,1,0,2,12,0,0,0,1615.3846153846155
0,1,0,0,0,0,0,0,0,0,0,0,0,0,1,0,0,0,0,1,0,0,0,4,152.0,0,2024,0,0,1,7,15,0,0,0,1550.0
0,1,0,0,0,0,0,0,0,0,0,0,0,0,0,0,0,0,0,0,0,0,1,3,106.0,1,2026,0,1,0,16,18,0,0,0,1200.0
1,0,0,0,0,0,0,0,0,0,0,0,0,0,0,0,0,0,0,0,0,0,0,1,52.7,0,2023,0,1,0,7,15,0,0,0,1290.3225806451612
0,1,0,0,0,0,0,0,0,0,0,0,1,0,0,0,0,0,1,0,0,0,0,1,39.0,0,2023,1,0,0,10,12,0,0,0,1461.5384615384614
0,1,0,0,0,0,0,0,0,0,0,1,0,0,0,0,0,0,0,1,0,0,0,2,47.0,0,2022,0,1,0,9,9,0,0,0,1000.0
0,0,0,0,0,1,0,0,0,0,0,0,0,0,0,1,0,0,1,0,0,0,0,1,27.0,1,2023,0,1,0,3,10,1,1,0,1759.2592592592594
0,1,0,0,0,0,0,0,0,0,0,0,1,0,0,0,0,0,1,0,0,0,0,1,48.0,0,2023,1,0,0,7,12,0,1,0,1447.9166666666667
0,1,0,0,0,0,0,0,0,0,0,1,0,0,0,0,0,0,0,1,0,0,0,2,60.0,0,2022,0,1,0,2,15,1,0,0,1266.6666666666667
0,1,0,0,0,0,0,0,0,0,0,1,0,0,0,0,0,0,0,1,0,0,0,4,152.0,0,2021,0,1,0,10,14,1,1,0,1776.3157894736842
0,1,0,0,0,0,0,0,0,0,0,1,0,0,0,0,0,0,1,0,0,0,0,3,186.0,0,2023,0,1,0,13,14,0,1,1,2473.1182795698924
0,1,0,0,0,0,0,0,0,0,0,0,0,1,0,0,0,0,0,1,0,0,0,4,135.0,1,2025,0,1,0,12,25,0,0,0,1350.0
0,1,0,0,0,0,0,0,0,0,0,1,0,0,0,0,0,0,0,1,0,0,0,2,70.0,0,2023,0,1,0,8,14,0,0,0,1135.7142857142858
0,1,0,0,0,0,0,0,0,0,0,0,1,0,0,0,0,0,0,0,1,0,0,3,74.0,0,2018,0,1,0,7,10,0,1,0,1648.6486486486488
0,0,0,0,0,0,1,0,0,0,0,0,0,0,0,0,0,0,0,0,1,0,0,1,35.0,0,1987,0,0,1,1,9,0,1,1,1514.2857142857142
0,0,0,0,1,0,0,0,0,0,0,0,1,0,0,0,0,0,0,0,0,1,0,3,58.0,1,1975,0,1,0,3,5,0,0,1,1543.103448275862
0,1,0,0,0,0,0,0,0,0,0,0,1,0,0,0,0,0,0,1,0,0,0,2,66.2,0,2024,0,1,0,5,14,1,0,0,918.429003021148
0,1,0,0,0,0,0,0,0,0,0,1,0,0,0,0,0,0,0,1,0,0,0,2,73.34,1,2025,1,0,0,9,10,0,0,0,1111.2626124897736
0,1,0,0,0,0,0,0,0,0,0,0,1,0,0,0,0,0,0,1,0,0,0,1,44.67,0,2024,0,1,0,14,14,1,0,0,1112.603537049474
0,1,0,0,0,0,0,0,0,0,0,1,0,0,0,0,0,0,0,1,0,0,0,2,128.0,0,2025,0,1,0,3,18,0,0,0,1560.0
0,1,0,0,0,0,0,0,0,0,0,0,1,0,0,0,0,0,1,0,0,0,0,3,103.0,0,2016,1,0,0,3,15,0,0,0,1548.5436893203882
0,0,0,0,0,0,1,0,0,0,0,0,0,0,0,0,0,0,0,0,0,0,0,3,69.0,0,1988,0,0,1,9,9,0,0,0,1739.1304347826087
0,1,0,0,0,0,0,0,0,0,0,0,0,1,0,0,0,0,0,0,1,0,0,1,34.0,0,2023,0,1,0,3,5,1,0,0,1705.8823529411766
1,0,0,0,0,0,0,0,0,0,0,0,1,0,0,0,0,0,1,0,0,0,0,3,110.0,0,2019,1,0,0,5,6,0,0,0,1154.5454545454545
0,1,0,0,0,0,0,0,0,0,0,1,0,0,0,0,0,0,0,1,0,0,0,3,108.0,0,2024,0,1,0,10,12,0,0,0,1037.037037037037
0,0,1,0,0,0,0,0,0,0,0,0,0,0,1,0,0,0,1,0,0,0,0,2,75.0,0,2019,0,0,1,1,9,0,1,0,1093.3333333333333
1,0,0,0,0,0,0,0,0,0,0,0,1,0,0,0,0,0,0,0,1,0,0,3,69.0,0,2019,1,0,0,5,5,0,1,1,1594.2028985507247
0,1,0,0,0,0,0,0,0,0,0,1,0,0,0,0,0,0,1,0,0,0,0,2,70.0,0,2023,0,1,0,5,13,1,1,0,1814.2857142857142
0,1,0,0,0,0,0,0,0,0,0,0,0,1,0,0,0,0,0,1,0,0,0,3,105.0,0,2023,1,0,0,4,10,0,0,0,1200.0
1,0,0,0,0,0,0,0,0,0,0,0,1,0,0,0,0,0,0,0,0,1,0,1,45.0,0,2019,1,0,0,4,5,0,1,1,1600.0
1,0,0,0,0,0,0,0,0,0,0,1,0,0,0,0,0,0,1,0,0,0,0,1,44.0,1,2025,0,0,1,4,9,0,0,0,1306.8181818181818
0,1,0,0,0,0,0,0,0,0,0,1,0,0,0,0,0,0,1,0,0,0,0,4,123.0,0,2019,0,1,0,5,14,0,1,1,2317.0731707317073
0,1,0,0,0,0,0,0,0,0,0,1,0,0,0,0,0,0,0,1,0,0,0,3,83.0,0,2022,1,0,0,8,14,0,0,0,1192.7710843373493
0,1,0,0,0,0,0,0,0,0,0,1,0,0,0,0,0,0,0,1,0,0,0,2,76.2,0,2024,0,1,0,5,11,0,0,0,1227.0341207349081
1,0,0,0,0,0,0,0,0,0,0,0,0,0,0,0,0,0,0,0,1,0,0,1,40.0,0,2019,0,0,1,1,1,0,0,0,1625.0
0,1,0,0,0,0,0,0,0,0,0,0,1,0,0,0,0,0,0,1,0,0,0,1,38.0,1,2022,0,1,0,4,9,0,0,0,1250.0
0,0,0,0,0,0,1,0,0,0,0,0,1,0,0,0,0,0,0,0,1,0,0,1,33.0,0,1987,0,0,1,3,9,0,1,1,1666.6666666666667
0,1,0,0,0,0,0,0,0,0,0,1,0,0,0,0,0,0,0,1,0,0,0,1,38.0,0,2023,1,0,0,12,12,0,0,0,1065.7894736842106
0,1,0,0,0,0,0,0,0,0,0,0,0,1,0,0,0,0,0,0,0,0,1,2,78.0,1,2023,0,1,0,13,17,0,0,0,1600.0
0,1,0,0,0,0,0,0,0,0,0,1,0,0,0,0,0,0,0,1,0,0,0,1,42.0,0,2023,0,1,0,2,12,0,0,0,1119.047619047619
0,0,1,0,0,0,0,0,0,0,0,0,1,0,0,0,0,0,1,0,0,0,0,1,36.0,0,1992,0,0,1,8,9,1,1,1,1791.6666666666667
0,1,0,0,0,0,0,0,0,0,0,1,0,0,0,0,0,0,0,1,0,0,0,4,155.81,0,2024,0,1,0,9,19,0,0,0,1650.0032090366471
0,1,0,0,0,0,0,0,0,0,0,0,0,1,0,0,0,0,0,1,0,0,0,2,49.0,1,2025,0,1,0,13,14,0,0,0,1224.2857142857142
0,1,0,0,0,0,0,0,0,0,0,1,0,0,0,0,0,0,0,1,0,0,0,2,59.0,0,2022,0,1,0,15,15,0,0,0,1101.6949152542372
0,0,0,0,1,0,0,0,0,0,0,0,1,0,0,0,0,0,1,0,0,0,0,2,45.6,0,1975,1,0,0,4,4,0,0,0,1973.6842105263158
0,1,0,0,0,0,0,0,0,0,0,0,0,0,0,0,0,0,0,0,0,0,1,3,110.7,0,2023,0,1,0,8,12,0,0,0,1300.8130081300812
0,0,0,1,0,0,0,0,0,0,0,0,1,0,0,0,0,0,0,0,0,1,0,2,40.0,0,1967,1,0,0,4,4,0,0,0,1450.0
0,1,0,0,0,0,0,0,0,0,0,0,1,0,0,0,0,0,1,0,0,0,0,1,40.0,0,2020,0,1,0,3,7,0,0,0,1712.5
0,0,1,0,0,0,0,0,0,0,0,1,0,0,0,0,0,0,0,1,0,0,0,2,75.0,0,2019,0,0,1,2,9,0,0,0,920.0
0,1,0,0,0,0,0,0,0,0,0,1,0,0,0,0,0,0,1,0,0,0,0,2,60.0,0,2022,1,0,0,5,12,0,0,0,1583.3333333333333
1,0,0,0,0,0,0,0,0,0,0,0,1,0,0,0,0,0,0,0,1,0,0,2,40.0,0,1975,1,0,0,1,2,0,1,1,1312.5
0,0,0,0,0,0,0,0,1,0,0,1,0,0,0,0,0,0,1,0,0,0,0,1,38.0,1,2024,0,1,0,3,5,0,0,0,1394.7368421052631
0,0,0,0,0,0,0,0,0,0,1,1,0,0,0,0,0,0,1,0,0,0,0,2,67.0,0,2025,0,1,0,3,9,1,0,0,1298.5074626865671
0,1,0,0,0,0,0,0,0,0,0,1,0,0,0,0,0,0,0,1,0,0,0,2,78.0,0,2023,1,0,0,10,16,0,0,0,1301.2820512820513
0,1,0,0,0,0,0,0,0,0,0,0,1,0,0,0,0,0,1,0,0,0,0,1,43.0,0,2023,1,0,0,10,10,0,0,0,1558.139534883721
0,1,0,0,0,0,0,0,0,0,0,1,0,0,0,0,0,0,0,1,0,0,0,2,86.0,0,2024,0,1,0,8,18,0,0,0,1600.0
0,0,0,0,0,0,1,0,0,0,0,0,1,0,0,0,0,0,0,0,1,0,0,3,69.0,0,1985,0,0,1,9,9,1,1,1,1355.072463768116
0,0,0,0,0,0,1,0,0,0,0,0,0,0,0,0,0,0,0,0,1,0,0,1,36.0,0,1987,1,0,0,3,4,0,0,0,1069.4444444444443
0,1,0,0,0,0,0,0,0,0,0,0,0,0,0,0,0,0,0,1,0,0,0,3,88.0,0,2026,0,1,0,6,14,0,0,0,1602.2727272727273
0,1,0,0,0,0,0,0,0,0,0,0,1,0,0,0,0,0,1,0,0,0,0,3,99.0,1,2017,0,1,0,6,10,0,1,1,1585.858585858586
0,1,0,0,0,0,0,0,0,0,0,0,1,0,0,0,0,0,1,0,0,0,0,4,168.0,0,2007,1,0,0,2,6,0,1,1,1875.0
0,1,0,0,0,0,0,0,0,0,0,0,0,1,0,0,0,0,1,0,0,0,0,3,122.0,0,2019,0,1,0,7,14,0,1,1,1967.2131147540983
0,0,0,0,1,0,0,0,0,0,0,0,0,0,0,0,0,0,0,0,0,0,0,3,58.0,0,1970,0,0,1,3,5,0,0,0,1491.3793103448277
0,1,0,0,0,0,0,0,0,0,0,1,0,0,0,0,0,0,0,1,0,0,0,1,48.0,0,2025,0,1,0,6,18,0,0,0,1800.0
0,0,0,1,0,0,0,0,0,0,0,0,1,0,0,0,0,0,0,0,1,0,0,1,30.6,1,1967,1,0,0,4,4,0,0,1,2107.8431372549016
0,1,0,0,0,0,0,0,0,0,0,1,0,0,0,0,0,0,0,1,0,0,0,2,72.0,0,2026,1,0,0,6,15,0,0,0,850.0
0,1,0,0,0,0,0,0,0,0,0,1,0,0,0,0,0,0,0,1,0,0,0,2,78.0,0,2022,0,1,0,11,12,0,0,0,1147.4358974358975
0,0,1,0,0,0,0,0,0,0,0,0,0,0,0,1,0,0,0,0,1,0,0,1,42.6,0,2019,1,0,0,3,9,0,1,1,1431.924882629108
1,0,0,0,0,0,0,0,0,0,0,0,0,0,0,0,0,0,0,0,0,0,0,5,228.24,0,2025,0,1,0,11,18,0,0,0,1448.4752891692954
0,1,0,0,0,0,0,0,0,0,0,0,1,0,0,0,0,0,0,1,0,0,0,2,78.0,0,2025,1,0,0,4,12,1,0,0,1250.0
0,1,0,0,0,0,0,0,0,0,0,0,1,0,0,0,0,0,0,1,0,0,0,3,81.2,1,2023,0,1,0,1,14,0,0,0,960.5911330049261
1,0,0,0,0,0,0,0,0,0,0,1,0,0,0,0,0,0,1,0,0,0,0,1,44.0,0,2020,1,0,0,3,3,0,1,0,1272.7272727272727
0,1,0,0,0,0,0,0,0,0,0,0,1,0,0,0,0,0,1,0,0,0,0,3,120.3,0,2023,0,1,0,8,15,0,0,0,1537.8221113881962
0,1,0,0,0,0,0,0,0,0,0,1,0,0,0,0,0,0,0,1,0,0,0,1,40.0,0,2023,1,0,0,7,16,0,0,0,1237.5
0,1,0,0,0,0,0,0,0,0,0,1,0,0,0,0,0,0,0,1,0,0,0,1,55.0,1,2025,1,0,0,7,14,0,0,0,1300.0
0,1,0,0,0,0,0,0,0,0,0,1,0,0,0,0,0,0,0,1,0,0,0,3,142.0,0,2022,0,0,1,12,14,0,0,0,1370.0
0,1,0,0,0,0,0,0,0,0,0,0,1,0,0,0,0,0,1,0,0,0,0,2,60.0,0,2023,0,1,0,13,13,1,1,0,1575.0
0,1,0,0,0,0,0,0,0,0,0,0,0,1,0,0,0,0,1,0,0,0,0,2,63.0,0,2022,0,1,0,8,12,0,0,0,1658.7301587301588
0,1,0,0,0,0,0,0,0,0,0,0,0,0,0,0,0,0,0,1,0,0,0,2,68.7,0,2023,1,0,0,6,10,0,0,0,850.0727802037845
1,0,0,0,0,0,0,0,0,0,0,0,1,0,0,0,0,0,1,0,0,0,0,3,118.0,0,2025,0,1,0,10,12,0,0,0,1250.0
0,0,0,0,0,0,1,0,0,0,0,0,1,0,0,0,0,0,0,0,1,0,0,1,37.0,0,1987,1,0,0,3,9,1,1,0,1689.1891891891892
0,1,0,0,0,0,0,0,0,0,0,0,0,1,0,0,0,0,1,0,0,0,0,2,64.0,0,2022,0,1,0,13,16,0,0,0,1828.125
0,0,0,0,1,0,0,0,0,0,0,0,1,0,0,0,0,0,0,0,0,1,0,2,44.0,1,1975,0,0,1,3,4,1,1,1,1613.6363636363637
0,1,0,0,0,0,0,0,0,0,0,1,0,0,0,0,0,0,0,0,0,0,1,1,48.0,0,2024,0,1,0,7,9,0,0,0,850.0
0,1,0,0,0,0,0,0,0,0,0,0,1,0,0,0,0,0,0,0,1,0,0,3,103.0,0,2023,1,0,0,4,9,0,0,0,1310.6796116504854
1,0,0,0,0,0,0,0,0,0,0,0,1,0,0,0,0,0,1,0,0,0,0,1,35.0,0,2022,1,0,0,2,3,0,0,0,1642.857142857143
0,1,0,0,0,0,0,0,0,0,0,0,1,0,0,0,0,0,0,0,1,0,0,1,36.0,0,2017,0,1,0,9,10,0,0,0,1583.3333333333333
0,0,0,0,0,0,1,0,0,0,0,1,0,0,0,0,0,0,0,0,1,0,0,1,43.0,0,2025,0,1,0,2,9,0,0,0,1532.5581395348838
0,1,0,0,0,0,0,0,0,0,0,0,1,0,0,0,0,0,0,1,0,0,0,1,43.0,0,2024,0,1,0,9,20,1,0,0,1302.3255813953488
0,1,0,0,0,0,0,0,0,0,0,1,0,0,0,0,0,0,0,1,0,0,0,3,97.0,0,2023,0,1,0,1,10,0,0,0,1443.298969072165
0,1,0,0,0,0,0,0,0,0,0,1,0,0,0,0,0,0,1,0,0,0,0,3,120.0,0,2022,0,1,0,10,14,0,0,0,2083.3333333333335
0,0,0,0,0,0,1,0,0,0,0,0,1,0,0,0,0,0,0,0,0,1,0,3,61.0,0,1987,0,0,1,9,9,0,1,0,1385.2459016393443
1,0,0,0,0,0,0,0,0,0,0,0,1,0,0,0,0,0,0,0,1,0,0,2,49.0,1,1985,1,0,0,1,2,1,1,1,1510.204081632653
0,1,0,0,0,0,0,0,0,0,0,0,1,0,0,0,0,0,1,0,0,0,0,3,97.3,0,2018,0,1,0,1,12,0,1,1,1541.6238437821173
0,1,0,0,0,0,0,0,0,0,0,0,0,0,1,0,0,0,1,0,0,0,0,6,380.0,0,2023,1,0,0,9,10,0,0,0,1513.157894736842
0,0,1,0,0,0,0,0,0,0,0,0,1,0,0,0,0,0,0,0,0,1,0,3,80.0,0,1992,1,0,0,5,9,0,0,0,1325.0
0,1,0,0,0,0,0,0,0,0,0,0,1,0,0,0,0,0,1,0,0,0,0,3,135.0,0,2008,0,1,0,7,14,0,0,0,1296.2962962962963
0,1,0,0,0,0,0,0,0,0,0,0,1,0,0,0,0,0,1,0,0,0,0,5,150.0,0,2023,0,1,0,7,19,0,0,0,2400.0
0,0,0,0,0,0,1,0,0,0,0,0,1,0,0,0,0,0,0,0,1,0,0,2,48.5,1,1987,0,0,1,4,5,0,1,1,1711.340206185567
0,0,0,0,1,0,0,0,0,0,0,0,1,0,0,0,0,0,1,0,0,0,0,1,45.0,0,1975,0,0,1,3,4,1,1,0,1666.6666666666667
0,1,0,0,0,0,0,0,0,0,0,0,1,0,0,0,0,0,0,0,1,0,0,1,45.0,0,2023,0,0,1,8,11,0,0,0,1600.0
0,1,0,0,0,0,0,0,0,0,0,0,0,0,0,0,0,0,1,0,0,0,0,4,152.0,0,2021,0,1,0,12,14,0,0,0,1940.7894736842106
0,1,0,0,0,0,0,0,0,0,0,1,0,0,0,0,0,0,1,0,0,0,0,2,45.0,0,2021,0,1,0,5,14,0,0,0,2555.5555555555557
0,1,0,0,0,0,0,0,0,0,0,1,0,0,0,0,0,0,0,1,0,0,0,1,58.5,0,2022,0,1,0,14,16,1,0,0,1250.0
0,0,0,0,0,0,1,0,0,0,0,0,0,0,0,0,0,0,0,0,0,0,0,2,47.0,0,1987,0,0,1,2,2,0,0,0,1170.212765957447
1,0,0,0,0,0,0,0,0,0,0,0,0,0,0,0,0,0,0,0,0,0,0,2,85.0,0,2017,0,1,0,16,16,0,0,0,1988.235294117647
1,0,0,0,0,0,0,0,0,0,0,0,0,0,0,0,0,0,0,0,0,0,0,1,36.0,0,2022,1,0,0,1,5,0,0,0,1569.4444444444443
0,1,0,0,0,0,0,0,0,0,0,0,0,0,0,0,0,0,0,1,0,0,0,2,85.0,1,2024,0,1,0,5,12,0,0,0,1400.0
0,0,1,0,0,0,0,0,0,0,0,0,0,0,0,0,0,0,0,0,0,0,0,1,45.0,0,2010,0,0,1,4,9,0,0,0,1533.3333333333333
0,1,0,0,0,0,0,0,0,0,0,1,0,0,0,0,0,0,1,0,0,0,0,3,109.0,0,2024,0,1,0,8,14,1,0,0,1697.2477064220184
0,1,0,0,0,0,0,0,0,0,0,0,0,1,0,0,0,0,1,0,0,0,0,1,43.2,0,2024,0,1,0,15,16,1,0,0,1585.648148148148
0,0,1,0,0,0,0,0,0,0,0,0,1,0,0,0,0,0,1,0,0,0,0,2,74.0,0,2019,0,1,0,8,9,0,0,0,1162.162162162162
0,1,0,0,0,0,0,0,0,0,0,0,1,0,0,0,0,0,1,0,0,0,0,3,125.0,0,2017,0,1,0,2,12,0,0,0,1880.0
0,1,0,0,0,0,0,0,0,0,0,0,1,0,0,0,0,0,0,1,0,0,0,2,61.0,0,2024,0,1,0,11,12,0,0,0,1024.5901639344263
0,0,0,0,0,0,1,0,0,0,0,0,1,0,0,0,0,0,0,0,1,0,0,2,45.0,1,1987,1,0,0,1,5,0,1,1,1555.5555555555557
0,1,0,0,0,0,0,0,0,0,0,1,0,0,0,0,0,0,0,1,0,0,0,3,92.0,0,2022,1,0,0,3,14,0,0,0,1152.1739130434783
0,1,0,0,0,0,0,0,0,0,0,1,0,0,0,0,0,0,1,0,0,0,0,1,47.0,1,2024,1,0,0,9,14,0,0,0,1797.872340425532
0,0,0,0,0,1,0,0,0,0,0,0,1,0,0,0,0,0,1,0,0,0,0,1,28.0,0,2023,0,1,0,4,9,0,0,0,1571.4285714285713
0,1,0,0,0,0,0,0,0,0,0,0,0,1,0,0,0,0,0,1,0,0,0,3,77.6,0,2024,0,1,0,5,5,0,0,0,876.2886597938145
0,1,0,0,0,0,0,0,0,0,0,0,1,0,0,0,0,0,0,1,0,0,0,2,65.0,0,2024,0,1,0,4,14,1,0,0,1153.8461538461538
0,1,0,0,0,0,0,0,0,0,0,0,1,0,0,0,0,0,1,0,0,0,0,2,65.0,0,2023,1,0,0,13,14,1,0,0,1430.7692307692307
0,1,0,0,0,0,0,0,0,0,0,1,0,0,0,0,0,0,0,1,0,0,0,2,61.0,0,2025,1,0,0,12,14,0,0,0,1229.5081967213114
0,1,0,0,0,0,0,0,0,0,0,1,0,0,0,0,0,0,0,1,0,0,0,3,132.0,0,2024,1,0,0,13,14,1,0,0,1439.3939393939395
0,1,0,0,0,0,0,0,0,0,0,0,1,0,0,0,0,0,1,0,0,0,0,2,47.0,0,2023,1,0,0,8,10,0,0,0,1723.404255319149
0,1,0,0,0,0,0,0,0,0,0,0,1,0,0,0,0,0,1,0,0,0,0,2,74.0,0,2022,0,1,0,10,16,1,1,0,1750.0
0,0,0,0,1,0,0,0,0,0,0,0,1,0,0,0,0,0,0,0,1,0,0,2,44.0,0,1975,0,0,1,2,4,0,0,0,1761.3636363636363
1,0,0,0,0,0,0,0,0,0,0,0,1,0,0,0,0,0,0,0,0,1,0,2,58.0,0,1980,1,0,0,5,5,0,0,0,1241.3793103448277
0,0,0,0,0,0,1,0,0,0,0,0,1,0,0,0,0,0,1,0,0,0,0,1,35.0,0,1987,0,0,1,4,5,0,1,0,1757.142857142857
1,0,0,0,0,0,0,0,0,0,0,0,0,0,0,0,0,0,0,0,0,0,0,3,116.0,0,2025,1,0,0,9,12,0,0,0,1448.2758620689656
0,1,0,0,0,0,0,0,0,0,0,1,0,0,0,0,0,0,1,0,0,0,0,2,64.0,0,2023,0,1,0,6,12,0,0,0,1703.125
0,1,0,0,0,0,0,0,0,0,0,0,1,0,0,0,0,0,1,0,0,0,0,3,105.0,0,2017,1,0,0,6,15,0,1,0,1638.095238095238
1,0,0,0,0,0,0,0,0,0,0,0,1,0,0,0,0,0,0,0,1,0,0,4,85.0,1,1978,0,1,0,5,9,0,1,0,1470.5882352941176
0,1,0,0,0,0,0,0,0,0,0,1,0,0,0,0,0,0,1,0,0,0,0,1,38.0,0,2025,1,0,0,3,10,0,0,0,1421.0526315789473
0,0,0,0,1,0,0,0,0,0,0,0,0,0,0,0,0,0,0,0,0,0,0,1,32.0,0,1972,0,0,1,4,4,0,0,0,1796.875
0,0,0,0,1,0,0,0,0,0,0,0,1,0,0,0,0,0,0,0,0,1,0,1,32.0,0,1975,0,0,1,3,4,0,1,1,1906.25
0,1,0,0,0,0,0,0,0,0,0,0,1,0,0,0,0,0,1,0,0,0,0,3,119.0,0,2024,0,1,0,11,12,1,1,1,1512.6050420168067
0,1,0,0,0,0,0,0,0,0,0,0,1,0,0,0,0,0,1,0,0,0,0,2,72.0,0,2023,0,1,0,6,10,0,0,0,1597.2222222222222
0,0,0,0,1,0,0,0,0,0,0,0,1,0,0,0,0,0,0,0,1,0,0,2,44.0,0,1975,0,0,1,1,4,0,1,0,1568.1818181818182
0,0,0,0,1,0,0,0,0,0,0,0,0,0,0,0,0,0,0,0,0,0,0,2,48.0,0,2018,0,0,1,3,4,0,0,0,1500.0
0,0,1,0,0,0,0,0,0,0,0,0,0,0,1,0,0,0,0,0,1,0,0,1,44.0,0,2019,1,0,0,1,9,0,0,0,1318.1818181818182
0,0,0,0,0,0,1,0,0,0,0,0,1,0,0,0,0,0,1,0,0,0,0,1,40.0,1,1997,0,1,0,1,3,0,0,1,1425.0
0,1,0,0,0,0,0,0,0,0,0,0,1,0,0,0,0,0,1,0,0,0,0,3,90.0,0,2024,0,1,0,13,16,0,0,0,1611.111111111111
0,1,0,0,0,0,0,0,0,0,0,0,0,0,0,0,0,0,1,0,0,0,0,3,177.0,0,2023,1,0,0,12,13,0,0,0,1028.2485875706216
0,1,0,0,0,0,0,0,0,0,0,0,1,0,0,0,0,0,0,1,0,0,0,3,106.0,0,2021,0,1,0,6,12,0,0,0,1047.1698113207547
0,1,0,0,0,0,0,0,0,0,0,0,0,0,0,0,0,0,0,1,0,0,0,2,75.0,0,2023,1,0,0,7,20,1,0,0,950.0
0,0,0,0,0,1,0,0,0,0,0,0,0,1,0,0,0,0,1,0,0,0,0,1,53.0,0,2022,0,1,0,1,9,0,0,0,1356.6037735849056
0,1,0,0,0,0,0,0,0,0,0,0,1,0,0,0,0,0,0,1,0,0,0,3,82.0,0,2023,0,1,0,5,12,0,0,0,1219.5121951219512
0,1,0,0,0,0,0,0,0,0,0,0,1,0,0,0,0,0,1,0,0,0,0,2,72.0,1,2024,0,1,0,11,12,0,0,0,1437.5
0,0,0,0,0,1,0,0,0,0,0,0,0,1,0,0,0,0,1,0,0,0,0,5,118.0,0,2022,0,1,0,7,9,1,0,0,1508.4745762711864
0,0,0,0,1,0,0,0,0,0,0,0,1,0,0,0,0,0,0,0,0,1,0,3,65.0,0,1975,1,0,0,4,4,0,0,0,1200.0
0,1,0,0,0,0,0,0,0,0,0,0,0,0,1,0,0,0,1,0,0,0,0,1,46.0,0,2012,1,0,0,8,10,0,1,0,1630.4347826086957
0,1,0,0,0,0,0,0,0,0,0,0,1,0,0,0,0,0,0,0,1,0,0,2,46.0,0,2020,0,1,0,7,12,0,0,0,1956.5217391304348
1,0,0,0,0,0,0,0,0,0,0,0,0,0,0,0,0,0,0,0,0,0,0,1,38.3,0,2021,0,0,1,7,11,0,0,0,1540.4699738903396
0,1,0,0,0,0,0,0,0,0,0,0,0,0,0,0,0,0,1,0,0,0,0,2,65.0,0,2023,1,0,0,14,16,0,0,0,1615.3846153846155
0,1,0,0,0,0,0,0,0,0,0,1,0,0,0,0,0,0,0,1,0,0,0,1,44.4,0,2023,0,1,0,10,14,0,0,0,1250.0
0,1,0,0,0,0,0,0,0,0,0,1,0,0,0,0,0,0,0,1,0,0,0,2,74.0,0,2024,0,1,0,2,15,0,0,0,1337.837837837838
0,1,0,0,0,0,0,0,0,0,0,0,0,0,0,0,0,0,1,0,0,0,0,2,80.0,0,2020,0,1,0,7,9,0,0,0,1475.0
0,0,0,0,0,1,0,0,0,0,0,1,0,0,0,0,0,0,0,1,0,0,0,1,48.0,1,2023,0,1,0,7,9,0,0,0,1200.0
0,1,0,0,0,0,0,0,0,0,0,1,0,0,0,0,0,0,1,0,0,0,0,3,101.0,0,2022,0,1,0,12,16,0,0,0,1633.6633663366338
0,0,0,0,0,0,1,0,0,0,0,0,1,0,0,0,0,0,1,0,0,0,0,2,39.0,0,1987,0,0,1,1,9,0,1,0,1666.6666666666667
0,1,0,0,0,0,0,0,0,0,0,0,0,0,0,0,0,0,1,0,0,0,0,2,68.0,0,2023,0,1,0,8,10,0,0,0,1588.235294117647
0,1,0,0,0,0,0,0,0,0,0,0,1,0,0,0,0,0,0,1,0,0,0,4,80.0,0,2023,0,1,0,7,10,0,0,0,1162.5
0,1,0,0,0,0,0,0,0,0,0,1,0,0,0,0,0,0,0,1,0,0,0,2,51.0,0,2027,1,0,0,13,15,0,0,0,862.7450980392157
1,0,0,0,0,0,0,0,0,0,0,0,0,0,1,0,0,0,1,0,0,0,0,3,92.8,1,2019,0,0,1,1,3,0,1,1,829.7413793103449
1,0,0,0,0,0,0,0,0,0,0,0,1,0,0,0,0,0,1,0,0,0,0,4,150.0,1,2022,1,0,0,4,5,0,0,0,1733.3333333333333
0,1,0,0,0,0,0,0,0,0,0,0,1,0,0,0,0,0,0,0,0,0,1,1,58.7,1,2026,1,0,0,14,17,0,0,1,1284.4974446337308
0,1,0,0,0,0,0,0,0,0,0,0,0,1,0,0,0,0,1,0,0,0,0,3,75.0,0,2022,0,1,0,6,14,1,0,0,1933.3333333333333
0,1,0,0,0,0,0,0,0,0,0,0,1,0,0,0,0,0,0,0,1,0,0,1,46.0,0,2021,0,1,0,8,10,0,0,0,1739.1304347826087
1,0,0,0,0,0,0,0,0,0,0,0,1,0,0,0,0,0,0,0,1,0,0,4,136.0,0,1981,1,0,0,4,9,0,1,1,1654.4117647058824
0,1,0,0,0,0,0,0,0,0,0,1,0,0,0,0,0,0,0,1,0,0,0,2,80.0,0,2022,0,1,0,2,14,0,0,0,1025.0
0,1,0,0,0,0,0,0,0,0,0,1,0,0,0,0,0,0,0,1,0,0,0,2,66.0,0,2023,0,1,0,12,14,0,0,0,1075.7575757575758
0,1,0,0,0,0,0,0,0,0,0,1,0,0,0,0,0,0,0,1,0,0,0,3,109.0,0,2022,0,1,0,7,14,1,0,0,1825.6880733944954
1,0,0,0,0,0,0,0,0,0,0,0,0,0,0,0,0,0,0,0,0,0,0,3,136.0,0,2024,1,0,0,12,12,0,0,0,1102.9411764705883
0,1,0,0,0,0,0,0,0,0,0,1,0,0,0,0,0,0,1,0,0,0,0,1,45.0,0,2023,0,0,1,2,9,1,0,0,1422.2222222222222
0,1,0,0,0,0,0,0,0,0,0,0,0,1,0,0,0,0,0,1,0,0,0,3,122.0,0,2022,0,1,0,15,15,0,0,0,1650.0
0,1,0,0,0,0,0,0,0,0,0,0,0,1,0,0,0,0,0,1,0,0,0,2,68.44,0,2025,0,1,0,4,12,1,0,0,920.5143191116307
0,1,0,0,0,0,0,0,0,0,0,0,1,0,0,0,0,0,0,0,1,0,0,3,95.0,0,2022,0,1,0,13,16,0,0,0,1210.5263157894738
0,1,0,0,0,0,0,0,0,0,0,0,1,0,0,0,0,0,0,1,0,0,0,1,42.3,0,2025,0,1,0,10,16,1,0,0,1182.033096926714
0,1,0,0,0,0,0,0,0,0,0,1,0,0,0,0,0,0,1,0,0,0,0,3,103.0,0,2019,0,1,0,10,12,1,1,1,1747.5728155339805
0,1,0,0,0,0,0,0,0,0,0,1,0,0,0,0,0,0,0,1,0,0,0,1,42.0,0,2023,0,1,0,12,14,0,0,0,1119.047619047619
1,0,0,0,0,0,0,0,0,0,0,1,0,0,0,0,0,0,1,0,0,0,0,2,55.0,0,2021,0,1,0,8,10,0,1,0,1300.0
0,1,0,0,0,0,0,0,0,0,0,0,0,0,1,0,0,0,1,0,0,0,0,4,125.0,0,2021,1,0,0,4,12,0,0,0,1720.0
0,1,0,0,0,0,0,0,0,0,0,1,0,0,0,0,0,0,0,1,0,0,0,2,61.0,1,2023,0,1,0,9,14,0,0,0,1049.1803278688524
0,0,0,0,1,0,0,0,0,0,0,0,1,0,0,0,0,0,0,0,0,1,0,2,46.0,0,1975,0,0,1,1,4,1,1,0,1510.8695652173913
0,1,0,0,0,0,0,0,0,0,0,0,1,0,0,0,0,0,1,0,0,0,0,1,60.0,0,2021,0,1,0,13,13,0,1,0,1600.0
1,0,0,0,0,0,0,0,0,0,0,0,1,0,0,0,0,0,1,0,0,0,0,3,80.0,1,1990,0,0,1,1,5,0,1,0,1625.0
0,1,0,0,0,0,0,0,0,0,0,0,0,0,0,0,0,0,1,0,0,0,0,1,48.0,0,2022,0,1,0,6,9,0,0,0,1520.8333333333333
0,1,0,0,0,0,0,0,0,0,0,0,1,0,0,0,0,0,0,0,1,0,0,3,90.0,0,2011,0,1,0,3,9,0,0,0,1777.7777777777778
0,1,0,0,0,0,0,0,0,0,0,0,0,0,0,0,0,0,1,0,0,0,0,2,62.0,0,2020,1,0,0,4,12,0,0,0,2032.258064516129
0,1,0,0,0,0,0,0,0,0,0,1,0,0,0,0,0,0,1,0,0,0,0,1,30.0,0,2023,1,0,0,2,4,1,0,1,1266.6666666666667
0,1,0,0,0,0,0,0,0,0,0,0,1,0,0,0,0,0,1,0,0,0,0,3,96.0,0,2023,0,1,0,8,10,0,0,0,1666.6666666666667
0,1,0,0,0,0,0,0,0,0,0,1,0,0,0,0,0,0,0,0,1,0,0,1,45.0,0,2016,0,0,1,5,9,0,1,1,1522.2222222222222
0,1,0,0,0,0,0,0,0,0,0,0,0,0,0,0,0,0,0,0,0,0,1,1,36.0,0,2025,0,1,0,5,10,0,0,0,1152.7777777777778
0,1,0,0,0,0,0,0,0,0,0,0,1,0,0,0,0,0,1,0,0,0,0,2,67.0,0,2024,0,1,0,5,11,0,0,0,1365.6716417910447
0,1,0,0,0,0,0,0,0,0,0,0,1,0,0,0,0,0,1,0,0,0,0,3,109.0,0,2016,0,1,0,11,12,1,1,1,1513.7614678899083
0,1,0,0,0,0,0,0,0,0,0,0,1,0,0,0,0,0,1,0,0,0,0,2,78.0,0,2024,1,0,0,11,12,1,0,1,1628.2051282051282
0,1,0,0,0,0,0,0,0,0,0,1,0,0,0,0,0,0,0,1,0,0,0,2,85.27,0,2024,0,1,0,10,12,1,0,0,1185.0005863726985
0,0,1,0,0,0,0,0,0,0,0,0,1,0,0,0,0,0,1,0,0,0,0,2,55.0,0,1992,0,0,1,8,9,0,0,0,1754.5454545454545
0,1,0,0,0,0,0,0,0,0,0,0,0,1,0,0,0,0,0,1,0,0,0,2,61.0,0,2023,0,1,0,12,14,0,0,0,1229.5081967213114
0,0,0,0,0,0,0,1,0,0,0,0,1,0,0,0,0,0,0,1,0,0,0,1,44.0,0,2025,1,0,0,8,14,1,0,0,1625.0
0,1,0,0,0,0,0,0,0,0,0,1,0,0,0,0,0,0,0,1,0,0,0,2,70.34,0,2022,0,1,0,3,15,1,0,0,1130.224623258459
0,1,0,0,0,0,0,0,0,0,0,1,0,0,0,0,0,0,0,1,0,0,0,2,48.0,0,2023,0,1,0,8,14,0,0,0,1333.3333333333333
0,1,0,0,0,0,0,0,0,0,0,1,0,0,0,0,0,0,0,1,0,0,0,3,87.0,0,2022,0,1,0,3,14,0,0,0,1735.632183908046
0,1,0,0,0,0,0,0,0,0,0,1,0,0,0,0,0,0,0,1,0,0,0,4,141.0,0,2025,0,1,0,10,16,1,0,0,1099.290780141844
0,1,0,0,0,0,0,0,0,0,0,0,1,0,0,0,0,0,0,1,0,0,0,2,78.5,1,2023,0,1,0,13,17,0,0,0,1300.0
0,0,0,0,1,0,0,0,0,0,0,0,0,0,0,0,0,0,0,0,0,0,0,2,44.9,0,1980,0,0,1,4,4,0,0,0,1659.2427616926504
1,0,0,0,0,0,0,0,0,0,0,0,1,0,0,0,0,0,0,0,1,0,0,2,52.0,1,2019,1,0,0,2,5,0,0,0,1519.2307692307693
0,1,0,0,0,0,0,0,0,0,0,1,0,0,0,0,0,0,0,1,0,0,0,2,73.0,0,2023,0,1,0,13,14,0,0,0,917.8082191780821
0,0,0,0,0,0,1,0,0,0,0,0,1,0,0,0,0,0,0,0,0,1,0,3,63.0,1,1987,0,0,1,2,9,0,1,1,1742.857142857143
1,0,0,0,0,0,0,0,0,0,0,0,1,0,0,0,0,0,0,0,1,0,0,2,47.0,0,2019,0,0,1,3,5,0,0,0,1234.0425531914893
0,0,1,0,0,0,0,0,0,0,0,0,1,0,0,0,0,0,0,0,0,1,0,4,82.0,0,1992,0,0,1,5,9,0,1,1,1341.4634146341464
0,1,0,0,0,0,0,0,0,0,0,0,0,1,0,0,0,0,0,1,0,0,0,1,41.0,0,2025,0,1,0,9,13,0,0,0,1475.6097560975609
0,0,0,1,0,0,0,0,0,0,0,0,1,0,0,0,0,0,1,0,0,0,0,1,30.0,0,1967,1,0,0,3,3,0,0,0,1833.3333333333333
0,1,0,0,0,0,0,0,0,0,0,1,0,0,0,0,0,0,1,0,0,0,0,1,40.0,0,2018,0,1,0,4,10,0,0,0,1462.5
0,0,0,0,1,0,0,0,0,0,0,0,0,0,1,0,0,0,0,0,0,1,0,1,39.0,1,1993,0,0,1,2,2,0,1,1,1051.2820512820513
0,1,0,0,0,0,0,0,0,0,0,1,0,0,0,0,0,0,0,1,0,0,0,2,77.0,0,2023,1,0,0,2,12,1,0,0,1207.7922077922078
0,1,0,0,0,0,0,0,0,0,0,1,0,0,0,0,0,0,0,1,0,0,0,1,44.0,0,2025,0,1,0,1,10,0,0,0,909.0909090909091
0,1,0,0,0,0,0,0,0,0,0,0,1,0,0,0,0,0,1,0,0,0,0,2,77.0,0,2023,1,0,0,4,12,0,0,0,1233.7662337662337
0,1,0,0,0,0,0,0,0,0,0,0,1,0,0,0,0,0,0,1,0,0,0,3,84.44,0,2024,0,1,0,2,14,0,0,0,1101.3737565135007
0,1,0,0,0,0,0,0,0,0,0,1,0,0,0,0,0,0,1,0,0,0,0,2,58.0,0,2023,0,1,0,9,12,1,1,0,1637.9310344827586
0,1,0,0,0,0,0,0,0,0,0,1,0,0,0,0,0,0,0,1,0,0,0,1,50.0,0,2025,0,1,0,2,12,1,0,0,1030.0
0,1,0,0,0,0,0,0,0,0,0,0,1,0,0,0,0,0,0,1,0,0,0,2,58.3,1,2025,1,0,0,10,12,1,0,0,1198.9708404802745
1,0,0,0,0,0,0,0,0,0,0,0,1,0,0,0,0,0,1,0,0,0,0,1,35.0,0,2019,1,0,0,3,5,1,1,0,1714.2857142857142
0,1,0,0,0,0,0,0,0,0,0,1,0,0,0,0,0,0,0,1,0,0,0,2,89.0,0,2022,0,0,1,16,25,0,0,0,2200.0
0,1,0,0,0,0,0,0,0,0,0,0,1,0,0,0,0,0,0,1,0,0,0,3,84.0,0,2024,0,1,0,9,14,0,0,0,1096.4285714285713
0,1,0,0,0,0,0,0,0,0,0,0,0,1,0,0,0,0,0,1,0,0,0,1,54.0,0,2023,0,1,0,8,9,1,1,0,1120.3703703703704
0,1,0,0,0,0,0,0,0,0,0,1,0,0,0,0,0,0,0,0,1,0,0,1,32.0,0,2023,0,1,0,5,10,0,0,0,1546.875
0,1,0,0,0,0,0,0,0,0,0,0,1,0,0,0,0,0,0,1,0,0,0,2,69.0,0,2025,0,1,0,11,13,0,0,0,1362.3188405797102
0,0,1,0,0,0,0,0,0,0,0,0,1,0,0,0,0,0,0,0,1,0,0,1,36.0,0,1992,0,0,1,2,9,0,0,0,1763.888888888889
0,1,0,0,0,0,0,0,0,0,0,1,0,0,0,0,0,0,0,1,0,0,0,1,59.36,1,2025,0,1,0,11,14,0,0,0,1350.0
1,0,0,0,0,0,0,0,0,0,0,0,0,0,0,0,0,0,0,0,0,0,0,3,97.8,0,2023,1,0,0,4,14,0,0,0,1574.642126789366
0,1,0,0,0,0,0,0,0,0,0,0,1,0,0,0,0,0,1,0,0,0,0,3,117.0,0,2017,0,1,0,2,9,0,1,1,1752.1367521367522
0,1,0,0,0,0,0,0,0,0,0,0,1,0,0,0,0,0,0,1,0,0,0,1,42.0,0,2024,0,1,0,14,14,0,0,0,1166.6666666666667
0,1,0,0,0,0,0,0,0,0,0,0,1,0,0,0,0,0,1,0,0,0,0,3,100.0,0,2022,0,1,0,8,14,0,0,0,1570.0
0,1,0,0,0,0,0,0,0,0,0,1,0,0,0,0,0,0,1,0,0,0,0,2,58.0,0,2023,0,0,1,11,14,0,0,0,1706.896551724138
0,0,0,0,1,0,0,0,0,0,0,0,1,0,0,0,0,0,1,0,0,0,0,3,58.0,0,1975,0,0,1,4,4,0,1,1,1431.0344827586207
0,1,0,0,0,0,0,0,0,0,0,0,0,0,0,0,0,0,0,1,0,0,0,1,40.19,0,2026,0,1,0,7,10,0,0,0,1000.0
0,1,0,0,0,0,0,0,0,0,0,0,1,0,0,0,0,0,0,1,0,0,0,3,93.0,0,2023,1,0,0,10,10,1,0,0,919.3548387096774
0,1,0,0,0,0,0,0,0,0,0,1,0,0,0,0,0,0,0,1,0,0,0,3,75.0,0,2024,0,1,0,11,12,1,1,0,1113.3333333333333
0,1,0,0,0,0,0,0,0,0,0,0,0,0,0,0,0,0,1,0,0,0,0,2,76.0,0,2023,0,1,0,15,16,1,0,0,1381.578947368421
0,1,0,0,0,0,0,0,0,0,0,0,0,0,0,0,0,0,1,0,0,0,0,1,40.0,0,2023,1,0,0,7,14,0,1,0,1675.0
0,1,0,0,0,0,0,0,0,0,0,0,1,0,0,0,0,0,0,1,0,0,0,2,66.12,0,2024,1,0,0,13,17,0,0,0,1512.4016938898972
0,1,0,0,0,0,0,0,0,0,0,0,1,0,0,0,0,0,0,1,0,0,0,2,65.16,0,2024,0,1,0,4,14,0,0,0,1158.6863106200124
0,0,0,0,0,0,1,0,0,0,0,0,0,0,0,0,0,0,0,0,0,0,0,2,52.0,0,1990,0,0,1,1,9,0,0,0,1509.6153846153845
1,0,0,0,0,0,0,0,0,0,0,0,0,0,0,0,0,0,0,0,0,0,0,4,172.0,0,2022,0,1,0,9,13,0,0,0,1424.4186046511627
0,1,0,0,0,0,0,0,0,0,0,0,1,0,0,0,0,0,0,0,1,0,0,2,49.0,0,2023,1,0,0,5,8,0,1,0,1469.3877551020407
0,0,0,0,1,0,0,0,0,0,0,0,1,0,0,0,0,0,1,0,0,0,0,3,58.0,0,1972,0,0,1,4,4,1,1,1,1508.6206896551723
0,1,0,0,0,0,0,0,0,0,0,1,0,0,0,0,0,0,1,0,0,0,0,1,45.0,0,2023,0,1,0,7,14,0,0,0,1553.3333333333333
0,1,0,0,0,0,0,0,0,0,0,0,1,0,0,0,0,0,1,0,0,0,0,3,102.0,0,2022,1,0,0,14,16,0,0,0,1617.6470588235295
0,1,0,0,0,0,0,0,0,0,0,0,0,0,0,0,0,0,1,0,0,0,0,4,146.0,0,2023,1,0,0,4,9,0,1,0,1711.6438356164383
0,0,0,0,1,0,0,0,0,0,0,0,0,0,0,0,0,0,0,0,0,0,0,2,48.0,0,1972,0,0,1,5,5,0,0,0,1750.0
0,1,0,0,0,0,0,0,0,0,0,1,0,0,0,0,0,0,0,1,0,0,0,3,82.3,0,2025,0,1,0,7,16,0,0,0,1170.0
0,1,0,0,0,0,0,0,0,0,0,0,1,0,0,0,0,0,0,1,0,0,0,3,100.0,0,2023,0,1,0,13,16,1,0,0,1080.0
0,1,0,0,0,0,0,0,0,0,0,0,1,0,0,0,0,0,0,1,0,0,0,4,146.0,0,2022,0,1,0,15,16,0,0,0,1060.0
0,1,0,0,0,0,0,0,0,0,0,0,1,0,0,0,0,0,1,0,0,0,0,2,73.0,0,2024,0,1,0,11,12,1,0,0,1465.7534246575342
0,1,0,0,0,0,0,0,0,0,0,0,1,0,0,0,0,0,0,0,1,0,0,2,88.0,0,2015,0,1,0,2,10,0,1,0,1579.5454545454545
0,1,0,0,0,0,0,0,0,0,0,1,0,0,0,0,0,0,0,1,0,0,0,4,126.0,0,2023,0,1,0,10,14,0,0,0,1600.0
1,0,0,0,0,0,0,0,0,0,0,0,1,0,0,0,0,0,0,0,1,0,0,3,87.0,0,2019,1,0,0,9,9,0,0,0,1068.9655172413793
0,1,0,0,0,0,0,0,0,0,0,0,1,0,0,0,0,0,0,1,0,0,0,2,81.0,1,2020,0,1,0,5,12,0,0,0,1550.0
1,0,0,0,0,0,0,0,0,0,0,0,0,0,0,0,0,0,0,0,0,0,0,4,133.5,0,2016,1,0,0,6,12,0,0,0,2397.0037453183522
0,1,0,0,0,0,0,0,0,0,0,1,0,0,0,0,0,0,0,1,0,0,0,3,137.0,0,2023,0,1,0,10,18,0,0,0,1550.0
0,1,0,0,0,0,0,0,0,0,0,0,1,0,0,0,0,0,0,0,1,0,0,2,40.0,0,2023,0,1,0,5,9,0,0,0,1975.0
0,1,0,0,0,0,0,0,0,0,0,1,0,0,0,0,0,0,1,0,0,0,0,4,83.0,0,2022,0,1,0,7,12,0,0,0,1879.5180722891566
0,1,0,0,0,0,0,0,0,0,0,0,0,0,0,0,0,0,0,1,0,0,0,2,79.0,0,2020,0,1,0,3,7,0,0,0,1900.0
0,1,0,0,0,0,0,0,0,0,0,1,0,0,0,0,0,0,0,1,0,0,0,2,74.0,0,2024,0,1,0,9,11,1,0,0,1689.1891891891892
0,1,0,0,0,0,0,0,0,0,0,1,0,0,0,0,0,0,1,0,0,0,0,1,41.0,1,2023,1,0,0,5,5,0,0,0,878.0487804878048
0,1,0,0,0,0,0,0,0,0,0,0,1,0,0,0,0,0,1,0,0,0,0,1,68.0,0,2019,0,1,0,4,12,0,0,1,1573.5294117647059
0,0,0,0,0,0,1,0,0,0,0,0,1,0,0,0,0,0,0,0,1,0,0,1,39.0,1,1987,0,0,1,4,9,1,0,0,1692.3076923076924
0,1,0,0,0,0,0,0,0,0,0,0,1,0,0,0,0,0,0,1,0,0,0,2,54.0,0,2023,1,0,0,9,13,0,0,0,1592.5925925925926
0,1,0,0,0,0,0,0,0,0,0,0,1,0,0,0,0,0,1,0,0,0,0,4,140.0,0,2020,0,1,0,6,12,0,0,0,1642.857142857143
0,1,0,0,0,0,0,0,0,0,0,0,0,1,0,0,0,0,0,1,0,0,0,2,60.64,1,2026,1,0,0,13,14,0,0,0,981.2005277044855
0,1,0,0,0,0,0,0,0,0,0,1,0,0,0,0,0,0,1,0,0,0,0,2,74.0,0,2020,0,1,0,10,12,1,1,1,1567.5675675675675
1,0,0,0,0,0,0,0,0,0,0,0,1,0,0,0,0,0,1,0,0,0,0,2,44.0,0,2023,1,0,0,3,9,1,1,0,1522.7272727272727
1,0,0,0,0,0,0,0,0,0,0,0,0,0,0,0,0,0,0,0,0,0,0,4,127.0,0,2017,0,1,0,10,10,0,0,0,1370.0787401574803
0,0,1,0,0,0,0,0,0,0,0,0,1,0,0,0,0,0,1,0,0,0,0,3,69.0,0,1992,0,0,1,8,9,0,0,0,1500.0
1,0,0,0,0,0,0,0,0,0,0,0,1,0,0,0,0,0,1,0,0,0,0,3,76.0,0,2019,1,0,0,5,5,1,0,1,1217.1052631578948
1,0,0,0,0,0,0,0,0,0,0,0,0,0,0,0,0,0,0,0,0,0,0,1,47.0,0,2021,0,1,0,4,16,0,0,0,2191.4893617021276
0,1,0,0,0,0,0,0,0,0,0,0,0,0,1,0,0,0,0,0,1,0,0,1,40.0,0,2023,1,0,0,1,7,0,0,0,1275.0
0,0,0,0,0,0,1,0,0,0,0,0,0,0,0,0,0,0,0,0,1,0,0,1,35.0,0,1987,0,0,1,4,4,0,0,0,1728.5714285714287
1,0,0,0,0,0,0,0,0,0,0,0,1,0,0,0,0,0,1,0,0,0,0,4,136.0,0,1981,1,0,0,5,9,0,1,1,1911.764705882353
0,1,0,0,0,0,0,0,0,0,0,1,0,0,0,0,0,0,0,1,0,0,0,3,92.11,0,2024,0,1,0,9,14,0,0,0,1050.0054282922592
0,1,0,0,0,0,0,0,0,0,0,1,0,0,0,0,0,0,0,1,0,0,0,3,101.0,0,2022,0,1,0,9,16,0,0,0,1504.950495049505
0,1,0,0,0,0,0,0,0,0,0,0,1,0,0,0,0,0,0,1,0,0,0,1,52.0,0,2024,0,1,0,8,14,0,0,0,1057.6923076923076
0,1,0,0,0,0,0,0,0,0,0,0,0,1,0,0,0,0,1,0,0,0,0,2,52.0,0,2023,0,1,0,8,14,0,0,0,1423.076923076923
0,1,0,0,0,0,0,0,0,0,0,0,0,1,0,0,0,0,0,1,0,0,0,4,154.0,0,2025,0,1,0,3,16,0,1,0,1396.1038961038962
0,1,0,0,0,0,0,0,0,0,0,0,0,0,0,0,0,0,0,1,0,0,0,1,46.0,0,2024,0,1,0,2,15,0,0,0,1184.7826086956522
0,0,0,0,0,0,1,0,0,0,0,0,1,0,0,0,0,0,1,0,0,0,0,3,79.7,1,1982,0,0,1,5,5,0,1,1,1066.499372647428
0,1,0,0,0,0,0,0,0,0,0,0,0,0,1,0,0,0,0,1,0,0,0,3,107.0,0,2020,0,1,0,8,8,0,0,0,1450.0
0,1,0,0,0,0,0,0,0,0,0,0,1,0,0,0,0,0,0,1,0,0,0,2,77.0,0,2025,0,1,0,15,15,0,0,0,1050.0
0,1,0,0,0,0,0,0,0,0,0,0,1,0,0,0,0,0,0,0,1,0,0,3,139.0,0,2023,1,0,0,5,5,1,1,1,1093.525179856115
1,0,0,0,0,0,0,0,0,0,0,0,1,0,0,0,0,0,1,0,0,0,0,4,125.0,1,1998,1,0,0,7,7,0,0,1,1560.0
0,1,0,0,0,0,0,0,0,0,0,1,0,0,0,0,0,0,1,0,0,0,0,2,55.0,0,2022,0,1,0,7,12,0,0,0,1763.6363636363637
0,0,0,0,0,0,1,0,0,0,0,0,1,0,0,0,0,0,0,0,1,0,0,2,55.0,0,1987,0,0,1,2,9,0,1,1,1472.7272727272727
0,1,0,0,0,0,0,0,0,0,0,1,0,0,0,0,0,0,1,0,0,0,0,2,48.0,1,2024,1,0,0,5,5,0,0,0,1562.5
0,0,1,0,0,0,0,0,0,0,0,0,0,0,0,0,0,0,0,0,0,0,0,1,44.0,0,1989,0,0,1,7,9,0,0,0,1568.1818181818182
0,1,0,0,0,0,0,0,0,0,0,0,1,0,0,0,0,0,1,0,0,0,0,3,87.0,0,2023,1,0,0,9,10,0,0,0,1609.1954022988505
0,1,0,0,0,0,0,0,0,0,0,0,1,0,0,0,0,0,1,0,0,0,0,1,63.0,0,2014,0,1,0,4,12,1,1,1,1571.4285714285713
0,1,0,0,0,0,0,0,0,0,0,1,0,0,0,0,0,0,1,0,0,0,0,1,42.0,1,2023,0,1,0,9,14,0,1,0,1595.2380952380952
0,1,0,0,0,0,0,0,0,0,0,1,0,0,0,0,0,0,1,0,0,0,0,5,195.0,0,2010,1,0,0,9,10,1,1,1,1230.7692307692307
0,1,0,0,0,0,0,0,0,0,0,0,1,0,0,0,0,0,1,0,0,0,0,2,52.0,0,2022,0,1,0,10,10,1,1,1,1634.6153846153845
0,0,0,0,1,0,0,0,0,0,0,0,0,0,0,0,0,0,0,0,0,0,0,2,43.0,0,1980,0,0,1,4,4,0,0,0,1720.9302325581396
0,1,0,0,0,0,0,0,0,0,0,0,0,0,1,0,0,0,1,0,0,0,0,3,134.0,1,2022,0,1,0,6,13,0,0,0,2126.865671641791
0,1,0,0,0,0,0,0,0,0,0,0,1,0,0,0,0,0,1,0,0,0,0,3,108.0,0,2019,0,1,0,6,12,1,1,0,1574.0740740740741
0,0,0,0,0,0,1,0,0,0,0,0,1,0,0,0,0,0,0,0,1,0,0,3,62.0,0,2025,0,0,1,4,5,0,0,0,1354.8387096774193
1,0,0,0,0,0,0,0,0,0,0,0,0,0,0,0,0,0,0,0,0,0,0,1,41.0,0,2023,0,1,0,6,12,0,0,0,1704.878048780488
1,0,0,0,0,0,0,0,0,0,0,0,1,0,0,0,0,0,0,0,1,0,0,3,84.0,0,1999,1,0,0,5,6,0,0,0,1035.7142857142858
0,0,0,0,0,1,0,0,0,0,0,1,0,0,0,0,0,0,0,1,0,0,0,1,53.0,0,2025,0,0,1,7,10,0,0,0,1131.8867924528302
0,0,0,0,0,0,1,0,0,0,0,0,1,0,0,0,0,0,0,0,0,1,0,1,34.0,0,1990,0,0,1,1,9,0,1,0,1544.1176470588234
0,0,0,0,0,0,1,0,0,0,0,0,1,0,0,0,0,0,0,0,1,0,0,1,34.0,0,1987,0,0,1,1,3,0,0,0,1352.9411764705883
1,0,0,0,0,0,0,0,0,0,0,0,1,0,0,0,0,0,1,0,0,0,0,2,66.0,0,2019,1,0,0,5,7,0,0,1,1500.0
0,1,0,0,0,0,0,0,0,0,0,0,0,1,0,0,0,0,0,1,0,0,0,2,100.0,0,2024,1,0,0,11,14,0,0,0,1510.0
0,1,0,0,0,0,0,0,0,0,0,0,1,0,0,0,0,0,1,0,0,0,0,3,130.0,0,2020,0,1,0,8,12,0,0,0,2769.230769230769
0,1,0,0,0,0,0,0,0,0,0,1,0,0,0,0,0,0,1,0,0,0,0,2,88.0,0,2023,1,0,0,2,14,1,0,0,1739.2272727272727
0,1,0,0,0,0,0,0,0,0,0,1,0,0,0,0,0,0,0,1,0,0,0,1,59.0,0,2025,0,1,0,11,14,0,0,0,1406.7796610169491
0,1,0,0,0,0,0,0,0,0,0,0,1,0,0,0,0,0,0,1,0,0,0,3,83.0,0,2025,0,1,0,1,9,0,0,0,969.3253012048193
1,0,0,0,0,0,0,0,0,0,0,0,0,0,0,0,0,0,0,0,0,0,0,2,79.0,0,2022,1,0,0,4,9,0,0,0,1392.4050632911392
0,1,0,0,0,0,0,0,0,0,0,0,1,0,0,0,0,0,0,1,0,0,0,1,47.0,1,2025,0,1,0,12,13,0,0,0,1223.404255319149
1,0,0,0,0,0,0,0,0,0,0,0,1,0,0,0,0,0,0,0,1,0,0,2,44.0,0,2019,1,0,0,4,5,0,1,1,1625.0
0,1,0,0,0,0,0,0,0,0,0,0,1,0,0,0,0,0,1,0,0,0,0,1,62.0,0,2019,0,1,0,14,15,0,1,0,1774.1935483870968
0,1,0,0,0,0,0,0,0,0,0,0,0,0,0,0,0,0,1,0,0,0,0,3,100.0,0,2019,0,1,0,9,12,1,1,1,1800.0
0,1,0,0,0,0,0,0,0,0,0,0,1,0,0,0,0,0,0,0,1,0,0,2,48.0,0,2019,0,1,0,5,12,0,1,1,1520.8333333333333
0,1,0,0,0,0,0,0,0,0,0,0,0,0,0,0,0,0,1,0,0,0,0,2,85.0,0,2023,1,0,0,12,13,0,0,0,1117.6470588235295
0,1,0,0,0,0,0,0,0,0,0,1,0,0,0,0,0,0,1,0,0,0,0,3,80.0,1,2022,0,1,0,9,14,1,1,1,2112.5
0,1,0,0,0,0,0,0,0,0,0,0,1,0,0,0,0,0,1,0,0,0,0,4,130.0,0,2020,1,0,0,3,4,0,1,1,1730.7692307692307
0,1,0,0,0,0,0,0,0,0,0,1,0,0,0,0,0,0,0,1,0,0,0,3,124.0,0,2024,0,1,0,4,18,0,0,0,1490.0
0,1,0,0,0,0,0,0,0,0,0,0,0,1,0,0,0,0,0,1,0,0,0,2,78.0,0,2022,0,1,0,11,14,0,0,0,1173.076923076923
0,1,0,0,0,0,0,0,0,0,0,1,0,0,0,0,0,0,0,1,0,0,0,2,80.0,0,2022,0,1,0,10,14,0,0,0,1787.5
0,1,0,0,0,0,0,0,0,0,0,1,0,0,0,0,0,0,1,0,0,0,0,2,49.0,1,2023,0,1,0,4,10,0,0,0,1775.5102040816328
0,1,0,0,0,0,0,0,0,0,0,1,0,0,0,0,0,0,0,1,0,0,0,3,102.17,0,2022,0,1,0,12,14,0,0,0,743.8582754233141
0,0,0,0,1,0,0,0,0,0,0,0,1,0,0,0,0,0,0,0,1,0,0,2,44.0,0,1975,1,0,0,3,4,0,0,0,1761.3636363636363
0,1,0,0,0,0,0,0,0,0,0,1,0,0,0,0,0,0,1,0,0,0,0,1,48.0,0,2025,1,0,0,8,9,1,0,0,1281.25
0,1,0,0,0,0,0,0,0,0,0,1,0,0,0,0,0,0,0,1,0,0,0,1,45.0,0,2024,0,1,0,8,16,1,0,0,1344.4444444444443
0,1,0,0,0,0,0,0,0,0,0,0,0,0,0,0,0,0,1,0,0,0,0,3,105.0,0,2023,1,0,0,8,19,0,0,0,2619.0476190476193
0,0,1,0,0,0,0,0,0,0,0,0,0,0,0,0,0,0,0,0,0,0,0,3,61.0,0,1983,0,0,1,4,9,0,0,0,1909.8360655737704
0,1,0,0,0,0,0,0,0,0,0,0,1,0,0,0,0,0,1,0,0,0,0,2,67.0,1,2021,0,1,0,9,14,0,1,0,1492.5373134328358
0,0,1,0,0,0,0,0,0,0,0,0,0,0,0,0,0,0,1,0,0,0,0,2,67.0,0,2016,0,0,1,9,9,0,0,0,1283.5820895522388
0,1,0,0,0,0,0,0,0,0,0,0,0,1,0,0,0,0,1,0,0,0,0,1,46.0,0,2023,0,1,0,11,12,0,0,0,1652.1739130434783
1,0,0,0,0,0,0,0,0,0,0,0,0,0,0,0,0,0,0,0,0,0,0,4,122.0,0,2020,1,0,0,7,14,0,0,0,2090.1639344262294
0,1,0,0,0,0,0,0,0,0,0,0,0,0,1,0,0,0,1,0,0,0,0,4,192.0,0,2015,1,0,0,10,11,0,1,1,1494.7916666666667
0,1,0,0,0,0,0,0,0,0,0,0,1,0,0,0,0,0,0,1,0,0,0,2,57.0,0,2023,1,0,0,6,10,0,0,0,991.2280701754386
0,1,0,0,0,0,0,0,0,0,0,1,0,0,0,0,0,0,0,1,0,0,0,1,39.0,0,2023,0,1,0,8,9,0,0,0,1307.6923076923076
0,0,1,0,0,0,0,0,0,0,0,0,0,0,0,0,0,0,0,0,0,0,0,1,45.0,0,2015,0,0,1,6,9,0,0,0,1300.0
0,1,0,0,0,0,0,0,0,0,0,0,1,0,0,0,0,0,0,1,0,0,0,2,49.0,1,2025,1,0,0,10,10,0,0,0,1150.0
0,1,0,0,0,0,0,0,0,0,0,0,1,0,0,0,0,0,0,0,1,0,0,6,266.0,0,2019,1,0,0,2,7,0,0,0,1729.3233082706768
1,0,0,0,0,0,0,0,0,0,0,0,1,0,0,0,0,0,0,0,1,0,0,2,65.0,0,2000,0,0,1,11,13,0,1,1,1276.923076923077
0,0,0,0,0,1,0,0,0,0,0,1,0,0,0,0,0,0,1,0,0,0,0,1,54.0,1,2024,0,1,0,7,9,1,1,1,1388.8703703703704
1,0,0,0,0,0,0,0,0,0,0,0,1,0,0,0,0,0,0,0,1,0,0,1,37.0,0,2019,1,0,0,5,5,0,1,1,1270.2702702702702
0,1,0,0,0,0,0,0,0,0,0,1,0,0,0,0,0,0,0,1,0,0,0,2,74.0,0,2024,0,1,0,1,9,1,0,0,1121.6216216216217
0,1,0,0,0,0,0,0,0,0,0,0,0,0,0,0,0,0,0,1,0,0,0,1,50.0,0,2023,1,0,0,8,16,0,0,0,1330.0
0,1,0,0,0,0,0,0,0,0,0,0,1,0,0,0,0,0,0,1,0,0,0,2,89.0,0,2024,0,1,0,10,13,0,0,0,1775.2808988764045
0,1,0,0,0,0,0,0,0,0,0,0,0,1,0,0,0,0,0,1,0,0,0,1,49.1,0,2024,0,1,0,4,12,0,0,0,1201.6293279022402
0,0,0,0,0,0,1,0,0,0,0,0,0,0,0,0,0,0,0,0,0,0,0,1,35.5,0,1990,0,0,1,4,9,0,0,0,1464.7887323943662
0,1,0,0,0,0,0,0,0,0,0,0,1,0,0,0,0,0,0,0,1,0,0,3,94.0,0,2023,0,1,0,6,12,0,0,0,1191.4893617021276
0,1,0,0,0,0,0,0,0,0,0,0,1,0,0,0,0,0,1,0,0,0,0,2,67.0,0,2024,0,1,0,11,14,0,0,0,1388.0597014925372
0,1,0,0,0,0,0,0,0,0,0,0,1,0,0,0,0,0,1,0,0,0,0,2,50.0,0,2023,0,1,0,17,18,0,0,0,1660.0
0,1,0,0,0,0,0,0,0,0,0,1,0,0,0,0,0,0,1,0,0,0,0,1,51.0,0,2024,0,1,0,4,9,1,0,0,833.3333333333334
0,1,0,0,0,0,0,0,0,0,0,1,0,0,0,0,0,0,0,1,0,0,0,3,117.0,0,2025,0,1,0,14,20,0,0,1,1150.0
0,1,0,0,0,0,0,0,0,0,0,1,0,0,0,0,0,0,0,1,0,0,0,3,73.0,0,2022,0,1,0,16,18,0,0,0,1068.4931506849316
0,1,0,0,0,0,0,0,0,0,0,0,0,1,0,0,0,0,0,1,0,0,0,3,111.0,0,2021,0,1,0,11,12,1,0,0,1243.2432432432433
0,1,0,0,0,0,0,0,0,0,0,0,1,0,0,0,0,0,0,1,0,0,0,1,43.0,0,2026,1,0,0,11,15,0,0,0,1325.5813953488373
0,1,0,0,0,0,0,0,0,0,0,1,0,0,0,0,0,0,0,1,0,0,0,3,100.0,0,2025,0,1,0,14,18,0,0,0,1060.0
1,0,0,0,0,0,0,0,0,0,0,0,0,0,0,0,0,0,0,0,0,0,0,6,600.0,0,2011,0,1,0,10,12,0,0,0,1183.3333333333333
0,1,0,0,0,0,0,0,0,0,0,0,1,0,0,0,0,0,0,1,0,0,0,3,132.0,0,2022,0,0,1,13,14,0,0,0,1439.3939393939395
0,0,0,0,1,0,0,0,0,0,0,0,1,0,0,0,0,0,1,0,0,0,0,2,55.0,0,1975,1,0,0,3,5,0,0,1,1272.7272727272727
0,1,0,0,0,0,0,0,0,0,0,0,0,1,0,0,0,0,1,0,0,0,0,2,77.0,0,2022,0,1,0,8,12,0,0,0,1227.2727272727273
0,0,1,0,0,0,0,0,0,0,0,0,1,0,0,0,0,0,0,0,1,0,0,4,78.0,0,1992,0,0,1,2,9,1,1,1,1371.7948717948718
0,1,0,0,0,0,0,0,0,0,0,1,0,0,0,0,0,0,0,1,0,0,0,4,153.83,0,2024,0,1,0,13,15,0,0,0,1699.9999999999998
0,1,0,0,0,0,0,0,0,0,0,0,1,0,0,0,0,0,1,0,0,0,0,2,66.0,0,2024,0,1,0,12,12,0,0,0,1780.3030303030303
0,1,0,0,0,0,0,0,0,0,0,1,0,0,0,0,0,0,0,1,0,0,0,1,36.0,0,2023,0,1,0,10,10,0,0,0,1125.0
0,1,0,0,0,0,0,0,0,0,0,1,0,0,0,0,0,0,0,1,0,0,0,2,69.0,0,2025,1,0,0,1,4,0,0,0,1800.0
0,1,0,0,0,0,0,0,0,0,0,0,0,1,0,0,0,0,1,0,0,0,0,2,57.0,0,2022,0,1,0,5,10,0,1,0,2280.7017543859647
1,0,0,0,0,0,0,0,0,0,0,0,1,0,0,0,0,0,0,0,1,0,0,2,89.0,0,2000,1,0,0,5,5,0,1,1,1033.7078651685392
0,1,0,0,0,0,0,0,0,0,0,0,0,0,0,0,0,0,1,0,0,0,0,1,53.0,0,2023,0,1,0,10,12,0,0,1,1518.867924528302
1,0,0,0,0,0,0,0,0,0,0,0,0,0,0,0,0,0,0,0,0,0,0,2,66.0,0,2015,0,1,0,6,10,0,0,0,1393.939393939394
0,0,0,0,0,0,1,0,0,0,0,0,1,0,0,0,0,0,1,0,0,0,0,2,52.0,0,1987,0,0,1,3,5,0,1,0,1788.4615384615386
0,1,0,0,0,0,0,0,0,0,0,0,0,0,0,0,0,0,0,0,1,0,0,4,130.0,0,2023,0,0,1,6,10,0,0,0,1038.4615384615386
1,0,0,0,0,0,0,0,0,0,0,0,1,0,0,0,0,0,0,0,1,0,0,1,43.0,0,2019,1,0,0,3,9,0,0,0,1430.2325581395348
0,1,0,0,0,0,0,0,0,0,0,1,0,0,0,0,0,0,1,0,0,0,0,4,176.0,1,2022,0,1,0,9,10,0,0,0,2272.7272727272725
0,0,0,0,0,0,0,0,0,1,0,0,1,0,0,0,0,0,1,0,0,0,0,3,58.0,0,1960,1,0,0,2,2,1,1,1,1232.7586206896551
0,1,0,0,0,0,0,0,0,0,0,0,1,0,0,0,0,0,1,0,0,0,0,4,120.0,0,2019,0,1,0,8,9,0,1,0,1875.0
1,0,0,0,0,0,0,0,0,0,0,0,0,0,0,1,0,0,1,0,0,0,0,2,56.0,0,1984,1,0,0,3,4,0,1,0,982.1428571428571
0,1,0,0,0,0,0,0,0,0,0,1,0,0,0,0,0,0,0,1,0,0,0,2,63.3,0,2025,0,1,0,7,11,0,0,0,995.260663507109
0,1,0,0,0,0,0,0,0,0,0,1,0,0,0,0,0,0,0,1,0,0,0,3,82.0,0,2022,0,1,0,3,12,0,0,0,1200.0
0,1,0,0,0,0,0,0,0,0,0,1,0,0,0,0,0,0,1,0,0,0,0,2,44.0,0,2023,0,1,0,11,14,1,0,0,1534.090909090909
0,1,0,0,0,0,0,0,0,0,0,1,0,0,0,0,0,0,1,0,0,0,0,1,44.0,0,2025,0,1,0,4,9,1,0,0,1693.1818181818182
1,0,0,0,0,0,0,0,0,0,0,0,0,0,0,0,0,0,0,0,0,0,0,2,78.0,0,2024,1,0,0,5,12,0,0,0,1410.2564102564102
0,1,0,0,0,0,0,0,0,0,0,0,1,0,0,0,0,0,0,1,0,0,0,1,53.0,0,2022,0,1,0,4,11,1,0,0,1198.1132075471698
0,1,0,0,0,0,0,0,0,0,0,0,1,0,0,0,0,0,1,0,0,0,0,3,107.0,0,2021,0,1,0,2,12,0,0,0,1401.8691588785048
0,1,0,0,0,0,0,0,0,0,0,0,1,0,0,0,0,0,0,1,0,0,0,1,44.0,0,2022,0,1,0,10,14,0,0,0,1263.6363636363637
0,0,1,0,0,0,0,0,0,0,0,0,1,0,0,0,0,0,0,0,1,0,0,1,35.0,0,1992,0,0,1,8,9,0,1,0,1814.2857142857142
0,0,0,0,1,0,0,0,0,0,0,0,1,0,0,0,0,0,0,0,0,1,0,2,43.0,0,1975,0,0,1,3,4,0,0,0,1651.1627906976744
0,0,1,0,0,0,0,0,0,0,0,0,0,0,1,0,0,0,0,0,1,0,0,1,33.0,0,1992,0,0,1,2,9,0,0,0,2181.818181818182
0,0,0,0,1,0,0,0,0,0,0,0,1,0,0,0,0,0,0,0,1,0,0,1,32.2,1,1970,0,0,1,1,5,0,1,1,2049.6894409937886
1,0,0,0,0,0,0,0,0,0,0,0,0,0,0,0,0,0,0,0,0,0,0,3,101.5,0,2018,0,1,0,13,14,0,0,0,2093.5960591133003
0,0,0,0,0,0,1,0,0,0,0,0,1,0,0,0,0,0,0,0,1,0,0,1,32.0,1,1987,0,1,0,3,3,0,0,0,1812.5
0,1,0,0,0,0,0,0,0,0,0,1,0,0,0,0,0,0,1,0,0,0,0,1,44.0,0,2023,0,1,0,11,14,0,0,0,1636.3636363636363
0,1,0,0,0,0,0,0,0,0,0,0,0,0,0,0,0,0,0,1,0,0,0,3,108.0,0,2022,0,1,0,13,14,0,0,0,1238.888888888889
0,0,0,0,0,0,1,0,0,0,0,0,1,0,0,0,0,0,0,0,1,0,0,1,34.0,0,1987,0,0,1,7,9,0,0,0,1808.8235294117646
0,0,0,0,0,0,1,0,0,0,0,0,0,0,0,0,0,0,0,0,0,0,0,1,35.0,0,1987,0,0,1,7,9,0,0,0,1571.4285714285713
0,1,0,0,0,0,0,0,0,0,0,0,1,0,0,0,0,0,0,0,0,0,1,1,41.0,0,2025,0,1,0,13,14,0,0,0,1000.0
0,1,0,0,0,0,0,0,0,0,0,0,1,0,0,0,0,0,1,0,0,0,0,1,36.5,0,2021,0,1,0,6,9,1,0,0,1506.849315068493
1,0,0,0,0,0,0,0,0,0,0,0,1,0,0,0,0,0,0,1,0,0,0,3,167.0,1,2025,1,0,0,4,12,0,0,0,1300.0
0,1,0,0,0,0,0,0,0,0,0,0,0,1,0,0,0,0,0,1,0,0,0,3,91.0,0,2024,0,1,0,9,14,0,0,0,1080.0
0,1,0,0,0,0,0,0,0,0,0,0,1,0,0,0,0,0,0,1,0,0,0,2,57.0,1,2025,0,1,0,10,10,0,0,0,1122.8070175438597
0,1,0,0,0,0,0,0,0,0,0,0,1,0,0,0,0,0,0,0,1,0,0,2,65.0,0,2022,0,1,0,15,16,0,0,0,1646.1538461538462
0,1,0,0,0,0,0,0,0,0,0,0,1,0,0,0,0,0,0,0,1,0,0,6,580.0,0,2023,0,1,0,10,11,0,1,0,1172.4137931034484
0,1,0,0,0,0,0,0,0,0,0,0,1,0,0,0,0,0,0,1,0,0,0,2,77.0,0,2023,0,0,1,13,16,0,1,0,1324.6753246753246
0,1,0,0,0,0,0,0,0,0,0,1,0,0,0,0,0,0,1,0,0,0,0,2,86.0,0,2022,0,1,0,5,14,1,1,0,2267.4418604651164
0,1,0,0,0,0,0,0,0,0,0,0,0,1,0,0,0,0,1,0,0,0,0,3,91.3,1,2023,0,1,0,7,10,0,0,0,1281.4895947426069
1,0,0,0,0,0,0,0,0,0,0,0,0,0,0,0,0,0,0,0,0,0,0,1,60.8,0,2025,0,1,0,5,16,0,0,0,1291.1184210526317
0,0,0,0,0,0,0,0,1,0,0,0,1,0,0,0,0,0,0,0,0,1,0,1,27.0,0,1990,1,0,0,3,3,0,1,0,1018.5185185185185
1,0,0,0,0,0,0,0,0,0,0,0,1,0,0,0,0,0,0,0,1,0,0,1,43.0,1,2019,1,0,0,5,5,0,1,1,1581.3953488372092
0,1,0,0,0,0,0,0,0,0,0,0,1,0,0,0,0,0,0,0,1,0,0,2,53.0,0,2023,1,0,0,9,9,0,0,0,1320.754716981132
0,1,0,0,0,0,0,0,0,0,0,0,1,0,0,0,0,0,1,0,0,0,0,2,71.0,0,2020,0,1,0,9,9,0,0,0,1408.4507042253522
0,1,0,0,0,0,0,0,0,0,0,1,0,0,0,0,0,0,1,0,0,0,0,2,70.0,0,2023,0,1,0,9,13,0,0,0,1778.5714285714287
0,1,0,0,0,0,0,0,0,0,0,0,1,0,0,0,0,0,1,0,0,0,0,2,62.0,0,2023,0,1,0,5,12,1,0,0,1580.6451612903227
1,0,0,0,0,0,0,0,0,0,0,0,1,0,0,0,0,0,0,0,1,0,0,1,38.0,1,2019,0,0,1,2,12,0,0,0,1407.8947368421052
0,1,0,0,0,0,0,0,0,0,0,0,0,0,0,0,0,0,0,1,0,0,0,2,71.0,0,2025,0,1,0,8,12,0,0,0,1042.2535211267605
0,1,0,0,0,0,0,0,0,0,0,0,1,0,0,0,0,0,1,0,0,0,0,3,106.0,0,2023,0,0,1,6,13,0,1,0,1537.7358490566037
0,1,0,0,0,0,0,0,0,0,0,1,0,0,0,0,0,0,0,0,0,0,1,3,84.0,0,2025,0,1,0,8,10,1,0,0,976.1904761904761
0,1,0,0,0,0,0,0,0,0,0,0,0,0,1,0,0,0,1,0,0,0,0,3,105.0,1,2021,0,1,0,9,10,0,1,1,2333.3333333333335
0,1,0,0,0,0,0,0,0,0,0,0,1,0,0,0,0,0,1,0,0,0,0,4,200.0,0,2023,0,1,0,14,17,0,1,0,1500.0
0,1,0,0,0,0,0,0,0,0,0,1,0,0,0,0,0,0,1,0,0,0,0,3,100.0,0,2022,1,0,0,3,9,1,1,0,1045.0
0,1,0,0,0,0,0,0,0,0,0,0,0,1,0,0,0,0,1,0,0,0,0,2,74.0,0,2022,0,1,0,15,16,0,0,0,2635.135135135135
0,1,0,0,0,0,0,0,0,0,0,1,0,0,0,0,0,0,0,1,0,0,0,3,120.0,0,2024,1,0,0,3,15,0,0,0,1690.0
1,0,0,0,0,0,0,0,0,0,0,0,0,0,0,0,0,0,0,0,0,0,0,2,81.6,0,2019,1,0,0,6,9,0,0,0,1654.4117647058824
0,1,0,0,0,0,0,0,0,0,0,0,1,0,0,0,0,0,0,1,0,0,0,1,45.0,0,2025,0,1,0,13,14,1,0,0,1011.1111111111111
0,1,0,0,0,0,0,0,0,0,0,0,0,0,0,0,0,0,1,0,0,0,0,2,85.0,0,2023,1,0,0,4,14,0,0,0,1670.5882352941176
0,1,0,0,0,0,0,0,0,0,0,0,1,0,0,0,0,0,0,1,0,0,0,3,103.0,0,2024,0,1,0,10,14,1,0,0,1097.0873786407767
0,1,0,0,0,0,0,0,0,0,0,0,0,0,0,0,0,0,0,1,0,0,0,4,122.0,0,2026,1,0,0,3,14,0,0,0,1196.72131147541
0,0,1,0,0,0,0,0,0,0,0,0,1,0,0,0,0,0,0,0,0,1,0,1,49.0,0,1992,0,0,1,8,8,0,0,0,1265.3061224489795
0,0,1,0,0,0,0,0,0,0,0,1,0,0,0,0,0,0,1,0,0,0,0,1,77.0,1,2023,0,1,0,6,9,0,0,0,1246.7532467532467
0,1,0,0,0,0,0,0,0,0,0,0,1,0,0,0,0,0,0,0,0,0,1,1,45.0,0,2025,0,1,0,2,14,1,0,0,1155.5555555555557
1,0,0,0,0,0,0,0,0,0,0,0,1,0,0,0,0,0,0,0,0,1,0,3,57.5,0,2019,1,0,0,1,9,0,1,0,1452.1739130434783
0,0,1,0,0,0,0,0,0,0,0,1,0,0,0,0,0,0,1,0,0,0,0,1,44.0,0,2023,0,0,1,5,9,0,0,0,1340.909090909091
0,0,0,0,1,0,0,0,0,0,0,0,1,0,0,0,0,0,0,0,0,1,0,1,38.0,0,1975,0,0,1,4,4,0,1,1,1513.157894736842
0,1,0,0,0,0,0,0,0,0,0,1,0,0,0,0,0,0,0,1,0,0,0,1,44.0,0,2022,1,0,0,10,14,0,0,0,1477.2727272727273
0,1,0,0,0,0,0,0,0,0,0,0,0,0,0,0,0,0,0,1,0,0,0,3,98.0,0,2022,0,1,0,8,12,1,0,0,1100.0
0,0,0,1,0,0,0,0,0,0,0,0,1,0,0,0,0,0,1,0,0,0,0,2,40.0,0,1967,1,0,0,4,4,0,1,1,1612.5
0,1,0,0,0,0,0,0,0,0,0,1,0,0,0,0,0,0,0,1,0,0,0,2,77.5,1,2024,1,0,0,11,12,0,0,0,1245.1612903225807
0,0,0,0,1,0,0,0,0,0,0,0,0,0,0,0,0,0,0,0,0,0,0,1,36.0,0,1969,1,0,0,5,5,0,0,0,1708.3333333333333
0,1,0,0,0,0,0,0,0,0,0,1,0,0,0,0,0,0,1,0,0,0,0,3,80.0,0,2022,0,1,0,9,14,0,1,1,2150.0
1,0,0,0,0,0,0,0,0,0,0,0,0,0,0,0,0,0,0,0,0,0,0,1,70.0,0,2018,1,0,0,4,10,0,0,0,1371.4285714285713
0,1,0,0,0,0,0,0,0,0,0,0,1,0,0,0,0,0,1,0,0,0,0,1,40.0,0,2019,0,1,0,3,12,0,0,0,1600.0
0,1,0,0,0,0,0,0,0,0,0,0,1,0,0,0,0,0,1,0,0,0,0,2,50.0,0,2023,0,1,0,7,9,0,0,0,1560.0
0,1,0,0,0,0,0,0,0,0,0,1,0,0,0,0,0,0,0,1,0,0,0,1,50.0,0,2025,0,1,0,12,17,0,0,0,1336.0
0,1,0,0,0,0,0,0,0,0,0,1,0,0,0,0,0,0,1,0,0,0,0,4,140.0,0,2022,0,1,0,6,10,0,0,0,1857.142857142857
0,1,0,0,0,0,0,0,0,0,0,0,1,0,0,0,0,0,0,1,0,0,0,2,49.0,0,2024,0,1,0,10,14,0,0,0,1163.265306122449
0,1,0,0,0,0,0,0,0,0,0,1,0,0,0,0,0,0,1,0,0,0,0,1,38.0,1,2024,1,0,0,9,14,1,0,1,1657.8947368421052
0,1,0,0,0,0,0,0,0,0,0,0,0,0,0,0,0,0,0,1,0,0,0,2,76.0,0,2023,0,1,0,13,14,0,0,0,1200.0
0,1,0,0,0,0,0,0,0,0,0,0,1,0,0,0,0,0,0,1,0,0,0,3,130.0,1,2020,0,1,0,11,14,0,0,0,923.0769230769231
0,0,0,0,1,0,0,0,0,0,0,0,0,0,0,0,0,0,1,0,0,0,0,3,60.0,0,1975,1,0,0,4,5,0,0,0,1583.3333333333333
0,1,0,0,0,0,0,0,0,0,0,0,1,0,0,0,0,0,1,0,0,0,0,3,83.0,0,2022,1,0,0,7,9,0,0,1,1451.8072289156626
0,1,0,0,0,0,0,0,0,0,0,1,0,0,0,0,0,0,0,1,0,0,0,3,150.0,0,2023,1,0,0,8,12,0,0,0,980.0
0,1,0,0,0,0,0,0,0,0,0,0,1,0,0,0,0,0,0,1,0,0,0,2,59.2,1,2023,0,1,0,8,9,0,0,0,1300.6756756756756
0,1,0,0,0,0,0,0,0,0,0,1,0,0,0,0,0,0,0,1,0,0,0,2,59.78,0,2024,0,1,0,8,14,0,0,0,1112.4121779859483
0,1,0,0,0,0,0,0,0,0,0,0,1,0,0,0,0,0,1,0,0,0,0,3,110.0,0,2023,1,0,0,4,10,0,0,0,1518.1818181818182
0,1,0,0,0,0,0,0,0,0,0,0,1,0,0,0,0,0,0,1,0,0,0,2,50.0,1,2023,0,1,0,6,9,1,0,0,1390.0
0,1,0,0,0,0,0,0,0,0,0,0,1,0,0,0,0,0,1,0,0,0,0,3,109.0,0,2023,1,0,0,9,14,0,0,0,2293.577981651376
0,1,0,0,0,0,0,0,0,0,0,1,0,0,0,0,0,0,1,0,0,0,0,3,103.0,0,2023,0,1,0,14,15,1,0,0,1194.1747572815534
1,0,0,0,0,0,0,0,0,0,0,0,1,0,0,0,0,0,0,0,0,1,0,2,44.0,0,2019,1,0,0,4,5,0,0,0,1625.0
1,0,0,0,0,0,0,0,0,0,0,0,0,0,0,0,0,0,0,0,0,0,0,4,118.2,0,2016,1,0,0,3,10,0,0,0,1395.9390862944163
0,1,0,0,0,0,0,0,0,0,0,1,0,0,0,0,0,0,1,0,0,0,0,2,63.0,0,2022,0,1,0,9,10,0,0,0,1563.4920634920634
1,0,0,0,0,0,0,0,0,0,0,0,1,0,0,0,0,0,0,0,1,0,0,3,58.0,1,1960,1,0,0,2,3,0,0,0,1308.6206896551723
0,1,0,0,0,0,0,0,0,0,0,0,1,0,0,0,0,0,1,0,0,0,0,3,100.0,0,2023,1,0,0,4,10,0,1,0,1700.0
0,1,0,0,0,0,0,0,0,0,0,0,0,1,0,0,0,0,1,0,0,0,0,1,39.0,0,2023,0,1,0,4,5,1,0,0,1384.5897435897436
0,1,0,0,0,0,0,0,0,0,0,1,0,0,0,0,0,0,1,0,0,0,0,2,42.0,0,2023,0,1,0,2,13,1,0,0,1726.1904761904761
0,0,0,0,1,0,0,0,0,0,0,0,1,0,0,0,0,0,0,0,1,0,0,1,38.0,0,1975,0,1,0,4,4,1,1,1,1513.157894736842
0,1,0,0,0,0,0,0,0,0,0,0,1,0,0,0,0,0,1,0,0,0,0,1,35.0,1,2024,1,0,0,2,3,1,1,1,1600.0
0,0,0,0,1,0,0,0,0,0,0,0,1,0,0,0,0,0,0,0,1,0,0,3,60.0,0,1975,0,0,1,1,4,0,1,1,1416.6666666666667
0,1,0,0,0,0,0,0,0,0,0,0,0,1,0,0,0,0,1,0,0,0,0,2,63.0,1,2022,0,1,0,15,16,1,0,1,1825.3968253968253
0,0,1,0,0,0,0,0,0,0,0,0,0,0,0,0,0,0,1,0,0,0,0,4,106.0,0,2016,0,0,1,9,9,0,0,0,1311.3207547169811
0,1,0,0,0,0,0,0,0,0,0,0,1,0,0,0,0,0,0,1,0,0,0,1,37.0,0,2024,0,1,0,6,14,0,0,0,1200.0
0,1,0,0,0,0,0,0,0,0,0,1,0,0,0,0,0,0,1,0,0,0,0,1,44.0,0,2022,0,1,0,5,14,0,0,0,1636.3636363636363
0,1,0,0,0,0,0,0,0,0,0,0,1,0,0,0,0,0,1,0,0,0,0,2,74.0,0,2022,0,1,0,14,16,0,0,0,1756.7567567567567
0,1,0,0,0,0,0,0,0,0,0,0,0,0,0,0,0,0,1,0,0,0,0,2,43.0,0,2020,0,1,0,5,10,0,0,0,1906.9767441860465
0,1,0,0,0,0,0,0,0,0,0,0,0,0,0,0,0,0,0,1,0,0,0,3,111.0,0,2026,1,0,0,7,12,0,0,0,970.0
0,1,0,0,0,0,0,0,0,0,0,1,0,0,0,0,0,0,0,1,0,0,0,3,88.0,0,2025,1,0,0,9,14,0,0,0,1096.590909090909
0,0,1,0,0,0,0,0,0,0,0,0,0,0,1,0,0,0,1,0,0,0,0,1,48.0,0,1992,0,0,1,7,9,0,1,0,1333.3333333333333
0,0,0,0,1,0,0,0,0,0,0,0,0,0,0,0,0,0,1,0,0,0,0,2,43.0,0,1975,1,0,0,3,4,0,1,1,1511.6279069767443
0,1,0,0,0,0,0,0,0,0,0,1,0,0,0,0,0,0,0,1,0,0,0,3,102.0,1,2025,1,0,0,2,10,0,0,0,1000.0
0,1,0,0,0,0,0,0,0,0,0,0,0,0,0,0,0,0,1,0,0,0,0,3,135.0,0,2023,1,0,0,9,14,0,0,0,1325.9259259259259
0,1,0,0,0,0,0,0,0,0,0,1,0,0,0,0,0,0,0,0,1,0,0,3,152.0,0,2019,1,0,0,13,14,1,1,1,1447.3684210526317
1,0,0,0,0,0,0,0,0,0,0,0,0,0,0,0,0,0,0,0,0,0,0,3,73.68,0,2022,0,1,0,13,15,0,0,0,1237.7850162866448
1,0,0,0,0,0,0,0,0,0,0,0,0,0,0,0,0,0,0,0,0,0,0,1,48.0,0,2025,1,0,0,10,13,0,0,0,1145.8333333333333
1,0,0,0,0,0,0,0,0,0,0,0,0,0,0,0,0,0,0,0,0,0,0,3,146.4,0,2006,1,0,0,5,8,0,0,0,1215.8469945355191
0,1,0,0,0,0,0,0,0,0,0,0,0,0,0,0,0,0,1,0,0,0,0,3,100.0,0,2022,0,1,0,2,8,0,0,0,1700.0
0,1,0,0,0,0,0,0,0,0,0,1,0,0,0,0,0,0,0,1,0,0,0,3,88.0,0,2025,0,1,0,6,14,0,0,0,1045.4545454545455
0,0,1,0,0,0,0,0,0,0,0,0,1,0,0,0,0,0,0,0,1,0,0,3,61.0,0,1992,0,0,1,7,9,1,1,0,1606.5573770491803
0,1,0,0,0,0,0,0,0,0,0,0,0,0,0,0,0,0,0,1,0,0,0,1,48.1,1,2025,0,1,0,9,9,0,0,0,1112.2661122661123
0,1,0,0,0,0,0,0,0,0,0,0,1,0,0,0,0,0,1,0,0,0,0,3,76.0,0,2022,0,1,0,10,11,0,0,0,1684.2105263157894
0,1,0,0,0,0,0,0,0,0,0,0,0,1,0,0,0,0,1,0,0,0,0,2,80.0,0,2022,0,1,0,6,16,0,0,0,2250.0
1,0,0,0,0,0,0,0,0,0,0,0,0,0,0,0,0,0,0,0,0,0,0,4,101.4,0,2024,1,0,0,10,12,0,0,0,1775.1479289940828
0,1,0,0,0,0,0,0,0,0,0,1,0,0,0,0,0,0,1,0,0,0,0,1,47.0,0,2023,0,1,0,4,12,1,0,0,1510.6382978723404
0,1,0,0,0,0,0,0,0,0,0,0,1,0,0,0,0,0,1,0,0,0,0,3,84.0,0,2023,0,1,0,9,10,0,0,0,1607.142857142857
0,1,0,0,0,0,0,0,0,0,0,1,0,0,0,0,0,0,0,1,0,0,0,2,67.44,0,2025,0,1,0,10,10,0,0,0,904.5077105575326
0,1,0,0,0,0,0,0,0,0,0,1,0,0,0,0,0,0,0,1,0,0,0,2,75.0,0,2024,0,1,0,5,10,0,0,0,1160.0
0,0,0,0,0,0,1,0,0,0,0,0,1,0,0,0,0,0,1,0,0,0,0,1,35.0,0,1987,0,0,1,7,9,0,0,0,1785.7142857142858
0,0,0,0,0,0,1,0,0,0,0,0,1,0,0,0,0,0,0,0,1,0,0,1,40.0,0,1987,0,0,1,1,5,0,1,0,1222.5
0,1,0,0,0,0,0,0,0,0,0,0,1,0,0,0,0,0,1,0,0,0,0,1,47.0,0,2023,0,1,0,12,12,0,0,0,1457.4468085106382
0,1,0,0,0,0,0,0,0,0,0,1,0,0,0,0,0,0,1,0,0,0,0,2,58.0,1,2022,0,1,0,2,14,0,0,0,2224.137931034483
0,0,0,0,1,0,0,0,0,0,0,0,1,0,0,0,0,0,0,0,1,0,0,3,60.0,1,1975,0,0,1,2,4,0,0,0,1400.0
0,1,0,0,0,0,0,0,0,0,0,0,1,0,0,0,0,0,1,0,0,0,0,1,46.0,0,2023,0,1,0,10,12,0,0,0,1652.1739130434783
0,0,1,0,0,0,0,0,0,0,0,0,1,0,0,0,0,0,0,0,1,0,0,3,82.0,1,1986,0,0,1,8,9,0,0,1,1463.4146341463415
0,0,0,0,0,1,0,0,0,0,0,1,0,0,0,0,0,0,1,0,0,0,0,2,70.0,0,2023,0,0,1,5,9,0,0,0,1400.0
0,1,0,0,0,0,0,0,0,0,0,0,1,0,0,0,0,0,1,0,0,0,0,1,45.0,0,2017,0,1,0,13,14,0,1,0,1788.888888888889
0,1,0,0,0,0,0,0,0,0,0,1,0,0,0,0,0,0,1,0,0,0,0,2,70.0,0,2023,0,1,0,8,12,1,0,0,1871.4285714285713
0,1,0,0,0,0,0,0,0,0,0,1,0,0,0,0,0,0,0,1,0,0,0,3,82.0,1,2025,1,0,0,4,9,0,0,1,902.439024390244
1,0,0,0,0,0,0,0,0,0,0,0,1,0,0,0,0,0,0,0,1,0,0,3,82.0,0,2019,1,0,0,9,9,0,0,0,1451.219512195122
0,1,0,0,0,0,0,0,0,0,0,0,1,0,0,0,0,0,0,1,0,0,0,1,48.5,0,2020,0,1,0,10,11,0,0,0,1237.1134020618556
0,1,0,0,0,0,0,0,0,0,0,0,1,0,0,0,0,0,0,0,1,0,0,2,50.0,0,2023,1,0,0,7,9,0,0,0,1532.0
0,1,0,0,0,0,0,0,0,0,0,1,0,0,0,0,0,0,0,1,0,0,0,2,78.0,0,2025,1,0,0,12,16,0,0,0,1050.0
1,0,0,0,0,0,0,0,0,0,0,0,0,0,1,0,0,0,1,0,0,0,0,2,60.0,1,2013,1,0,0,13,13,0,1,1,1300.0
0,1,0,0,0,0,0,0,0,0,0,1,0,0,0,0,0,0,0,1,0,0,0,3,65.0,1,2025,0,1,0,14,14,1,0,0,1150.0
0,1,0,0,0,0,0,0,0,0,0,0,1,0,0,0,0,0,1,0,0,0,0,3,126.0,0,2021,1,0,0,9,12,0,0,0,1079.3650793650793
0,1,0,0,0,0,0,0,0,0,0,1,0,0,0,0,0,0,1,0,0,0,0,1,38.0,0,2024,1,0,0,4,9,0,0,1,1368.421052631579
0,0,0,0,0,0,1,0,0,0,0,0,0,1,0,0,0,0,0,1,0,0,0,2,54.0,0,2024,0,0,1,9,9,0,0,0,962.9629629629629
0,1,0,0,0,0,0,0,0,0,0,1,0,0,0,0,0,0,1,0,0,0,0,2,70.0,0,2022,1,0,0,5,9,1,0,0,1542.857142857143
0,0,1,0,0,0,0,0,0,0,0,0,1,0,0,0,0,0,1,0,0,0,0,3,68.0,0,1992,0,0,1,3,9,0,1,1,1661.764705882353
1,0,0,0,0,0,0,0,0,0,0,0,0,0,0,0,0,0,0,0,0,0,0,3,95.0,0,2020,1,0,0,6,10,0,0,0,1705.2631578947369
0,1,0,0,0,0,0,0,0,0,0,0,1,0,0,0,0,0,1,0,0,0,0,1,34.0,0,2026,0,1,0,6,10,0,0,0,1558.8235294117646
0,1,0,0,0,0,0,0,0,0,0,1,0,0,0,0,0,0,1,0,0,0,0,1,45.0,0,2021,0,1,0,8,14,0,0,0,1877.7777777777778
1,0,0,0,0,0,0,0,0,0,0,0,1,0,0,0,0,0,0,0,1,0,0,2,75.5,0,1991,1,0,0,6,9,0,1,1,1443.708609271523
0,1,0,0,0,0,0,0,0,0,0,0,1,0,0,0,0,0,1,0,0,0,0,1,38.0,0,2023,1,0,0,10,12,1,1,1,1684.2105263157894
0,1,0,0,0,0,0,0,0,0,0,0,0,0,1,0,0,0,1,0,0,0,0,3,90.0,0,2023,1,0,0,8,12,0,1,0,1500.0
0,1,0,0,0,0,0,0,0,0,0,1,0,0,0,0,0,0,1,0,0,0,0,2,72.0,0,2023,0,1,0,2,10,0,0,0,1416.6666666666667
0,1,0,0,0,0,0,0,0,0,0,0,0,0,0,0,0,0,0,1,0,0,0,2,73.0,0,2023,0,1,0,9,12,0,0,0,917.8082191780821
0,0,1,0,0,0,0,0,0,0,0,0,0,0,0,0,0,0,1,0,0,0,0,3,1.0,1,1992,1,0,0,1,9,0,0,0,103000.0
1,0,0,0,0,0,0,0,0,0,0,0,0,0,1,0,0,0,1,0,0,0,0,1,38.0,0,2019,1,0,0,9,12,0,0,0,1381.578947368421
0,0,1,0,0,0,0,0,0,0,0,1,0,0,0,0,0,0,1,0,0,0,0,1,39.0,0,1992,0,0,1,5,5,0,1,0,1410.2564102564102
1,0,0,0,0,0,0,0,0,0,0,0,0,0,0,0,0,0,0,1,0,0,0,2,250.0,0,2019,1,0,0,5,5,0,0,0,1500.0
1,0,0,0,0,0,0,0,0,0,0,0,1,0,0,0,0,0,0,0,0,1,0,3,55.0,1,1970,1,0,0,1,4,0,0,0,1618.1818181818182
0,1,0,0,0,0,0,0,0,0,0,1,0,0,0,0,0,0,0,0,0,0,1,1,38.5,0,2025,0,1,0,2,10,1,0,0,1025.974025974026
0,1,0,0,0,0,0,0,0,0,0,0,1,0,0,0,0,0,1,0,0,0,0,2,57.0,0,2023,0,1,0,14,16,1,0,0,1491.2280701754387
0,1,0,0,0,0,0,0,0,0,0,1,0,0,0,0,0,0,0,1,0,0,0,2,83.0,0,2022,0,1,0,11,12,1,1,0,1710.8433734939758
0,1,0,0,0,0,0,0,0,0,0,0,1,0,0,0,0,0,1,0,0,0,0,4,73.0,0,2020,0,1,0,5,10,0,0,0,1849.3150684931506
0,1,0,0,0,0,0,0,0,0,0,1,0,0,0,0,0,0,0,1,0,0,0,4,156.0,0,2025,0,1,0,4,19,0,0,1,1450.0
0,1,0,0,0,0,0,0,0,0,0,1,0,0,0,0,0,0,0,1,0,0,0,3,121.9,0,2023,0,1,0,3,5,0,0,0,1550.0
0,1,0,0,0,0,0,0,0,0,0,0,1,0,0,0,0,0,1,0,0,0,0,2,58.0,0,2022,0,1,0,13,13,1,0,0,1724.1379310344828
0,1,0,0,0,0,0,0,0,0,0,1,0,0,0,0,0,0,0,1,0,0,0,2,91.28,0,2027,1,0,0,11,18,0,0,0,1150.0
0,1,0,0,0,0,0,0,0,0,0,0,1,0,0,0,0,0,0,1,0,0,0,1,48.5,1,2024,0,1,0,8,16,0,0,0,1443.298969072165
0,1,0,0,0,0,0,0,0,0,0,0,1,0,0,0,0,0,0,1,0,0,0,2,57.0,0,2020,0,1,0,12,14,1,0,0,1210.5087719298247
0,0,1,0,0,0,0,0,0,0,0,0,0,0,1,0,0,0,1,0,0,0,0,2,67.0,1,2019,0,0,1,2,9,0,1,0,1291.044776119403
0,1,0,0,0,0,0,0,0,0,0,0,1,0,0,0,0,0,0,1,0,0,0,2,62.0,0,2020,0,1,0,9,12,1,1,1,1700.0
0,1,0,0,0,0,0,0,0,0,0,1,0,0,0,0,0,0,0,1,0,0,0,3,92.0,0,2022,1,0,0,5,14,0,0,0,1228.2608695652175
0,1,0,0,0,0,0,0,0,0,0,0,0,0,1,0,0,0,0,0,1,0,0,1,22.0,0,2023,1,0,0,4,5,0,0,0,2090.909090909091
0,1,0,0,0,0,0,0,0,0,0,0,0,0,1,0,0,0,0,0,1,0,0,3,88.0,0,2023,0,0,1,6,12,0,0,0,1420.4545454545455
0,1,0,0,0,0,0,0,0,0,0,0,1,0,0,0,0,0,0,1,0,0,0,1,50.83,0,2025,0,1,0,1,12,0,0,1,1800.0
0,1,0,0,0,0,0,0,0,0,0,0,1,0,0,0,0,0,0,1,0,0,0,3,111.4,0,2023,0,1,0,15,21,0,0,0,1100.0
0,1,0,0,0,0,0,0,0,0,0,0,0,1,0,0,0,0,0,1,0,0,0,3,110.0,0,2025,0,1,0,16,18,0,0,0,1281.8181818181818
0,1,0,0,0,0,0,0,0,0,0,1,0,0,0,0,0,0,0,1,0,0,0,3,85.0,0,2024,0,1,0,6,9,0,0,0,941.1764705882352
0,1,0,0,0,0,0,0,0,0,0,0,1,0,0,0,0,0,1,0,0,0,0,3,144.0,1,2018,0,1,0,6,14,0,1,0,3263.8888888888887
0,1,0,0,0,0,0,0,0,0,0,0,0,0,1,0,0,0,0,1,0,0,0,1,62.3,1,2020,0,1,0,9,12,0,0,0,1700.0
0,1,0,0,0,0,0,0,0,0,0,1,0,0,0,0,0,0,1,0,0,0,0,1,41.0,0,2023,1,0,0,5,12,1,0,0,1658.5365853658536
0,1,0,0,0,0,0,0,0,0,0,0,0,1,0,0,0,0,0,1,0,0,0,1,41.5,0,2025,1,0,0,8,9,0,0,0,1048.1927710843374
0,1,0,0,0,0,0,0,0,0,0,1,0,0,0,0,0,0,1,0,0,0,0,5,249.1,0,2019,0,1,0,13,14,0,1,0,1886.7924528301887
0,1,0,0,0,0,0,0,0,0,0,0,1,0,0,0,0,0,1,0,0,0,0,2,72.0,0,2021,0,1,0,10,13,0,0,0,1388.888888888889
0,0,0,0,0,0,0,0,1,0,0,0,0,0,1,0,0,0,1,0,0,0,0,4,100.0,0,1997,1,0,0,4,5,1,1,0,1250.0
0,1,0,0,0,0,0,0,0,0,0,1,0,0,0,0,0,0,0,1,0,0,0,3,104.0,1,2022,0,1,0,10,14,1,0,0,1644.2307692307693
0,0,0,0,1,0,0,0,0,0,0,0,1,0,0,0,0,0,1,0,0,0,0,2,48.0,0,1975,0,0,1,3,4,0,0,0,1666.6666666666667
0,1,0,0,0,0,0,0,0,0,0,0,0,1,0,0,0,0,0,1,0,0,0,2,570.0,0,2016,0,1,0,14,15,0,1,0,1140.3508771929824
0,0,0,0,0,0,1,0,0,0,0,0,1,0,0,0,0,0,1,0,0,0,0,1,38.0,1,1987,0,1,0,2,5,0,0,0,1710.5263157894738
1,0,0,0,0,0,0,0,0,0,0,0,1,0,0,0,0,0,1,0,0,0,0,2,56.0,1,1961,1,0,0,1,4,0,1,0,1785.7142857142858
0,0,0,1,0,0,0,0,0,0,0,0,1,0,0,0,0,0,0,0,1,0,0,2,42.0,0,1967,1,0,0,4,4,0,1,1,1416.6666666666667
0,1,0,0,0,0,0,0,0,0,0,1,0,0,0,0,0,0,0,1,0,0,0,3,56.3,1,2023,0,1,0,13,14,1,0,0,1190.0532859680284
0,0,0,0,1,0,0,0,0,0,0,0,1,0,0,0,0,0,1,0,0,0,0,1,33.0,1,1975,0,0,1,5,5,0,0,0,1969.6969696969697
0,1,0,0,0,0,0,0,0,0,0,0,0,1,0,0,0,0,0,0,0,0,1,1,59.0,0,2027,0,0,1,6,20,0,0,0,1500.0
0,1,0,0,0,0,0,0,0,0,0,1,0,0,0,0,0,0,0,1,0,0,0,1,40.51,0,2023,0,1,0,9,12,0,0,0,1419.4026166378674
1,0,0,0,0,0,0,0,0,0,0,0,1,0,0,0,0,0,1,0,0,0,0,3,93.0,0,2019,1,0,0,1,5,1,1,1,1129.032258064516
0,1,0,0,0,0,0,0,0,0,0,0,1,0,0,0,0,0,0,1,0,0,0,3,86.5,1,2025,0,1,0,12,15,0,0,0,850.8670520231213
0,1,0,0,0,0,0,0,0,0,0,0,1,0,0,0,0,0,1,0,0,0,0,1,53.0,0,2023,0,1,0,6,9,0,0,0,1207.5471698113208
0,1,0,0,0,0,0,0,0,0,0,0,1,0,0,0,0,0,0,1,0,0,0,1,51.0,0,2023,0,1,0,13,15,0,0,0,1156.862745098039
0,1,0,0,0,0,0,0,0,0,0,1,0,0,0,0,0,0,0,1,0,0,0,3,104.0,0,2024,0,1,0,12,15,0,0,0,1100.0
0,1,0,0,0,0,0,0,0,0,0,0,0,1,0,0,0,0,0,1,0,0,0,1,54.39,0,2023,0,1,0,8,9,0,0,0,1093.951093951094
0,0,0,0,1,0,0,0,0,0,0,0,0,0,0,0,0,0,0,0,0,0,0,3,58.0,0,1969,0,0,1,3,4,0,0,0,1655.1724137931035
0,1,0,0,0,0,0,0,0,0,0,0,1,0,0,0,0,0,0,0,1,0,0,3,73.0,0,2023,1,0,0,5,7,0,0,0,1547.945205479452
1,0,0,0,0,0,0,0,0,0,0,0,0,0,0,0,0,0,0,0,0,0,0,2,100.0,0,2019,0,1,0,9,14,0,0,0,1650.0
0,1,0,0,0,0,0,0,0,0,0,1,0,0,0,0,0,0,1,0,0,0,0,4,176.0,0,2022,0,1,0,9,10,0,0,0,2397.7272727272725
0,1,0,0,0,0,0,0,0,0,0,0,1,0,0,0,0,0,1,0,0,0,0,2,74.0,0,2018,0,1,0,10,19,0,1,1,2567.5675675675675
0,0,1,0,0,0,0,0,0,0,0,0,1,0,0,0,0,0,1,0,0,0,0,4,72.0,1,1992,0,1,0,8,9,0,1,1,2291.6666666666665
0,1,0,0,0,0,0,0,0,0,0,1,0,0,0,0,0,0,0,1,0,0,0,3,128.0,0,2022,1,0,0,9,14,0,0,0,1460.0
0,1,0,0,0,0,0,0,0,0,0,0,1,0,0,0,0,0,0,0,1,0,0,1,52.0,0,2023,0,1,0,1,9,0,0,0,1307.6923076923076
0,0,0,0,0,0,1,0,0,0,0,0,0,1,0,0,0,0,0,1,0,0,0,1,44.0,0,2025,0,0,1,3,5,0,0,0,977.2727272727273
0,0,0,0,0,0,1,0,0,0,0,0,0,0,0,0,0,0,0,0,0,0,0,2,50.0,0,1980,0,0,1,9,9,0,0,0,1630.0
0,0,1,0,0,0,0,0,0,0,0,0,0,0,0,0,0,0,0,0,1,0,0,1,45.0,1,2016,1,0,0,8,9,0,0,0,1355.5555555555557
0,0,0,0,1,0,0,0,0,0,0,0,1,0,0,0,0,0,0,0,1,0,0,3,58.8,1,1975,0,0,1,3,4,0,0,0,1411.5646258503402
0,0,1,0,0,0,0,0,0,0,0,0,1,0,0,0,0,0,1,0,0,0,0,1,45.0,0,1998,0,0,1,1,5,1,1,1,1100.0
0,1,0,0,0,0,0,0,0,0,0,1,0,0,0,0,0,0,0,1,0,0,0,4,155.0,0,2024,0,1,0,9,19,0,0,0,1860.0
1,0,0,0,0,0,0,0,0,0,0,0,0,0,0,0,0,0,0,0,0,0,0,4,139.0,0,2018,1,0,0,7,12,0,0,0,1366.9064748201438
0,1,0,0,0,0,0,0,0,0,0,1,0,0,0,0,0,0,1,0,0,0,0,4,90.0,0,2023,0,1,0,1,10,0,0,0,1166.6666666666667
0,1,0,0,0,0,0,0,0,0,0,1,0,0,0,0,0,0,0,1,0,0,0,2,74.48,0,2022,0,1,0,10,16,0,0,0,1275.5102040816325
0,1,0,0,0,0,0,0,0,0,0,1,0,0,0,0,0,0,0,1,0,0,0,1,62.0,0,2025,0,1,0,12,13,0,0,0,1100.0
0,1,0,0,0,0,0,0,0,0,0,1,0,0,0,0,0,0,1,0,0,0,0,3,90.0,0,2021,0,1,0,9,9,0,0,0,2100.0
0,1,0,0,0,0,0,0,0,0,0,1,0,0,0,0,0,0,0,1,0,0,0,4,174.0,0,2025,0,1,0,12,18,0,0,0,1580.4597701149426
0,1,0,0,0,0,0,0,0,0,0,0,0,0,0,0,0,0,0,1,0,0,0,3,111.71,0,2023,0,1,0,7,12,0,0,0,1002.5960075194702
0,1,0,0,0,0,0,0,0,0,0,0,1,0,0,0,0,0,1,0,0,0,0,1,47.0,0,2024,0,0,1,3,4,0,0,0,1244.6808510638298
0,1,0,0,0,0,0,0,0,0,0,0,1,0,0,0,0,0,0,0,1,0,0,3,100.0,0,2023,0,1,0,6,15,0,0,0,1550.0
0,1,0,0,0,0,0,0,0,0,0,1,0,0,0,0,0,0,1,0,0,0,0,2,59.0,1,2022,0,1,0,5,12,1,0,0,2084.7457627118642
0,0,1,0,0,0,0,0,0,0,0,0,1,0,0,0,0,0,0,0,1,0,0,1,45.0,1,2014,0,0,1,5,9,0,1,0,1400.0
0,0,0,0,1,0,0,0,0,0,0,0,1,0,0,0,0,0,0,0,0,1,0,2,44.0,0,1985,0,0,1,4,4,0,0,0,1511.3636363636363
0,0,0,1,0,0,0,0,0,0,0,0,0,0,0,0,0,0,0,0,0,0,0,2,43.0,0,1964,1,0,0,3,4,0,0,0,1744.1860465116279
0,1,0,0,0,0,0,0,0,0,0,1,0,0,0,0,0,0,0,1,0,0,0,1,85.0,0,2023,0,1,0,13,16,0,0,0,1150.0
0,1,0,0,0,0,0,0,0,0,0,0,0,0,0,0,0,0,1,0,0,0,0,3,101.0,1,2023,1,0,0,8,12,0,0,0,1306.930693069307
0,0,1,0,0,0,0,0,0,0,0,0,1,0,0,0,0,0,1,0,0,0,0,2,52.2,0,2019,0,0,1,5,9,0,1,0,1580.4597701149423
0,0,0,0,1,0,0,0,0,0,0,0,1,0,0,0,0,0,1,0,0,0,0,3,58.0,0,1975,0,0,1,1,4,0,1,0,1482.7586206896551
0,1,0,0,0,0,0,0,0,0,0,1,0,0,0,0,0,0,0,1,0,0,0,3,135.0,0,2023,1,0,0,3,7,0,0,0,1900.0
0,1,0,0,0,0,0,0,0,0,0,1,0,0,0,0,0,0,1,0,0,0,0,2,55.0,1,2022,0,0,1,8,14,0,0,0,1963.6363636363637
0,1,0,0,0,0,0,0,0,0,0,1,0,0,0,0,0,0,0,1,0,0,0,2,77.0,0,2024,0,1,0,7,12,1,0,0,1220.7792207792209
1,0,0,0,0,0,0,0,0,0,0,1,0,0,0,0,0,0,0,1,0,0,0,3,150.0,1,2019,0,1,0,3,18,0,0,0,1800.0
0,1,0,0,0,0,0,0,0,0,0,0,0,1,0,0,0,0,1,0,0,0,0,3,77.0,0,2022,0,1,0,10,18,1,0,0,2467.5324675324673
0,0,0,1,0,0,0,0,0,0,0,0,1,0,0,0,0,0,0,0,1,0,0,1,32.0,1,1967,0,0,1,4,4,0,0,1,1759.375
0,0,0,0,0,0,1,0,0,0,0,0,1,0,0,0,0,0,1,0,0,0,0,3,63.0,0,1987,1,0,0,5,5,0,1,1,1380.952380952381
1,0,0,0,0,0,0,0,0,0,0,0,0,0,0,0,0,0,0,0,0,0,0,2,67.95,0,2024,0,1,0,13,16,0,0,0,1090.0073583517292
0,1,0,0,0,0,0,0,0,0,0,1,0,0,0,0,0,0,1,0,0,0,0,4,128.5,0,2023,0,1,0,6,14,0,0,0,2311.284046692607
1,0,0,0,0,0,0,0,0,0,0,0,0,0,1,0,0,0,1,0,0,0,0,2,55.0,0,2022,1,0,0,1,4,0,1,1,1309.090909090909
0,0,0,0,0,0,1,0,0,0,0,0,1,0,0,0,0,0,0,0,1,0,0,1,33.0,0,1987,0,0,1,2,9,0,0,0,1696.969696969697
0,1,0,0,0,0,0,0,0,0,0,1,0,0,0,0,0,0,1,0,0,0,0,2,54.0,0,2023,0,1,0,6,9,0,0,0,1333.3333333333333
0,1,0,0,0,0,0,0,0,0,0,0,0,0,0,0,0,0,0,1,0,0,0,1,45.0,0,2025,0,1,0,13,14,1,0,0,988.8888888888889
1,0,0,0,0,0,0,0,0,0,0,1,0,0,0,0,0,0,1,0,0,0,0,1,39.0,1,2023,0,0,1,3,9,1,0,0,1423.076923076923
0,1,0,0,0,0,0,0,0,0,0,0,1,0,0,0,0,0,0,1,0,0,0,2,60.0,0,2023,0,1,0,6,13,1,0,0,1166.6666666666667
0,0,0,0,1,0,0,0,0,0,0,0,1,0,0,0,0,0,0,0,1,0,0,2,45.0,0,1975,0,0,1,1,4,0,0,0,1688.888888888889
0,0,0,0,0,0,1,0,0,0,0,0,1,0,0,0,0,0,1,0,0,0,0,1,35.0,1,1990,0,0,1,6,9,0,1,1,1600.0
0,1,0,0,0,0,0,0,0,0,0,1,0,0,0,0,0,0,0,1,0,0,0,2,66.5,0,2024,0,1,0,12,12,0,0,0,1127.8195488721803
0,1,0,0,0,0,0,0,0,0,0,0,1,0,0,0,0,0,1,0,0,0,0,3,80.0,0,2019,0,1,0,10,12,0,0,0,1562.5
0,0,0,0,0,0,1,0,0,0,0,0,1,0,0,0,0,0,0,0,1,0,0,1,40.0,0,1987,0,0,1,5,9,0,1,1,1700.0
1,0,0,0,0,0,0,0,0,0,0,0,0,0,0,0,0,0,0,0,0,0,0,3,125.98,0,2017,1,0,0,4,9,0,0,0,1349.4205429433243
0,1,0,0,0,0,0,0,0,0,0,0,1,0,0,0,0,0,1,0,0,0,0,3,109.0,0,2023,0,1,0,12,12,0,0,0,1807.3394495412845
0,0,0,0,1,0,0,0,0,0,0,0,1,0,0,0,0,0,1,0,0,0,0,3,58.0,0,1975,0,0,1,4,5,0,0,0,1362.0689655172414
0,1,0,0,0,0,0,0,0,0,0,1,0,0,0,0,0,0,0,1,0,0,0,1,47.0,1,2023,0,1,0,3,7,0,0,0,1276.595744680851
0,1,0,0,0,0,0,0,0,0,0,0,1,0,0,0,0,0,1,0,0,0,0,4,140.0,0,2015,0,1,0,4,12,1,1,0,2142.8571428571427
0,1,0,0,0,0,0,0,0,0,0,1,0,0,0,0,0,0,0,1,0,0,0,2,62.0,0,2024,0,1,0,6,12,0,0,0,1300.0
0,1,0,0,0,0,0,0,0,0,0,1,0,0,0,0,0,0,0,1,0,0,0,2,50.0,0,2025,1,0,0,8,12,1,0,0,1320.0
0,1,0,0,0,0,0,0,0,0,0,1,0,0,0,0,0,0,1,0,0,0,0,2,63.0,0,2022,0,1,0,10,12,0,0,0,1587.3015873015872
0,1,0,0,0,0,0,0,0,0,0,1,0,0,0,0,0,0,1,0,0,0,0,1,44.0,0,2023,0,1,0,13,14,0,0,0,1431.8181818181818
0,1,0,0,0,0,0,0,0,0,0,0,1,0,0,0,0,0,0,0,1,0,0,3,137.0,0,2015,0,1,0,12,12,0,1,0,1861.3138686131388
0,1,0,0,0,0,0,0,0,0,0,0,0,0,0,0,0,0,0,1,0,0,0,2,73.0,0,2026,0,1,0,6,14,0,0,0,1000.0
0,1,0,0,0,0,0,0,0,0,0,0,1,0,0,0,0,0,0,1,0,0,0,2,73.4,0,2024,1,0,0,3,10,1,0,0,1139.2370572207083
0,1,0,0,0,0,0,0,0,0,0,0,0,0,1,0,0,0,1,0,0,0,0,2,47.0,0,2023,0,1,0,10,10,0,0,0,1776.595744680851
0,1,0,0,0,0,0,0,0,0,0,1,0,0,0,0,0,0,0,1,0,0,0,2,77.46,1,2024,0,1,0,7,12,0,0,0,1290.9888974954818
0,1,0,0,0,0,0,0,0,0,0,0,1,0,0,0,0,0,0,1,0,0,0,3,91.0,0,2021,0,1,0,11,15,1,0,0,1065.934065934066
1,0,0,0,0,0,0,0,0,0,0,0,1,0,0,0,0,0,0,0,0,1,0,2,61.0,0,1970,1,0,0,3,4,0,0,0,1254.0983606557377
1,0,0,0,0,0,0,0,0,0,0,0,1,0,0,0,0,0,0,0,0,1,0,2,53.0,0,1980,1,0,0,2,5,0,1,1,1339.622641509434
0,0,0,0,1,0,0,0,0,0,0,0,1,0,0,0,0,0,0,0,0,1,0,2,46.0,0,1975,1,0,0,2,4,1,1,1,1543.4782608695652
0,1,0,0,0,0,0,0,0,0,0,1,0,0,0,0,0,0,1,0,0,0,0,1,41.0,0,2023,0,1,0,3,10,1,0,0,1414.6341463414635
0,1,0,0,0,0,0,0,0,0,0,0,0,0,0,0,0,0,0,1,0,0,0,2,80.0,0,2025,0,1,0,6,10,0,0,0,1725.0
0,1,0,0,0,0,0,0,0,0,0,1,0,0,0,0,0,0,0,1,0,0,0,3,95.0,0,2024,0,1,0,9,12,1,0,0,850.0
0,1,0,0,0,0,0,0,0,0,0,0,1,0,0,0,0,0,0,1,0,0,0,1,52.0,0,2024,0,1,0,16,18,1,0,0,961.5384615384615
1,0,0,0,0,0,0,0,0,0,0,0,1,0,0,0,0,0,1,0,0,0,0,1,32.0,0,1974,1,0,0,3,4,0,1,1,1953.125
0,1,0,0,0,0,0,0,0,0,0,1,0,0,0,0,0,0,1,0,0,0,0,3,92.0,0,2024,0,1,0,12,13,0,0,0,1554.3478260869565
0,1,0,0,0,0,0,0,0,0,0,1,0,0,0,0,0,0,0,1,0,0,0,1,49.0,1,2023,1,0,0,5,10,0,0,0,1255.1020408163265
0,1,0,0,0,0,0,0,0,0,0,0,1,0,0,0,0,0,0,1,0,0,0,2,72.0,0,2025,0,1,0,5,14,1,0,0,1150.0
0,1,0,0,0,0,0,0,0,0,0,0,1,0,0,0,0,0,0,0,1,0,0,2,65.4,0,2016,0,1,0,2,10,0,0,1,1605.5045871559632
1,0,0,0,0,0,0,0,0,0,0,0,0,1,0,0,0,0,0,0,0,1,0,2,46.0,0,2019,0,0,1,2,5,0,1,1,1410.6521739130435
0,1,0,0,0,0,0,0,0,0,0,0,0,0,0,0,0,0,0,1,0,0,0,1,49.0,1,2023,1,0,0,4,5,0,0,0,836.734693877551
1,0,0,0,0,0,0,0,0,0,0,0,0,0,0,0,0,0,0,0,0,0,0,2,62.5,0,2017,0,1,0,10,10,0,0,0,1520.0
0,1,0,0,0,0,0,0,0,0,0,0,0,0,1,0,0,0,1,0,0,0,0,3,100.0,1,2023,0,1,0,1,4,1,1,0,1800.0
0,0,0,0,0,0,1,0,0,0,0,0,1,0,0,0,0,0,1,0,0,0,0,3,88.0,1,2012,0,1,0,3,9,0,1,1,1306.0
1,0,0,0,0,0,0,0,0,0,0,0,0,0,1,0,0,0,1,0,0,0,0,2,92.0,1,2008,1,0,0,2,10,1,1,1,1326.0869565217392
0,1,0,0,0,0,0,0,0,0,0,0,1,0,0,0,0,0,1,0,0,0,0,3,96.0,0,2020,0,1,0,8,15,0,0,0,2343.75
1,0,0,0,0,0,0,0,0,0,0,0,0,0,0,0,0,0,0,0,0,0,0,4,192.0,0,2014,1,0,0,9,10,0,0,0,1562.5
0,1,0,0,0,0,0,0,0,0,0,1,0,0,0,0,0,0,0,1,0,0,0,1,50.0,1,2023,1,0,0,12,17,0,0,0,1330.0
1,0,0,0,0,0,0,0,0,0,0,0,0,1,0,0,0,0,0,0,0,1,0,3,56.0,0,2019,1,0,0,1,5,0,0,0,1008.9285714285714
0,1,0,0,0,0,0,0,0,0,0,0,1,0,0,0,0,0,1,0,0,0,0,3,77.0,0,2023,0,1,0,8,15,0,0,0,1883.1168831168832
0,0,0,0,1,0,0,0,0,0,0,0,0,0,0,0,0,0,0,0,0,0,0,2,43.0,0,1975,0,0,1,1,4,0,0,0,1662.7906976744187
0,1,0,0,0,0,0,0,0,0,0,1,0,0,0,0,0,0,0,1,0,0,0,3,108.0,1,2024,0,1,0,11,14,1,0,0,1100.0
1,0,0,0,0,0,0,0,0,0,0,0,0,0,1,0,0,0,1,0,0,0,0,4,96.0,1,2012,1,0,0,1,1,0,0,0,2395.8333333333335
0,1,0,0,0,0,0,0,0,0,0,0,0,0,0,0,0,0,0,1,0,0,0,3,90.0,0,2026,1,0,0,5,17,1,0,0,1150.0
1,0,0,0,0,0,0,0,0,0,0,0,1,0,0,0,0,0,0,1,0,0,0,3,103.0,1,2014,1,0,0,10,12,0,0,0,1747.5728155339805
0,0,0,0,1,0,0,0,0,0,0,0,1,0,0,0,0,0,0,0,1,0,0,3,58.0,0,1975,0,0,1,3,4,0,0,0,1405.1724137931035
0,1,0,0,0,0,0,0,0,0,0,1,0,0,0,0,0,0,1,0,0,0,0,2,80.0,0,2022,0,1,0,9,10,0,0,0,1875.0
0,1,0,0,0,0,0,0,0,0,0,0,0,1,0,0,0,0,1,0,0,0,0,3,106.0,0,2016,0,0,1,9,9,0,1,0,1245.2830188679245
0,1,0,0,0,0,0,0,0,0,0,1,0,0,0,0,0,0,1,0,0,0,0,3,103.0,0,2018,0,1,0,5,10,0,0,0,1543.6893203883494
1,0,0,0,0,0,0,0,0,0,0,0,0,0,0,0,0,0,0,0,0,0,0,1,32.0,0,1975,1,0,0,5,5,0,0,0,1687.5
1,0,0,0,0,0,0,0,0,0,0,0,0,0,0,0,0,0,0,0,0,0,0,4,192.0,0,2006,0,1,0,6,7,0,0,0,1901.0416666666667
0,1,0,0,0,0,0,0,0,0,0,1,0,0,0,0,0,0,1,0,0,0,0,1,52.0,0,2022,0,1,0,5,12,0,0,0,1557.6923076923076
0,1,0,0,0,0,0,0,0,0,0,0,0,0,0,0,0,0,0,1,0,0,0,4,137.0,0,2024,0,1,0,4,16,0,0,0,919.7080291970802
0,1,0,0,0,0,0,0,0,0,0,0,1,0,0,0,0,0,0,1,0,0,0,1,44.0,1,2024,1,0,0,7,14,1,0,0,1040.909090909091
0,0,1,0,0,0,0,0,0,0,0,0,0,0,1,0,0,0,0,0,1,0,0,1,45.0,0,2019,0,0,1,6,9,0,0,0,1304.4444444444443
0,0,0,0,1,0,0,0,0,0,0,0,1,0,0,0,0,0,0,0,0,1,0,2,44.0,0,1975,1,0,0,1,4,1,1,0,1613.6363636363637
0,1,0,0,0,0,0,0,0,0,0,1,0,0,0,0,0,0,0,1,0,0,0,1,40.0,1,2023,1,0,0,3,16,0,0,0,1312.5
0,1,0,0,0,0,0,0,0,0,0,1,0,0,0,0,0,0,0,1,0,0,0,2,102.0,0,2022,0,1,0,16,16,1,0,0,965.6862745098039
0,0,0,0,1,0,0,0,0,0,0,0,0,0,0,0,0,0,0,0,0,0,0,2,44.0,0,1972,0,0,1,3,4,0,0,0,1613.6363636363637
0,1,0,0,0,0,0,0,0,0,0,0,1,0,0,0,0,0,0,1,0,0,0,3,85.0,0,2024,0,1,0,9,9,0,0,0,817.6470588235294
0,1,0,0,0,0,0,0,0,0,0,1,0,0,0,0,0,0,0,1,0,0,0,1,64.0,0,2022,0,1,0,2,12,0,0,0,1039.0625
0,1,0,0,0,0,0,0,0,0,0,0,1,0,0,0,0,0,1,0,0,0,0,3,116.0,0,2022,0,1,0,9,16,1,1,0,1349.1379310344828
0,1,0,0,0,0,0,0,0,0,0,1,0,0,0,0,0,0,0,1,0,0,0,6,362.0,0,2024,0,1,0,4,18,0,0,0,1618.7845303867402
1,0,0,0,0,0,0,0,0,0,0,0,0,0,0,0,0,0,0,0,0,0,0,3,90.0,0,2024,1,0,0,7,12,0,0,0,1944.4444444444443
0,0,1,0,0,0,0,0,0,0,0,1,0,0,0,0,0,0,1,0,0,0,0,3,106.0,0,2016,0,0,1,9,9,0,1,1,1273.5849056603774
1,0,0,0,0,0,0,0,0,0,0,0,0,0,0,0,0,0,0,0,0,0,0,1,48.5,0,2024,0,1,0,8,16,0,0,0,1381.4432989690722
0,1,0,0,0,0,0,0,0,0,0,0,1,0,0,0,0,0,0,1,0,0,0,2,57.0,0,2020,0,1,0,12,14,0,0,0,1175.438596491228
0,1,0,0,0,0,0,0,0,0,0,0,1,0,0,0,0,0,1,0,0,0,0,2,77.0,1,2017,0,1,0,14,16,0,0,0,1633.7662337662337
0,1,0,0,0,0,0,0,0,0,0,1,0,0,0,0,0,0,0,1,0,0,0,1,48.0,0,2022,1,0,0,14,14,0,0,0,1276.0416666666667
1,0,0,0,0,0,0,0,0,0,0,0,0,0,0,0,0,0,0,0,0,0,0,2,43.0,0,1970,1,0,0,3,5,0,0,0,1558.139534883721
1,0,0,0,0,0,0,0,0,0,0,0,0,0,1,0,0,0,1,0,0,0,0,3,58.0,0,2019,1,0,0,2,2,0,1,1,2068.9655172413795
0,1,0,0,0,0,0,0,0,0,0,0,1,0,0,0,0,0,1,0,0,0,0,2,84.0,0,2023,1,0,0,9,9,0,1,0,1845.2380952380952
1,0,0,0,0,0,0,0,0,0,0,0,0,0,0,0,0,0,0,0,0,0,0,2,49.1,0,2016,0,1,0,10,10,0,0,0,1629.3279022403258
0,1,0,0,0,0,0,0,0,0,0,0,1,0,0,0,0,0,1,0,0,0,0,2,66.0,0,2024,0,1,0,12,12,1,0,0,1765.1515151515152
0,1,0,0,0,0,0,0,0,0,0,0,0,1,0,0,0,0,0,1,0,0,0,2,48.91,0,2025,0,1,0,12,14,0,0,0,1059.0881210386424
0,0,0,0,1,0,0,0,0,0,0,0,1,0,0,0,0,0,0,0,1,0,0,2,46.0,1,1975,0,0,1,3,4,0,0,0,1695.6521739130435
0,1,0,0,0,0,0,0,0,0,0,1,0,0,0,0,0,0,1,0,0,0,0,4,103.0,0,2022,0,1,0,6,14,0,0,0,2330.097087378641
0,1,0,0,0,0,0,0,0,0,0,1,0,0,0,0,0,0,1,0,0,0,0,4,165.0,0,2019,0,1,0,3,13,0,0,0,2121.212121212121
0,1,0,0,0,0,0,0,0,0,0,0,1,0,0,0,0,0,1,0,0,0,0,1,60.0,0,2019,0,1,0,12,12,0,0,0,1916.6666666666667
0,1,0,0,0,0,0,0,0,0,0,1,0,0,0,0,0,0,0,1,0,0,0,3,127.47,0,2022,0,0,1,8,13,1,0,0,1384.6395230250255
0,1,0,0,0,0,0,0,0,0,0,0,0,0,0,0,0,0,0,1,0,0,0,2,72.0,0,2025,0,1,0,7,10,1,0,0,850.0
0,1,0,0,0,0,0,0,0,0,0,0,1,0,0,0,0,0,0,1,0,0,0,1,36.0,0,2024,0,1,0,11,12,0,0,0,1277.7777777777778
0,1,0,0,0,0,0,0,0,0,0,0,0,1,0,0,0,0,0,0,1,0,0,1,43.0,0,2023,0,1,0,5,5,0,0,0,1395.3488372093022
1,0,0,0,0,0,0,0,0,0,0,0,0,0,0,0,0,0,1,0,0,0,0,2,44.0,1,1960,1,0,0,3,3,0,1,1,1588.6363636363637
0,0,0,0,0,0,0,0,1,0,0,0,0,1,0,0,0,0,0,0,1,0,0,1,25.0,1,2016,1,0,0,2,3,0,1,0,1260.0
0,1,0,0,0,0,0,0,0,0,0,0,0,0,0,0,0,0,0,1,0,0,0,3,88.0,0,2023,1,0,0,6,14,0,0,0,1090.909090909091
0,1,0,0,0,0,0,0,0,0,0,0,1,0,0,0,0,0,1,0,0,0,0,3,147.5,1,2019,1,0,0,5,6,0,1,1,1491.5254237288136
0,0,0,0,0,0,1,0,0,0,0,0,0,0,0,0,0,0,0,0,0,0,0,1,51.0,0,1981,0,0,1,1,5,0,0,0,1676.4705882352941
0,1,0,0,0,0,0,0,0,0,0,0,1,0,0,0,0,0,1,0,0,0,0,3,78.0,0,2023,1,0,0,6,16,0,0,0,2089.74358974359
0,1,0,0,0,0,0,0,0,0,0,1,0,0,0,0,0,0,1,0,0,0,0,1,35.0,0,2023,1,0,0,5,9,0,0,0,2028.5714285714287
0,0,0,0,0,0,1,0,0,0,0,0,0,0,0,0,0,0,0,0,0,0,0,3,64.0,0,1989,0,0,1,5,9,0,0,0,2046.875
0,1,0,0,0,0,0,0,0,0,0,0,1,0,0,0,0,0,1,0,0,0,0,1,49.0,0,2023,1,0,0,7,10,1,0,0,1571.4285714285713
0,1,0,0,0,0,0,0,0,0,0,0,0,1,0,0,0,0,1,0,0,0,0,2,70.0,0,2021,1,0,0,1,9,1,0,0,1328.5714285714287
0,1,0,0,0,0,0,0,0,0,0,1,0,0,0,0,0,0,0,1,0,0,0,4,153.59,0,2025,0,1,0,4,9,1,0,0,1269.6139071554137
0,1,0,0,0,0,0,0,0,0,0,0,1,0,0,0,0,0,0,1,0,0,0,3,125.0,0,2019,0,1,0,10,12,0,0,0,1480.0
0,0,0,0,0,0,1,0,0,0,0,0,1,0,0,0,0,0,0,0,0,0,1,1,33.0,0,1987,0,1,0,5,9,1,1,1,1666.6666666666667
0,0,0,0,1,0,0,0,0,0,0,0,1,0,0,0,0,0,0,0,1,0,0,2,43.0,0,1975,1,0,0,1,4,0,0,0,1744.1860465116279
0,1,0,0,0,0,0,0,0,0,0,0,1,0,0,0,0,0,1,0,0,0,0,3,121.0,0,2019,0,1,0,6,14,0,0,0,1735.5371900826447
1,0,0,0,0,0,0,0,0,0,0,0,0,0,0,0,0,0,0,0,0,0,0,2,67.6,0,2009,1,0,0,2,5,0,0,0,1760.355029585799
0,1,0,0,0,0,0,0,0,0,0,1,0,0,0,0,0,0,0,1,0,0,0,3,130.0,0,2022,0,1,0,8,14,1,1,1,1553.8461538461538
0,1,0,0,0,0,0,0,0,0,0,1,0,0,0,0,0,0,1,0,0,0,0,1,47.0,1,2025,1,0,0,14,15,0,0,0,1702.127659574468
0,0,0,0,1,0,0,0,0,0,0,0,1,0,0,0,0,0,0,0,0,1,0,2,43.0,0,1975,0,0,1,3,5,0,0,0,1576.7441860465117
0,1,0,0,0,0,0,0,0,0,0,1,0,0,0,0,0,0,0,1,0,0,0,2,62.0,0,2027,0,1,0,2,14,0,0,0,950.0
0,1,0,0,0,0,0,0,0,0,0,1,0,0,0,0,0,0,0,0,0,1,0,2,52.0,1,2023,0,1,0,1,3,1,1,1,1480.7692307692307
0,1,0,0,0,0,0,0,0,0,0,0,0,1,0,0,0,0,0,1,0,0,0,3,77.0,1,2025,0,1,0,6,12,0,0,0,1038.948051948052
0,1,0,0,0,0,0,0,0,0,0,1,0,0,0,0,0,0,0,1,0,0,0,4,183.0,1,2021,0,1,0,4,14,0,0,0,1600.0
0,1,0,0,0,0,0,0,0,0,0,1,0,0,0,0,0,0,0,1,0,0,0,2,85.0,0,2024,0,1,0,12,12,0,0,0,1150.0
0,1,0,0,0,0,0,0,0,0,0,1,0,0,0,0,0,0,1,0,0,0,0,2,78.0,0,2022,1,0,0,10,14,0,0,0,1666.6666666666667
0,0,0,0,0,0,1,0,0,0,0,0,1,0,0,0,0,0,0,0,1,0,0,2,47.0,0,1975,0,0,1,5,5,0,1,1,1234.0425531914893
0,1,0,0,0,0,0,0,0,0,0,0,0,0,1,0,0,0,1,0,0,0,0,5,400.0,0,2022,0,1,0,12,13,0,0,0,1375.0
0,1,0,0,0,0,0,0,0,0,0,0,1,0,0,0,0,0,1,0,0,0,0,3,92.0,0,2022,0,1,0,6,13,0,1,0,2119.5652173913045
0,1,0,0,0,0,0,0,0,0,0,0,0,1,0,0,0,0,0,0,0,0,1,2,53.0,0,2026,0,1,0,16,16,0,0,0,1100.0
0,1,0,0,0,0,0,0,0,0,0,0,1,0,0,0,0,0,1,0,0,0,0,3,114.0,0,2016,0,1,0,10,12,1,1,1,1447.3684210526317
0,1,0,0,0,0,0,0,0,0,0,0,0,0,0,0,0,0,0,1,0,0,0,3,133.0,0,2017,0,1,0,9,11,1,1,1,1804.5112781954888
0,1,0,0,0,0,0,0,0,0,0,0,0,1,0,0,0,0,1,0,0,0,0,1,52.0,0,2021,0,1,0,6,12,0,0,0,2000.0
0,1,0,0,0,0,0,0,0,0,0,1,0,0,0,0,0,0,0,1,0,0,0,3,131.0,1,2023,0,1,0,9,10,0,1,0,1640.0
1,0,0,0,0,0,0,0,0,0,0,0,0,0,0,0,0,0,1,0,0,0,0,3,80.0,0,2019,1,0,0,2,5,0,1,1,1400.0
0,1,0,0,0,0,0,0,0,0,0,0,1,0,0,0,0,0,1,0,0,0,0,2,61.0,0,2023,0,1,0,10,15,1,0,0,1745.9016393442623
0,0,0,0,0,0,1,0,0,0,0,0,1,0,0,0,0,0,0,0,1,0,0,2,50.0,0,1987,0,0,1,4,5,0,1,0,1310.0
0,1,0,0,0,0,0,0,0,0,0,0,1,0,0,0,0,0,0,0,0,1,0,2,46.0,0,2016,1,0,0,10,10,0,1,1,1847.8260869565217
0,1,0,0,0,0,0,0,0,0,0,0,1,0,0,0,0,0,1,0,0,0,0,4,102.0,0,2023,0,1,0,3,9,0,0,0,1205.8823529411766
0,1,0,0,0,0,0,0,0,0,0,0,1,0,0,0,0,0,1,0,0,0,0,2,75.0,0,2019,0,1,0,12,13,1,1,0,1440.0
0,1,0,0,0,0,0,0,0,0,0,1,0,0,0,0,0,0,0,1,0,0,0,3,110.6,0,2025,0,1,0,6,20,0,0,0,1198.996383363472
0,1,0,0,0,0,0,0,0,0,0,0,0,0,0,0,0,0,0,1,0,0,0,4,153.0,0,2022,0,0,1,4,14,0,0,0,1503.2679738562092
0,1,0,0,0,0,0,0,0,0,0,1,0,0,0,0,0,0,0,1,0,0,0,2,66.04,0,2023,0,1,0,8,14,1,0,0,938.824954572986
0,0,0,0,0,1,0,0,0,0,0,0,0,1,0,0,0,0,1,0,0,0,0,3,100.0,0,2022,0,1,0,2,9,1,1,0,1400.0
0,1,0,0,0,0,0,0,0,0,0,1,0,0,0,0,0,0,0,1,0,0,0,1,38.0,0,2022,0,1,0,1,14,0,0,0,1710.5263157894738
0,0,0,0,0,1,0,0,0,0,0,1,0,0,0,0,0,0,1,0,0,0,0,1,48.0,0,2023,0,1,0,9,9,1,1,1,1583.3333333333333
0,1,0,0,0,0,0,0,0,0,0,0,1,0,0,0,0,0,0,0,0,1,0,3,76.0,0,2023,0,0,1,4,9,0,0,0,1210.5263157894738
0,1,0,0,0,0,0,0,0,0,0,0,0,0,0,0,0,0,0,1,0,0,0,4,182.0,0,2023,0,1,0,4,5,0,1,1,1600.0
0,1,0,0,0,0,0,0,0,0,0,1,0,0,0,0,0,0,0,1,0,0,0,1,42.0,0,2023,0,1,0,8,9,0,0,0,1309.5238095238096
0,1,0,0,0,0,0,0,0,0,0,0,0,0,1,0,0,0,1,0,0,0,0,2,65.5,0,2017,0,1,0,2,12,1,1,0,1328.2442748091603
0,1,0,0,0,0,0,0,0,0,0,1,0,0,0,0,0,0,0,1,0,0,0,2,85.0,0,2026,1,0,0,10,15,0,0,0,1250.0
0,1,0,0,0,0,0,0,0,0,0,0,0,1,0,0,0,0,0,1,0,0,0,2,72.57,0,2022,0,1,0,14,14,0,0,0,771.6687336364889
0,0,0,0,1,0,0,0,0,0,0,0,1,0,0,0,0,0,0,0,1,0,0,3,60.0,0,1975,0,0,1,4,4,0,0,0,1291.6666666666667
0,1,0,0,0,0,0,0,0,0,0,0,0,1,0,0,0,0,1,0,0,0,0,2,80.0,1,2024,1,0,0,16,16,0,0,0,1937.5
0,1,0,0,0,0,0,0,0,0,0,0,1,0,0,0,0,0,1,0,0,0,0,4,180.0,1,2016,0,1,0,10,13,0,0,0,2555.5555555555557
1,0,0,0,0,0,0,0,0,0,0,0,0,0,0,0,0,0,0,0,0,0,0,3,83.3,0,2011,1,0,0,4,9,0,0,0,1764.7058823529412
0,1,0,0,0,0,0,0,0,0,0,1,0,0,0,0,0,0,0,1,0,0,0,1,45.0,0,2022,0,1,0,6,12,0,0,0,1404.4444444444443
0,1,0,0,0,0,0,0,0,0,0,0,0,1,0,0,0,0,0,1,0,0,0,2,122.78,0,2023,0,1,0,15,15,0,0,0,1628.9297931259161
0,0,1,0,0,0,0,0,0,0,0,0,0,0,0,0,0,0,0,0,0,0,0,3,72.0,0,2009,0,0,1,9,9,0,0,0,1222.2222222222222
0,1,0,0,0,0,0,0,0,0,0,0,0,0,0,0,0,0,0,1,0,0,0,1,48.0,0,2023,1,0,0,12,14,0,0,0,1072.9166666666667
0,1,0,0,0,0,0,0,0,0,0,0,0,0,0,0,0,0,0,1,0,0,0,3,101.0,0,2023,1,0,0,9,16,0,0,0,1485.148514851485
0,1,0,0,0,0,0,0,0,0,0,1,0,0,0,0,0,0,0,1,0,0,0,3,87.0,0,2023,1,0,0,15,15,0,0,1,1287.3563218390805
0,1,0,0,0,0,0,0,0,0,0,0,1,0,0,0,0,0,1,0,0,0,0,3,87.0,1,2019,1,0,0,6,14,0,1,1,2068.9655172413795
0,1,0,0,0,0,0,0,0,0,0,1,0,0,0,0,0,0,1,0,0,0,0,3,78.0,0,2023,1,0,0,2,4,1,0,0,1753.8461538461538
0,1,0,0,0,0,0,0,0,0,0,0,1,0,0,0,0,0,1,0,0,0,0,2,52.0,0,2022,0,1,0,10,16,0,0,0,1692.3076923076924
0,1,0,0,0,0,0,0,0,0,0,1,0,0,0,0,0,0,1,0,0,0,0,1,53.0,0,2023,0,1,0,6,9,1,0,0,1273.5849056603774
1,0,0,0,0,0,0,0,0,0,0,0,0,0,0,0,0,0,0,0,0,0,0,2,80.8,0,2021,1,0,0,9,10,0,0,0,1460.3960396039604
0,1,0,0,0,0,0,0,0,0,0,0,0,1,0,0,0,0,0,1,0,0,0,4,182.2,0,2023,0,1,0,4,4,0,1,1,1600.0
0,1,0,0,0,0,0,0,0,0,0,0,0,0,0,0,0,0,1,0,0,0,0,1,57.0,0,2022,0,1,0,5,10,0,0,0,2105.2631578947367
0,1,0,0,0,0,0,0,0,0,0,0,1,0,0,0,0,0,0,1,0,0,0,3,110.0,0,2023,0,1,0,7,10,0,1,0,1550.0
0,1,0,0,0,0,0,0,0,0,0,1,0,0,0,0,0,0,0,1,0,0,0,2,59.0,0,2022,0,1,0,10,12,0,0,1,1406.7796610169491
0,1,0,0,0,0,0,0,0,0,0,0,1,0,0,0,0,0,1,0,0,0,0,1,50.0,0,2021,1,0,0,8,12,1,0,0,1380.0
0,1,0,0,0,0,0,0,0,0,0,0,1,0,0,0,0,0,1,0,0,0,0,2,124.0,0,2023,1,0,0,9,10,0,0,0,1185.483870967742
0,1,0,0,0,0,0,0,0,0,0,0,1,0,0,0,0,0,1,0,0,0,0,1,40.0,0,2019,0,1,0,10,12,0,0,0,1875.0
0,1,0,0,0,0,0,0,0,0,0,0,1,0,0,0,0,0,0,1,0,0,0,1,57.0,0,2023,0,1,0,7,16,0,0,0,1350.0
0,0,0,0,0,0,0,0,0,0,1,1,0,0,0,0,0,0,0,1,0,0,0,2,80.4,0,2025,0,0,1,7,9,1,0,0,846.3930348258706
0,1,0,0,0,0,0,0,0,0,0,0,0,0,0,0,0,0,0,1,0,0,0,3,136.0,0,2024,1,0,0,6,25,0,0,0,2100.0
1,0,0,0,0,0,0,0,0,0,0,0,0,0,0,0,0,0,0,0,0,1,0,3,52.0,0,2019,0,0,1,1,2,0,0,0,1682.6923076923076
1,0,0,0,0,0,0,0,0,0,0,0,0,0,0,0,0,0,0,0,0,0,0,2,124.0,0,2014,1,0,0,9,10,0,0,0,1185.483870967742
0,1,0,0,0,0,0,0,0,0,0,0,0,1,0,0,0,0,0,1,0,0,0,1,66.12,0,2024,1,0,0,13,17,1,0,0,1550.0
0,1,0,0,0,0,0,0,0,0,0,0,1,0,0,0,0,0,1,0,0,0,0,4,130.0,0,2023,1,0,0,3,4,0,1,0,1730.7692307692307
0,1,0,0,0,0,0,0,0,0,0,0,0,0,1,0,0,0,1,0,0,0,0,2,70.0,0,2017,0,1,0,7,10,0,1,1,1600.0
0,1,0,0,0,0,0,0,0,0,0,0,0,0,0,0,0,0,0,1,0,0,0,3,99.0,0,2023,0,1,0,3,12,0,0,0,1137.939393939394
0,0,1,0,0,0,0,0,0,0,0,0,1,0,0,0,0,0,0,0,1,0,0,3,87.0,0,1992,0,0,1,7,9,0,1,0,1264.367816091954
0,1,0,0,0,0,0,0,0,0,0,0,1,0,0,0,0,0,1,0,0,0,0,2,74.0,0,2019,0,1,0,4,17,0,1,0,2270.2702702702704
0,0,0,0,1,0,0,0,0,0,0,0,0,0,0,0,0,0,0,0,0,0,0,1,32.0,0,1975,1,0,0,5,5,0,0,0,1781.25
0,1,0,0,0,0,0,0,0,0,0,0,1,0,0,0,0,0,0,0,1,0,0,3,150.0,0,2023,1,0,0,2,10,0,0,0,1533.3333333333333
0,1,0,0,0,0,0,0,0,0,0,0,1,0,0,0,0,0,1,0,0,0,0,3,107.0,1,2021,0,1,0,9,13,0,0,0,1962.6168224299065
1,0,0,0,0,0,0,0,0,0,0,0,0,0,0,0,0,0,0,0,0,0,0,3,103.86,0,2024,0,1,0,11,14,0,0,0,943.577893317928
0,1,0,0,0,0,0,0,0,0,0,0,1,0,0,0,0,0,1,0,0,0,0,2,65.0,0,2016,0,1,0,5,12,1,1,1,2000.0
0,1,0,0,0,0,0,0,0,0,0,0,1,0,0,0,0,0,1,0,0,0,0,2,48.0,0,2021,0,1,0,9,13,0,1,0,1770.8333333333333
0,1,0,0,0,0,0,0,0,0,0,1,0,0,0,0,0,0,1,0,0,0,0,2,69.0,1,2022,1,0,0,9,12,0,0,0,1666.6666666666667
0,1,0,0,0,0,0,0,0,0,0,0,0,0,0,0,0,0,1,0,0,0,0,1,52.0,0,2023,0,1,0,7,9,0,0,0,1307.6923076923076
1,0,0,0,0,0,0,0,0,0,0,0,0,0,0,0,0,0,0,0,0,0,0,2,80.0,0,2017,0,1,0,4,10,0,0,0,1912.5
0,1,0,0,0,0,0,0,0,0,0,0,1,0,0,0,0,0,1,0,0,0,0,2,59.0,0,2022,0,1,0,4,12,0,0,0,2118.64406779661
0,1,0,0,0,0,0,0,0,0,0,0,1,0,0,0,0,0,1,0,0,0,0,2,75.0,0,2022,0,1,0,16,16,0,1,0,1773.3333333333333
0,1,0,0,0,0,0,0,0,0,0,1,0,0,0,0,0,0,0,1,0,0,0,1,58.0,0,2024,0,1,0,13,16,0,0,0,1396.551724137931
0,1,0,0,0,0,0,0,0,0,0,1,0,0,0,0,0,0,0,1,0,0,0,1,37.0,0,2022,0,1,0,5,12,0,0,0,1405.4054054054054
0,1,0,0,0,0,0,0,0,0,0,0,1,0,0,0,0,0,0,1,0,0,0,1,41.5,0,2021,0,1,0,9,13,0,0,0,1530.120481927711
0,1,0,0,0,0,0,0,0,0,0,0,1,0,0,0,0,0,0,0,1,0,0,3,108.0,0,2023,0,1,0,6,15,0,0,0,1481.4814814814815
1,0,0,0,0,0,0,0,0,0,0,0,0,0,0,0,0,0,0,0,0,0,0,2,85.27,0,2023,0,1,0,10,12,0,0,0,1348.6572065204646
0,1,0,0,0,0,0,0,0,0,0,0,1,0,0,0,0,0,1,0,0,0,0,2,62.0,0,2021,0,1,0,12,12,1,0,0,1387.0967741935483
0,1,0,0,0,0,0,0,0,0,0,1,0,0,0,0,0,0,0,1,0,0,0,1,44.5,1,2025,0,1,0,9,10,0,0,0,1044.943820224719
0,1,0,0,0,0,0,0,0,0,0,0,0,0,1,0,0,0,1,0,0,0,0,3,140.0,0,2023,0,1,0,12,12,0,0,0,1642.857142857143
0,1,0,0,0,0,0,0,0,0,0,0,1,0,0,0,0,0,0,1,0,0,0,4,167.0,0,2019,0,1,0,11,12,1,0,0,1173.6526946107786
1,0,0,0,0,0,0,0,0,0,0,0,0,0,1,0,0,0,0,0,1,0,0,2,63.0,0,2019,1,0,0,2,3,1,1,1,952.3809523809524
0,1,0,0,0,0,0,0,0,0,0,1,0,0,0,0,0,0,0,1,0,0,0,2,78.0,0,2025,0,1,0,4,16,0,0,0,1500.0
0,0,1,0,0,0,0,0,0,0,0,0,1,0,0,0,0,0,0,0,1,0,0,3,70.0,0,1992,0,0,1,8,9,1,1,0,1342.857142857143
0,0,0,0,0,0,0,1,0,0,0,0,1,0,0,0,0,0,1,0,0,0,0,5,165.0,0,2019,0,1,0,16,17,1,1,1,1987.878787878788
0,1,0,0,0,0,0,0,0,0,0,1,0,0,0,0,0,0,0,0,0,0,1,3,106.0,0,2022,0,1,0,11,14,0,0,0,1066.0377358490566
0,1,0,0,0,0,0,0,0,0,0,0,1,0,0,0,0,0,1,0,0,0,0,1,63.0,0,2023,0,1,0,4,12,0,0,0,1523.8095238095239
0,1,0,0,0,0,0,0,0,0,0,0,1,0,0,0,0,0,1,0,0,0,0,6,264.0,0,2015,1,0,0,6,10,0,0,0,1780.3030303030303
0,1,0,0,0,0,0,0,0,0,0,1,0,0,0,0,0,0,0,1,0,0,0,1,62.0,0,2023,0,1,0,8,12,0,0,0,1150.0
0,1,0,0,0,0,0,0,0,0,0,1,0,0,0,0,0,0,1,0,0,0,0,1,48.0,1,2024,1,0,0,10,10,0,0,0,1645.8333333333333
0,1,0,0,0,0,0,0,0,0,0,1,0,0,0,0,0,0,0,1,0,0,0,2,81.0,0,2027,1,0,0,5,12,0,0,0,1200.0
0,0,1,0,0,0,0,0,0,0,0,0,1,0,0,0,0,0,0,1,0,0,0,1,43.0,0,2024,0,1,0,6,9,0,0,0,1139.5348837209303
0,0,0,0,0,0,1,0,0,0,0,0,1,0,0,0,0,0,0,0,0,1,0,1,35.0,0,1987,0,0,1,2,5,0,0,0,1885.7142857142858
0,1,0,0,0,0,0,0,0,0,0,0,1,0,0,0,0,0,1,0,0,0,0,3,88.0,0,2024,0,1,0,11,12,1,0,0,1761.3636363636363
0,1,0,0,0,0,0,0,0,0,0,1,0,0,0,0,0,0,0,1,0,0,0,2,63.0,0,2023,1,0,0,6,11,0,0,0,1111.111111111111
0,1,0,0,0,0,0,0,0,0,0,0,0,1,0,0,0,0,1,0,0,0,0,2,58.0,0,2019,0,1,0,12,12,0,0,0,1500.0
0,1,0,0,0,0,0,0,0,0,0,1,0,0,0,0,0,0,1,0,0,0,0,3,105.0,1,2022,0,1,0,4,12,1,1,1,1733.3333333333333
0,1,0,0,0,0,0,0,0,0,0,0,1,0,0,0,0,0,1,0,0,0,0,2,78.0,1,2023,0,1,0,2,10,0,0,0,1794.871794871795
0,1,0,0,0,0,0,0,0,0,0,0,0,0,0,0,0,0,0,1,0,0,0,3,80.0,0,2024,0,1,0,13,15,0,0,0,1350.0
0,1,0,0,0,0,0,0,0,0,0,0,1,0,0,0,0,0,1,0,0,0,0,2,68.0,0,2021,0,1,0,10,13,1,1,0,1514.7058823529412
0,1,0,0,0,0,0,0,0,0,0,1,0,0,0,0,0,0,0,1,0,0,0,2,63.0,0,2024,0,1,0,13,14,1,0,0,1174.6031746031747
0,1,0,0,0,0,0,0,0,0,0,0,1,0,0,0,0,0,1,0,0,0,0,2,70.0,0,2022,1,0,0,10,12,0,0,1,1414.2857142857142
0,1,0,0,0,0,0,0,0,0,0,0,0,0,0,1,0,0,1,0,0,0,0,1,47.8,0,2023,0,1,0,5,9,1,0,1,1506.2761506276152
0,1,0,0,0,0,0,0,0,0,0,0,1,0,0,0,0,0,0,1,0,0,0,2,72.0,0,2024,0,1,0,9,9,0,0,0,1055.5555555555557
0,0,1,0,0,0,0,0,0,0,0,0,1,0,0,0,0,0,1,0,0,0,0,3,80.0,0,1992,0,0,1,4,9,0,1,1,1375.0
0,1,0,0,0,0,0,0,0,0,0,0,1,0,0,0,0,0,1,0,0,0,0,3,107.0,0,2020,0,1,0,10,10,1,1,1,1700.9345794392523
0,1,0,0,0,0,0,0,0,0,0,0,0,0,1,0,0,0,1,0,0,0,0,2,60.0,0,2019,0,1,0,4,10,1,1,1,1416.6666666666667
0,1,0,0,0,0,0,0,0,0,0,1,0,0,0,0,0,0,0,1,0,0,0,3,107.0,0,2024,0,1,0,11,14,1,0,0,1100.0
0,0,0,1,0,0,0,0,0,0,0,0,1,0,0,0,0,0,0,0,1,0,0,3,54.0,0,1967,1,0,0,1,4,0,1,0,1324.0740740740741
0,0,0,0,0,0,1,0,0,0,0,0,0,0,0,0,0,0,0,0,0,0,0,1,38.6,0,1983,0,0,1,6,9,0,0,0,1386.0103626943005
0,1,0,0,0,0,0,0,0,0,0,0,1,0,0,0,0,0,1,0,0,0,0,4,108.0,0,2020,0,1,0,11,12,0,0,0,1759.2592592592594
0,1,0,0,0,0,0,0,0,0,0,0,1,0,0,0,0,0,1,0,0,0,0,3,75.0,1,2023,1,0,0,4,6,1,0,0,1466.6666666666667
0,1,0,0,0,0,0,0,0,0,0,1,0,0,0,0,0,0,0,1,0,0,0,2,77.0,0,2022,1,0,0,8,14,0,0,0,1230.0
0,1,0,0,0,0,0,0,0,0,0,1,0,0,0,0,0,0,0,1,0,0,0,1,41.0,1,2024,0,1,0,8,9,0,0,0,1207.3170731707316
0,1,0,0,0,0,0,0,0,0,0,1,0,0,0,0,0,0,0,1,0,0,0,1,37.79,1,2023,0,1,0,14,14,0,0,0,1032.0190526594338
0,1,0,0,0,0,0,0,0,0,0,0,1,0,0,0,0,0,0,1,0,0,0,2,67.0,0,2023,1,0,0,5,9,1,0,0,970.1492537313433
1,0,0,0,0,0,0,0,0,0,0,0,0,0,0,0,0,0,0,0,0,0,0,2,67.6,0,2022,1,0,0,10,10,0,0,0,2559.171597633136
0,1,0,0,0,0,0,0,0,0,0,0,1,0,0,0,0,0,1,0,0,0,0,1,38.0,0,2023,1,0,0,8,9,0,0,0,1881.578947368421
0,1,0,0,0,0,0,0,0,0,0,0,1,0,0,0,0,0,1,0,0,0,0,3,105.0,0,2021,0,1,0,12,14,1,0,1,1780.952380952381
0,1,0,0,0,0,0,0,0,0,0,1,0,0,0,0,0,0,0,1,0,0,0,3,91.0,0,2026,0,1,0,5,17,1,0,0,1120.0
0,1,0,0,0,0,0,0,0,0,0,0,1,0,0,0,0,0,1,0,0,0,0,2,71.0,0,2023,0,1,0,9,12,0,0,0,1521.1267605633802
0,0,1,0,0,0,0,0,0,0,0,0,1,0,0,0,0,0,0,0,1,0,0,4,100.0,0,1990,0,0,1,2,9,0,1,1,1200.0
0,1,0,0,0,0,0,0,0,0,0,0,1,0,0,0,0,0,1,0,0,0,0,3,115.0,0,2023,1,0,0,9,10,1,1,1,1956.5217391304348
0,1,0,0,0,0,0,0,0,0,0,0,0,1,0,0,0,0,0,1,0,0,0,2,75.0,0,2023,0,1,0,13,14,0,0,0,860.0
0,0,0,0,0,0,1,0,0,0,0,0,1,0,0,0,0,0,0,0,0,1,0,1,33.0,0,2025,0,0,1,9,9,0,1,1,1666.6666666666667
0,1,0,0,0,0,0,0,0,0,0,0,1,0,0,0,0,0,0,0,1,0,0,2,79.0,0,2023,0,1,0,4,9,0,0,0,1455.6962025316457
0,1,0,0,0,0,0,0,0,0,0,1,0,0,0,0,0,0,1,0,0,0,0,1,38.0,0,2020,0,1,0,5,10,0,0,0,1710.5263157894738
0,1,0,0,0,0,0,0,0,0,0,0,1,0,0,0,0,0,1,0,0,0,0,3,80.0,1,2026,0,0,1,3,10,0,0,0,1625.0
0,1,0,0,0,0,0,0,0,0,0,0,1,0,0,0,0,0,1,0,0,0,0,2,56.0,0,2021,0,1,0,15,16,0,0,0,1678.5714285714287
0,1,0,0,0,0,0,0,0,0,0,0,0,0,1,0,0,0,1,0,0,0,0,3,76.0,0,2023,1,0,0,5,12,0,1,0,1513.157894736842
0,0,0,0,1,0,0,0,0,0,0,0,1,0,0,0,0,0,0,0,1,0,0,2,44.0,0,1970,1,0,0,3,5,0,1,1,1761.3636363636363
0,1,0,0,0,0,0,0,0,0,0,1,0,0,0,0,0,0,0,1,0,0,0,1,38.0,0,2025,0,1,0,5,16,1,0,0,1192.6315789473683
0,1,0,0,0,0,0,0,0,0,0,1,0,0,0,0,0,0,1,0,0,0,0,1,39.0,0,2025,1,0,0,4,5,0,0,0,1435.8974358974358
0,1,0,0,0,0,0,0,0,0,0,1,0,0,0,0,0,0,0,1,0,0,0,3,107.0,0,2022,0,1,0,14,14,0,0,0,1300.0
1,0,0,0,0,0,0,0,0,0,0,0,1,0,0,0,0,0,0,0,0,1,0,2,45.0,1,2019,1,0,0,4,5,0,1,1,1622.2222222222222
1,0,0,0,0,0,0,0,0,0,0,0,1,0,0,0,0,0,0,0,1,0,0,2,45.0,0,2019,1,0,0,2,5,0,1,1,1155.5555555555557
0,1,0,0,0,0,0,0,0,0,0,1,0,0,0,0,0,0,1,0,0,0,0,2,62.0,0,2023,0,1,0,11,14,0,0,0,1435.483870967742
0,1,0,0,0,0,0,0,0,0,0,0,1,0,0,0,0,0,0,1,0,0,0,1,41.0,0,2025,0,1,0,4,10,0,0,1,1243.9024390243903
0,0,1,0,0,0,0,0,0,0,0,0,0,0,0,0,0,0,0,0,0,0,0,4,86.0,0,1990,0,0,1,1,9,0,0,0,1337.2093023255813
0,1,0,0,0,0,0,0,0,0,0,0,1,0,0,0,0,0,0,1,0,0,0,3,86.0,0,2025,0,1,0,14,16,0,0,1,1500.0
0,1,0,0,0,0,0,0,0,0,0,0,0,1,0,0,0,0,1,0,0,0,0,4,126.0,0,2021,0,1,0,4,14,0,0,0,2142.8571428571427
0,1,0,0,0,0,0,0,0,0,0,1,0,0,0,0,0,0,0,1,0,0,0,1,55.0,0,2022,1,0,0,12,14,0,0,0,1300.0
0,1,0,0,0,0,0,0,0,0,0,1,0,0,0,0,0,0,0,1,0,0,0,4,152.0,0,2025,1,0,0,9,15,0,0,0,1660.8552631578948
0,1,0,0,0,0,0,0,0,0,0,0,0,1,0,0,0,0,1,0,0,0,0,5,336.0,0,2023,1,0,0,1,3,1,1,1,1696.4285714285713
0,1,0,0,0,0,0,0,0,0,0,0,1,0,0,0,0,0,0,1,0,0,0,3,133.0,0,2022,0,1,0,12,15,0,1,0,1800.0
0,1,0,0,0,0,0,0,0,0,0,0,0,0,1,0,0,0,1,0,0,0,0,4,108.0,0,2020,0,1,0,4,9,1,1,0,2101.8518518518517
0,0,1,0,0,0,0,0,0,0,0,0,1,0,0,0,0,0,0,0,0,1,0,3,73.0,0,1992,0,0,1,5,9,0,0,0,1438.3561643835617
0,1,0,0,0,0,0,0,0,0,0,1,0,0,0,0,0,0,0,1,0,0,0,1,56.92,0,2024,0,1,0,12,16,1,0,0,1450.0
0,1,0,0,0,0,0,0,0,0,0,0,0,1,0,0,0,0,0,1,0,0,0,3,93.0,0,2025,0,1,0,4,16,1,0,0,1698.9247311827958
0,1,0,0,0,0,0,0,0,0,0,0,1,0,0,0,0,0,0,1,0,0,0,1,55.0,0,2024,1,0,0,9,12,1,0,1,1409.090909090909
0,1,0,0,0,0,0,0,0,0,0,0,1,0,0,0,0,0,0,0,1,0,0,3,106.0,0,2014,1,0,0,3,10,0,0,0,1367.9245283018868
0,1,0,0,0,0,0,0,0,0,0,0,1,0,0,0,0,0,1,0,0,0,0,2,49.0,0,2023,1,0,0,10,13,1,0,0,2000.0
0,1,0,0,0,0,0,0,0,0,0,1,0,0,0,0,0,0,1,0,0,0,0,2,51.0,0,2022,0,1,0,3,7,0,0,0,2450.9803921568628
0,1,0,0,0,0,0,0,0,0,0,0,0,0,0,0,0,0,0,1,0,0,0,3,119.7,0,2025,0,1,0,7,12,1,0,0,1223.8930659983291
0,1,0,0,0,0,0,0,0,0,0,0,0,1,0,0,0,0,0,1,0,0,0,2,86.0,0,2021,0,1,0,10,12,0,0,0,1180.0
0,0,0,0,1,0,0,0,0,0,0,0,1,0,0,0,0,0,0,0,1,0,0,3,44.0,0,1975,0,0,1,2,5,0,0,0,1863.6363636363637
0,1,0,0,0,0,0,0,0,0,0,0,1,0,0,0,0,0,0,0,1,0,0,2,71.0,0,2016,0,1,0,7,9,0,1,1,1359.1549295774648
0,0,0,0,1,0,0,0,0,0,0,0,1,0,0,0,0,0,0,0,1,0,0,2,48.0,0,1975,0,0,1,4,4,1,1,1,1333.3333333333333
1,0,0,0,0,0,0,0,0,0,0,0,1,0,0,0,0,0,0,0,1,0,0,2,48.0,0,1990,1,0,0,3,4,0,1,0,1375.0
0,1,0,0,0,0,0,0,0,0,0,0,1,0,0,0,0,0,1,0,0,0,0,2,43.0,0,2019,0,1,0,7,7,0,1,1,1569.7674418604652
0,1,0,0,0,0,0,0,0,0,0,0,1,0,0,0,0,0,0,0,1,0,0,1,53.0,0,2023,0,0,1,1,10,0,0,0,1245.2830188679245
0,1,0,0,0,0,0,0,0,0,0,1,0,0,0,0,0,0,1,0,0,0,0,2,80.0,0,2022,0,1,0,9,10,0,0,0,1650.0
0,1,0,0,0,0,0,0,0,0,0,1,0,0,0,0,0,0,1,0,0,0,0,2,83.0,0,2022,0,1,0,4,12,0,0,0,2132.5301204819275
0,0,0,0,0,0,0,0,1,0,0,0,1,0,0,0,0,0,0,0,1,0,0,1,18.0,0,1971,1,0,0,4,5,0,1,1,1538.888888888889
0,1,0,0,0,0,0,0,0,0,0,1,0,0,0,0,0,0,0,1,0,0,0,1,58.0,0,2022,0,1,0,5,14,0,0,0,1801.7241379310344
0,1,0,0,0,0,0,0,0,0,0,0,0,0,0,0,0,0,0,1,0,0,0,2,82.0,0,2022,0,1,0,2,14,0,0,0,1091.4634146341464
0,0,0,1,0,0,0,0,0,0,0,0,1,0,0,0,0,0,0,0,1,0,0,2,44.0,0,1963,1,0,0,3,3,0,1,1,1465.909090909091
1,0,0,0,0,0,0,0,0,0,0,1,0,0,0,0,0,0,0,1,0,0,0,3,91.5,1,2019,1,0,0,8,12,0,0,0,1147.5409836065573
0,0,0,0,1,0,0,0,0,0,0,0,1,0,0,0,0,0,0,0,1,0,0,3,58.0,0,1975,0,0,1,2,4,0,0,0,1482.7586206896551
0,0,0,1,0,0,0,0,0,0,0,0,1,0,0,0,0,0,0,0,1,0,0,2,43.0,0,1967,1,0,0,2,4,0,1,1,1453.4883720930231
0,1,0,0,0,0,0,0,0,0,0,1,0,0,0,0,0,0,1,0,0,0,0,1,39.0,0,2020,1,0,0,5,9,1,0,0,1333.3333333333333
0,1,0,0,0,0,0,0,0,0,0,1,0,0,0,0,0,0,0,1,0,0,0,1,48.0,0,2023,1,0,0,7,10,0,0,0,1260.4166666666667
0,1,0,0,0,0,0,0,0,0,0,1,0,0,0,0,0,0,1,0,0,0,0,1,53.0,0,2022,0,1,0,7,13,0,0,0,1933.9622641509434
0,1,0,0,0,0,0,0,0,0,0,0,0,0,0,0,0,0,1,0,0,0,0,2,66.0,0,2021,0,1,0,5,14,0,0,0,1757.5757575757575
0,1,0,0,0,0,0,0,0,0,0,0,1,0,0,0,0,0,0,1,0,0,0,1,35.0,0,2024,0,1,0,10,13,1,0,0,1585.7142857142858
0,1,0,0,0,0,0,0,0,0,0,0,1,0,0,0,0,0,1,0,0,0,0,2,80.0,0,2018,0,1,0,2,12,1,1,0,1937.5
0,1,0,0,0,0,0,0,0,0,0,0,1,0,0,0,0,0,1,0,0,0,0,2,70.0,0,2023,0,1,0,10,13,0,1,0,1457.142857142857
0,1,0,0,0,0,0,0,0,0,0,0,0,0,0,0,0,0,1,0,0,0,0,2,47.0,0,2023,1,0,0,4,5,0,1,0,1231.9148936170213
0,1,0,0,0,0,0,0,0,0,0,1,0,0,0,0,0,0,0,0,0,0,1,2,72.58,0,2022,0,1,0,3,12,1,0,0,964.4530173601544
0,1,0,0,0,0,0,0,0,0,0,0,1,0,0,0,0,0,1,0,0,0,0,2,65.0,1,2021,0,1,0,2,12,0,1,0,1953.8461538461538
0,1,0,0,0,0,0,0,0,0,0,1,0,0,0,0,0,0,1,0,0,0,0,2,80.0,0,2022,0,1,0,3,14,0,0,0,2125.0
0,1,0,0,0,0,0,0,0,0,0,0,0,0,0,0,0,0,0,1,0,0,0,2,53.0,0,2021,0,1,0,13,14,0,0,0,1300.0
0,0,0,0,1,0,0,0,0,0,0,0,1,0,0,0,0,0,0,0,0,1,0,3,58.0,0,1975,0,0,1,3,5,0,0,0,1413.7931034482758
0,1,0,0,0,0,0,0,0,0,0,1,0,0,0,0,0,0,0,1,0,0,0,2,79.0,0,2022,0,1,0,11,12,0,0,0,1126.5822784810127
1,0,0,0,0,0,0,0,0,0,0,0,0,0,0,0,0,0,0,0,0,0,0,1,45.0,0,2022,1,0,0,3,9,0,0,0,1326.6666666666667
0,0,1,0,0,0,0,0,0,0,0,0,1,0,0,0,0,0,0,0,1,0,0,1,38.0,0,1990,0,0,1,3,9,0,1,1,1578.9473684210527
0,1,0,0,0,0,0,0,0,0,0,0,1,0,0,0,0,0,0,1,0,0,0,2,80.0,0,2025,0,1,0,14,16,0,0,0,1318.75
0,0,0,0,1,0,0,0,0,0,0,0,1,0,0,0,0,0,0,0,1,0,0,1,32.0,1,1970,0,1,0,3,4,0,0,0,1812.5
0,1,0,0,0,0,0,0,0,0,0,0,0,0,0,0,0,0,0,1,0,0,0,3,81.0,0,2024,0,1,0,10,12,0,0,0,1100.0
1,0,0,0,0,0,0,0,0,0,0,0,0,0,0,0,0,0,0,0,0,0,0,3,112.0,0,2020,0,1,0,9,9,0,0,0,1392.857142857143
1,0,0,0,0,0,0,0,0,0,0,0,0,0,0,0,0,0,0,0,0,0,0,5,140.1,0,2019,0,1,0,8,15,0,0,0,2498.2155603140613
0,0,1,0,0,0,0,0,0,0,0,0,0,0,0,0,0,0,0,0,1,0,0,1,36.0,1,1992,0,1,0,7,9,0,1,1,1944.4444444444443
0,0,0,0,1,0,0,0,0,0,0,0,1,0,0,0,0,0,1,0,0,0,0,3,58.0,0,1975,0,0,1,5,5,0,1,1,1586.2068965517242
0,0,0,0,1,0,0,0,0,0,0,0,1,0,0,0,0,0,1,0,0,0,0,3,58.0,1,1975,0,0,1,2,5,0,0,0,1551.7241379310344
0,1,0,0,0,0,0,0,0,0,0,0,1,0,0,0,0,0,1,0,0,0,0,3,100.0,0,2023,0,1,0,4,16,0,0,0,1550.0
0,0,0,0,0,0,1,0,0,0,0,0,1,0,0,0,0,0,0,0,1,0,0,3,63.0,0,1989,0,0,1,1,9,0,1,1,1388.888888888889
0,1,0,0,0,0,0,0,0,0,0,0,1,0,0,0,0,0,1,0,0,0,0,1,51.0,0,2023,0,1,0,6,12,1,1,0,1598.0392156862745
0,1,0,0,0,0,0,0,0,0,0,1,0,0,0,0,0,0,0,1,0,0,0,2,52.0,0,2025,1,0,0,13,16,0,0,0,1096.1538461538462
0,1,0,0,0,0,0,0,0,0,0,0,0,0,0,1,0,0,1,0,0,0,0,1,54.0,0,2021,0,1,0,10,14,1,0,0,2314.814814814815
0,1,0,0,0,0,0,0,0,0,0,0,0,1,0,0,0,0,1,0,0,0,0,2,67.0,0,2022,0,0,1,12,14,0,0,0,1955.2238805970148
0,1,0,0,0,0,0,0,0,0,0,1,0,0,0,0,0,0,1,0,0,0,0,3,72.0,0,2024,0,1,0,5,5,0,0,0,993.0555555555555
0,0,0,0,0,0,1,0,0,0,0,0,1,0,0,0,0,0,1,0,0,0,0,3,62.0,0,1987,0,0,1,4,5,0,0,0,1806.4516129032259
0,1,0,0,0,0,0,0,0,0,0,1,0,0,0,0,0,0,1,0,0,0,0,4,146.0,0,2022,0,0,1,6,14,0,0,0,1797.945205479452
0,1,0,0,0,0,0,0,0,0,0,1,0,0,0,0,0,0,1,0,0,0,0,1,40.0,0,2025,0,1,0,1,9,0,0,0,1450.0
0,0,0,0,0,0,1,0,0,0,0,0,1,0,0,0,0,0,1,0,0,0,0,3,68.0,0,2025,0,0,1,8,9,0,1,1,1345.5882352941176
1,0,0,0,0,0,0,0,0,0,0,0,0,0,0,0,0,0,0,0,0,0,0,1,38.0,0,2021,0,0,1,4,11,0,0,0,1368.421052631579
0,1,0,0,0,0,0,0,0,0,0,0,1,0,0,0,0,0,1,0,0,0,0,1,41.2,0,2024,1,0,0,4,14,1,1,1,1589.8058252427184
0,1,0,0,0,0,0,0,0,0,0,0,1,0,0,0,0,0,1,0,0,0,0,2,74.0,0,2021,0,1,0,8,14,0,0,0,1283.7837837837837
1,0,0,0,0,0,0,0,0,0,0,0,0,0,0,0,0,0,0,0,0,0,0,2,90.0,0,2024,1,0,0,3,16,0,0,0,1055.5555555555557
0,0,0,0,0,0,1,0,0,0,0,0,1,0,0,0,0,0,0,0,1,0,0,1,34.0,0,1987,0,0,1,4,5,0,0,0,1764.7058823529412
0,1,0,0,0,0,0,0,0,0,0,0,1,0,0,0,0,0,0,0,1,0,0,2,71.0,0,2016,0,1,0,11,12,0,0,0,1732.394366197183
0,1,0,0,0,0,0,0,0,0,0,1,0,0,0,0,0,0,0,1,0,0,0,1,57.0,0,2025,0,1,0,9,16,1,0,0,1491.2280701754387
0,0,0,0,0,0,0,0,0,1,0,0,1,0,0,0,0,0,1,0,0,0,0,1,34.0,0,1960,1,0,0,3,3,0,0,0,1588.235294117647
0,1,0,0,0,0,0,0,0,0,0,0,1,0,0,0,0,0,0,0,1,0,0,3,94.0,1,2014,0,1,0,5,9,0,1,0,1404.2553191489362
0,1,0,0,0,0,0,0,0,0,0,0,1,0,0,0,0,0,1,0,0,0,0,2,85.0,0,2023,0,1,0,4,9,0,0,0,1600.0
1,0,0,0,0,0,0,0,0,0,0,0,0,0,0,0,0,0,0,0,0,0,0,3,76.0,0,1980,1,0,0,6,9,0,0,0,1473.6842105263158
0,1,0,0,0,0,0,0,0,0,0,0,0,0,0,0,0,0,0,1,0,0,0,2,78.48,0,2023,0,1,0,8,16,1,0,0,1102.1916411824668
0,1,0,0,0,0,0,0,0,0,0,0,1,0,0,0,0,0,1,0,0,0,0,4,200.0,0,2023,1,0,0,7,7,0,0,0,1075.0
0,1,0,0,0,0,0,0,0,0,0,1,0,0,0,0,0,0,1,0,0,0,0,3,88.0,0,2022,1,0,0,3,14,1,0,1,1897.7272727272727
0,1,0,0,0,0,0,0,0,0,0,1,0,0,0,0,0,0,0,1,0,0,0,2,57.0,0,2024,0,1,0,14,16,0,0,0,1438.5964912280701
0,1,0,0,0,0,0,0,0,0,0,0,0,0,0,0,0,0,0,1,0,0,0,3,116.0,0,2023,0,1,0,9,16,0,0,0,1198.2758620689656
0,1,0,0,0,0,0,0,0,0,0,0,1,0,0,0,0,0,0,1,0,0,0,2,76.0,0,2024,0,1,0,7,15,0,0,0,868.421052631579
1,0,0,0,0,0,0,0,0,0,0,0,0,0,0,0,0,0,0,0,0,0,0,1,53.84,0,2027,0,1,0,4,18,0,0,0,1374.4427934621099
0,1,0,0,0,0,0,0,0,0,0,0,1,0,0,0,0,0,1,0,0,0,0,3,109.0,0,2019,0,1,0,3,12,1,1,0,1605.5045871559632
0,1,0,0,0,0,0,0,0,0,0,1,0,0,0,0,0,0,1,0,0,0,0,3,100.0,0,2023,1,0,0,9,12,0,0,0,1550.0
0,1,0,0,0,0,0,0,0,0,0,0,0,1,0,0,0,0,1,0,0,0,0,1,39.8,0,2023,1,0,0,5,5,1,1,1,1369.3467336683418
0,0,0,0,1,0,0,0,0,0,0,0,1,0,0,0,0,0,0,0,1,0,0,1,33.0,1,1975,0,0,1,4,4,0,1,1,1772.7272727272727
0,0,0,1,0,0,0,0,0,0,0,0,1,0,0,0,0,0,0,0,0,1,0,2,40.7,0,1967,1,0,0,4,4,0,1,0,1511.056511056511
0,1,0,0,0,0,0,0,0,0,0,0,1,0,0,0,0,0,1,0,0,0,0,3,96.0,0,2017,0,1,0,9,10,0,1,0,1614.5833333333333
0,1,0,0,0,0,0,0,0,0,0,1,0,0,0,0,0,0,1,0,0,0,0,1,48.0,0,2024,0,1,0,4,9,0,0,0,1489.5833333333333
0,1,0,0,0,0,0,0,0,0,0,1,0,0,0,0,0,0,0,1,0,0,0,4,167.0,0,2019,0,1,0,11,12,0,0,0,1150.0
0,0,0,0,0,0,1,0,0,0,0,0,1,0,0,0,0,0,0,0,0,1,0,1,35.6,1,1992,0,0,1,2,3,0,0,0,1320.2247191011236
0,1,0,0,0,0,0,0,0,0,0,1,0,0,0,0,0,0,1,0,0,0,0,2,55.0,0,2023,0,0,1,8,9,1,0,0,1300.0
0,1,0,0,0,0,0,0,0,0,0,1,0,0,0,0,0,0,1,0,0,0,0,2,52.0,0,2022,1,0,0,2,4,1,1,1,2269.230769230769
0,1,0,0,0,0,0,0,0,0,0,0,0,1,0,0,0,0,1,0,0,0,0,3,100.0,1,2023,1,0,0,1,10,1,1,1,1540.0
0,0,1,0,0,0,0,0,0,0,0,0,0,0,0,0,0,0,0,0,0,0,0,1,35.0,0,2009,0,0,1,3,9,0,0,0,1571.4285714285713
0,1,0,0,0,0,0,0,0,0,0,0,0,1,0,0,0,0,0,1,0,0,0,2,570.0,0,2016,0,1,0,15,16,0,0,0,1289.4736842105262
0,0,0,0,0,0,1,0,0,0,0,0,1,0,0,0,0,0,0,0,1,0,0,3,65.0,1,1987,0,0,1,3,5,0,1,1,1723.076923076923
0,1,0,0,0,0,0,0,0,0,0,0,1,0,0,0,0,0,1,0,0,0,0,5,160.0,1,2017,0,1,0,10,10,0,1,1,1400.0
1,0,0,0,0,0,0,0,0,0,0,0,0,0,0,0,0,0,0,0,0,0,0,3,102.7,0,2021,0,1,0,5,16,0,0,0,2229.7955209347615
0,1,0,0,0,0,0,0,0,0,0,0,1,0,0,0,0,0,0,1,0,0,0,1,35.0,0,2026,0,1,0,7,9,0,0,0,1200.0
0,1,0,0,0,0,0,0,0,0,0,0,0,0,0,0,0,0,0,1,0,0,0,2,73.3,0,2023,0,1,0,10,16,0,0,0,1250.0
0,0,0,0,1,0,0,0,0,0,0,0,1,0,0,0,0,0,1,0,0,0,0,3,58.0,1,1975,1,0,0,5,5,0,0,1,1586.2068965517242
0,1,0,0,0,0,0,0,0,0,0,0,0,0,1,0,0,0,0,1,0,0,0,4,109.41,0,2020,0,1,0,3,8,0,0,0,1300.0
0,1,0,0,0,0,0,0,0,0,0,0,0,0,0,0,0,0,1,0,0,0,0,2,64.0,0,2024,0,1,0,4,12,0,0,0,1328.125
0,0,0,0,1,0,0,0,0,0,0,0,0,0,0,0,0,0,0,0,0,0,0,3,58.0,0,1966,0,0,1,5,5,0,0,0,1431.0344827586207
0,1,0,0,0,0,0,0,0,0,0,0,1,0,0,0,0,0,0,1,0,0,0,2,48.0,0,2024,1,0,0,2,13,1,0,0,1270.8333333333333
0,1,0,0,0,0,0,0,0,0,0,1,0,0,0,0,0,0,1,0,0,0,0,1,42.0,0,2023,1,0,0,3,5,0,0,0,1345.2380952380952
0,1,0,0,0,0,0,0,0,0,0,0,0,0,0,0,0,0,1,0,0,0,0,2,72.9,0,2022,0,1,0,4,9,0,0,0,1255.1440329218105
1,0,0,0,0,0,0,0,0,0,0,0,1,0,0,0,0,0,1,0,0,0,0,1,29.0,0,2019,1,0,0,3,5,0,1,0,1958.6206896551723
1,0,0,0,0,0,0,0,0,0,0,0,0,0,0,0,0,0,0,0,0,0,0,3,132.3,0,2025,1,0,0,4,5,0,0,0,1795.9183673469386
0,0,0,0,0,0,1,0,0,0,0,0,0,0,0,0,0,0,0,0,1,0,0,1,34.0,0,1987,0,0,1,4,9,0,0,0,1750.0
0,0,1,0,0,0,0,0,0,0,0,0,0,0,0,0,0,0,1,0,0,0,0,1,48.0,0,1992,0,0,1,5,9,0,1,0,1291.6666666666667
0,1,0,0,0,0,0,0,0,0,0,1,0,0,0,0,0,0,0,1,0,0,0,4,174.0,0,2023,0,1,0,3,18,0,0,0,1690.0
0,1,0,0,0,0,0,0,0,0,0,0,1,0,0,0,0,0,1,0,0,0,0,3,80.0,0,2019,0,1,0,4,12,1,1,0,1750.0
0,1,0,0,0,0,0,0,0,0,0,0,1,0,0,0,0,0,1,0,0,0,0,3,115.0,0,2021,0,1,0,12,13,1,1,0,2243.478260869565
0,1,0,0,0,0,0,0,0,0,0,1,0,0,0,0,0,0,1,0,0,0,0,4,100.0,0,2022,0,1,0,2,16,0,0,0,1890.0
0,1,0,0,0,0,0,0,0,0,0,1,0,0,0,0,0,0,0,1,0,0,0,3,108.26,0,2025,0,1,0,22,24,0,0,0,1061.998891557362
0,0,0,0,0,0,1,0,0,0,0,0,1,0,0,0,0,0,0,0,1,0,0,3,73.0,0,1987,0,0,1,9,9,0,0,0,1136.986301369863
1,0,0,0,0,0,0,0,0,0,0,0,1,0,0,0,0,0,0,0,0,1,0,1,34.0,0,1998,1,0,0,4,5,0,0,1,1538.235294117647
0,0,0,0,0,0,0,0,0,0,1,1,0,0,0,0,0,0,0,1,0,0,0,1,45.0,0,2025,0,1,0,1,9,0,0,0,995.5555555555555
0,1,0,0,0,0,0,0,0,0,0,0,1,0,0,0,0,0,0,1,0,0,0,2,68.0,0,2023,0,1,0,11,13,0,0,0,1000.0
1,0,0,0,0,0,0,0,0,0,0,0,1,0,0,0,0,0,0,0,1,0,0,3,120.0,1,2018,1,0,0,13,14,0,1,1,1750.0
0,0,1,0,0,0,0,0,0,0,0,0,1,0,0,0,0,0,0,0,1,0,0,1,35.0,0,1992,0,0,1,2,9,0,1,1,1942.857142857143
0,0,0,0,0,1,0,0,0,0,0,0,0,0,0,1,0,0,1,0,0,0,0,1,27.0,1,2023,0,1,0,5,10,1,1,0,1766.6666666666667
0,0,0,0,0,0,1,0,0,0,0,0,0,0,0,0,0,0,0,0,1,0,0,4,85.0,0,1987,0,0,1,8,9,1,1,1,1223.5294117647059
0,1,0,0,0,0,0,0,0,0,0,1,0,0,0,0,0,0,1,0,0,0,0,3,70.26,0,2022,0,1,0,8,12,0,0,0,1465.9834898946767
1,0,0,0,0,0,0,0,0,0,0,0,1,0,0,0,0,0,0,0,1,0,0,2,52.0,0,1990,1,0,0,16,18,0,1,0,1307.6923076923076
1,0,0,0,0,0,0,0,0,0,0,0,1,0,0,0,0,0,1,0,0,0,0,1,34.0,0,2019,1,0,0,3,5,0,1,0,2029.4117647058824
1,0,0,0,0,0,0,0,0,0,0,0,0,0,0,0,0,0,0,0,0,0,0,5,228.0,0,1986,1,0,0,5,5,0,0,0,1162.280701754386
1,0,0,0,0,0,0,0,0,0,0,0,1,0,0,0,0,0,0,0,1,0,0,1,32.0,0,1985,1,0,0,3,5,0,1,1,1578.125
0,1,0,0,0,0,0,0,0,0,0,1,0,0,0,0,0,0,1,0,0,0,0,2,44.0,0,2023,0,1,0,11,14,1,0,0,1545.4545454545455
0,1,0,0,0,0,0,0,0,0,0,0,1,0,0,0,0,0,1,0,0,0,0,4,113.0,1,2019,0,1,0,4,12,1,1,1,1699.1150442477876
0,1,0,0,0,0,0,0,0,0,0,0,0,1,0,0,0,0,0,1,0,0,0,4,174.0,0,2023,0,1,0,3,18,0,0,0,1650.0
1,0,0,0,0,0,0,0,0,0,0,0,0,1,0,0,0,0,0,1,0,0,0,2,66.0,0,2023,0,1,0,12,12,0,0,0,1128.7878787878788
0,0,0,0,0,0,1,0,0,0,0,0,0,0,0,0,0,0,0,0,0,0,0,3,75.8,0,1981,0,0,1,8,9,0,0,0,1345.6332453825858
0,1,0,0,0,0,0,0,0,0,0,0,1,0,0,0,0,0,0,1,0,0,0,2,67.0,0,2023,0,1,0,7,13,0,0,0,1149.2537313432836
0,1,0,0,0,0,0,0,0,0,0,0,1,0,0,0,0,0,0,1,0,0,0,2,87.0,0,2023,0,1,0,4,12,0,0,0,994.2528735632184
0,1,0,0,0,0,0,0,0,0,0,0,1,0,0,0,0,0,1,0,0,0,0,3,110.0,0,2021,1,0,0,5,13,0,0,0,1181.8181818181818
0,1,0,0,0,0,0,0,0,0,0,0,1,0,0,0,0,0,0,1,0,0,0,2,79.4,0,2021,0,1,0,8,12,0,0,1,1150.0
1,0,0,0,0,0,0,0,0,0,0,0,1,0,0,0,0,0,1,0,0,0,0,2,51.0,0,2019,1,0,0,3,5,0,1,1,1525.4901960784314
1,0,0,0,0,0,0,0,0,0,0,0,1,0,0,0,0,0,0,0,0,1,0,4,82.0,0,2019,1,0,0,1,3,0,1,0,1097.560975609756
0,1,0,0,0,0,0,0,0,0,0,0,1,0,0,0,0,0,0,0,1,0,0,2,77.0,0,2022,0,1,0,8,12,0,0,0,1246.7532467532467
0,0,0,0,0,0,1,0,0,0,0,0,1,0,0,0,0,0,0,0,1,0,0,3,56.0,0,1989,0,1,0,2,5,1,1,1,1678.5714285714287
0,1,0,0,0,0,0,0,0,0,0,0,0,0,1,0,0,0,0,0,1,0,0,3,102.0,0,2023,1,0,0,8,13,1,1,1,1313.7254901960785
1,0,0,0,0,0,0,0,0,0,0,0,1,0,0,0,0,0,0,0,0,1,0,2,64.0,0,1990,1,0,0,2,9,0,1,0,1796.875
0,1,0,0,0,0,0,0,0,0,0,0,1,0,0,0,0,0,0,0,1,0,0,2,61.8,0,2023,0,1,0,9,13,0,0,0,1844.6601941747574
0,0,0,0,0,1,0,0,0,0,0,1,0,0,0,0,0,0,1,0,0,0,0,1,53.0,0,2023,0,1,0,3,9,0,0,0,1358.4905660377358
0,1,0,0,0,0,0,0,0,0,0,1,0,0,0,0,0,0,1,0,0,0,0,2,64.0,0,2024,0,1,0,13,16,0,0,0,1796.875
1,0,0,0,0,0,0,0,0,0,0,0,0,0,0,0,0,0,0,0,0,0,0,2,76.0,0,2012,1,0,0,10,12,0,0,0,1750.0
0,1,0,0,0,0,0,0,0,0,0,0,0,1,0,0,0,0,1,0,0,0,0,3,70.5,0,2023,0,1,0,12,14,0,0,0,1631.2056737588653
0,0,0,0,0,0,1,0,0,0,0,0,0,0,0,0,0,0,0,0,0,0,0,3,63.0,0,1990,0,0,1,3,5,0,0,0,1420.6349206349207
0,1,0,0,0,0,0,0,0,0,0,1,0,0,0,0,0,0,0,1,0,0,0,1,42.0,0,2024,0,1,0,12,14,0,0,0,1130.952380952381
0,1,0,0,0,0,0,0,0,0,0,0,0,1,0,0,0,0,1,0,0,0,0,3,122.0,0,2021,0,1,0,6,14,0,1,1,1844.2622950819673
1,0,0,0,0,0,0,0,0,0,0,0,0,0,0,0,0,0,0,0,0,0,0,3,105.0,0,2021,0,1,0,4,16,0,0,0,2142.8571428571427
0,1,0,0,0,0,0,0,0,0,0,0,0,0,0,1,0,0,1,0,0,0,0,2,68.3,0,2022,0,1,0,7,10,0,0,0,1537.3352855051246
0,1,0,0,0,0,0,0,0,0,0,1,0,0,0,0,0,0,1,0,0,0,0,3,106.0,0,2023,1,0,0,10,14,0,0,0,1500.0
0,1,0,0,0,0,0,0,0,0,0,0,0,1,0,0,0,0,0,1,0,0,0,4,160.86,0,2025,0,1,0,6,22,1,0,0,1999.9999999999998
1,0,0,0,0,0,0,0,0,0,0,0,1,0,0,0,0,0,1,0,0,0,0,2,43.0,0,1978,1,0,0,3,5,0,1,1,2209.3023255813955
0,0,0,0,1,0,0,0,0,0,0,0,0,0,0,0,0,0,0,0,0,1,0,2,44.0,0,1975,1,0,0,4,4,1,1,1,1534.090909090909
0,0,0,0,0,0,1,0,0,0,0,0,1,0,0,0,0,0,0,0,0,1,0,1,38.0,0,1986,0,0,1,5,5,1,1,1,1460.5263157894738
1,0,0,0,0,0,0,0,0,0,0,0,0,0,0,0,0,0,0,0,0,0,0,3,72.0,0,2019,1,0,0,3,3,0,0,0,1152.7777777777778
0,1,0,0,0,0,0,0,0,0,0,1,0,0,0,0,0,0,1,0,0,0,0,1,41.0,1,2020,0,1,0,9,9,0,0,0,1634.1463414634147
0,1,0,0,0,0,0,0,0,0,0,1,0,0,0,0,0,0,1,0,0,0,0,1,39.0,0,2023,0,1,0,4,10,0,0,0,1538.4615384615386
0,1,0,0,0,0,0,0,0,0,0,0,1,0,0,0,0,0,1,0,0,0,0,3,120.0,0,2023,0,1,0,15,15,1,0,0,1475.5083333333334
0,0,1,0,0,0,0,0,0,0,0,0,1,0,0,0,0,0,0,0,0,1,0,3,65.0,0,1992,0,0,1,8,9,0,1,1,1353.8461538461538
0,1,0,0,0,0,0,0,0,0,0,1,0,0,0,0,0,0,0,1,0,0,0,2,73.0,0,2023,0,1,0,14,14,0,0,0,1226.027397260274
0,0,1,0,0,0,0,0,0,0,0,0,0,0,0,0,0,0,0,0,0,0,0,3,62.0,0,1980,0,0,1,9,9,0,0,0,1137.0967741935483
0,1,0,0,0,0,0,0,0,0,0,0,1,0,0,0,0,0,1,0,0,0,0,2,78.0,1,2019,0,1,0,6,10,0,1,1,1871.7948717948718
0,1,0,0,0,0,0,0,0,0,0,0,1,0,0,0,0,0,1,0,0,0,0,3,105.0,1,2009,1,0,0,5,8,0,1,1,1600.0
1,0,0,0,0,0,0,0,0,0,0,0,1,0,0,0,0,0,0,0,0,1,0,2,44.0,0,2019,1,0,0,3,5,0,1,1,1659.090909090909
0,1,0,0,0,0,0,0,0,0,0,0,1,0,0,0,0,0,0,1,0,0,0,1,49.0,0,2024,0,1,0,4,12,0,0,0,1122.4489795918366
0,1,0,0,0,0,0,0,0,0,0,1,0,0,0,0,0,0,1,0,0,0,0,2,85.0,1,2023,1,0,0,11,14,0,0,0,1882.3529411764705
0,1,0,0,0,0,0,0,0,0,0,1,0,0,0,0,0,0,0,1,0,0,0,1,53.4,0,2024,0,1,0,5,9,0,0,0,1001.87265917603
1,0,0,0,0,0,0,0,0,0,0,0,0,0,0,0,0,0,0,0,0,0,0,2,76.0,0,2023,0,1,0,13,15,0,0,0,1223.6842105263158
0,1,0,0,0,0,0,0,0,0,0,0,1,0,0,0,0,0,0,0,0,0,1,1,42.3,0,2025,0,1,0,3,16,1,0,0,1501.1820330969267
0,1,0,0,0,0,0,0,0,0,0,1,0,0,0,0,0,0,1,0,0,0,0,3,95.0,0,2019,0,1,0,8,9,0,0,0,1400.0
0,1,0,0,0,0,0,0,0,0,0,0,1,0,0,0,0,0,0,1,0,0,0,2,92.7,0,2022,0,1,0,16,16,1,0,0,950.0
0,1,0,0,0,0,0,0,0,0,0,0,0,0,0,0,0,0,0,0,0,0,1,2,47.0,1,2025,0,1,0,9,14,0,0,0,1000.0
0,1,0,0,0,0,0,0,0,0,0,0,1,0,0,0,0,0,0,1,0,0,0,2,62.7,0,2024,0,1,0,5,10,1,0,0,921.8500797448165
0,1,0,0,0,0,0,0,0,0,0,0,1,0,0,0,0,0,0,0,0,0,1,3,136.86,0,2024,0,1,0,15,16,0,0,0,1001.0229431535876
0,1,0,0,0,0,0,0,0,0,0,0,1,0,0,0,0,0,0,1,0,0,0,3,101.0,0,2023,0,1,0,6,14,0,0,0,980.0
0,1,0,0,0,0,0,0,0,0,0,1,0,0,0,0,0,0,1,0,0,0,0,1,40.25,1,2026,0,1,0,10,15,0,0,0,1031.055900621118
0,1,0,0,0,0,0,0,0,0,0,0,0,0,1,0,0,0,1,0,0,0,0,2,59.0,0,2021,1,0,0,3,5,1,0,0,1355.9322033898304
1,0,0,0,0,0,0,0,0,0,0,0,0,0,0,0,1,0,0,0,0,1,0,2,49.0,1,2019,1,0,0,1,2,0,1,1,881.9387755102041
0,1,0,0,0,0,0,0,0,0,0,1,0,0,0,0,0,0,0,1,0,0,0,3,116.3,0,2022,0,1,0,9,16,0,0,0,1169.3895098882201
0,1,0,0,0,0,0,0,0,0,0,0,1,0,0,0,0,0,0,0,1,0,0,1,41.0,0,2025,0,1,0,3,12,0,0,0,1085.3658536585365
0,1,0,0,0,0,0,0,0,0,0,0,1,0,0,0,0,0,0,0,1,0,0,1,41.0,0,2023,0,1,0,6,12,0,0,0,1695.121951219512
0,1,0,0,0,0,0,0,0,0,0,0,1,0,0,0,0,0,0,1,0,0,0,2,66.0,1,2025,0,1,0,6,16,0,0,1,1422.7272727272727
0,1,0,0,0,0,0,0,0,0,0,1,0,0,0,0,0,0,1,0,0,0,0,1,40.79,0,2025,1,0,0,8,10,0,0,0,1544.4962000490316
0,1,0,0,0,0,0,0,0,0,0,0,0,0,0,0,0,0,0,1,0,0,0,2,82.0,0,2022,0,1,0,2,14,0,0,0,1207.3170731707316
0,1,0,0,0,0,0,0,0,0,0,0,0,0,0,0,0,0,0,0,1,0,0,1,40.0,0,2023,1,0,0,11,13,0,1,1,1662.5
0,1,0,0,0,0,0,0,0,0,0,1,0,0,0,0,0,0,1,0,0,0,0,1,48.0,0,2022,0,1,0,6,9,1,0,0,1520.8333333333333
0,0,0,0,0,0,0,1,0,0,0,1,0,0,0,0,0,0,0,1,0,0,0,4,182.1,1,2019,1,0,0,12,13,0,0,0,1350.0
0,1,0,0,0,0,0,0,0,0,0,0,1,0,0,0,0,0,0,1,0,0,0,2,80.0,0,2021,0,1,0,11,12,0,0,0,1150.0
0,1,0,0,0,0,0,0,0,0,0,0,1,0,0,0,0,0,1,0,0,0,0,1,40.0,0,2022,0,1,0,5,7,1,0,1,1300.0
0,1,0,0,0,0,0,0,0,0,0,1,0,0,0,0,0,0,0,1,0,0,0,2,80.0,1,2025,1,0,0,2,10,0,0,0,1750.0
0,1,0,0,0,0,0,0,0,0,0,1,0,0,0,0,0,0,1,0,0,0,0,3,100.0,0,2021,1,0,0,6,16,0,1,0,1850.0
0,1,0,0,0,0,0,0,0,0,0,1,0,0,0,0,0,0,0,1,0,0,0,2,72.0,0,2023,0,1,0,13,14,0,0,0,1222.2222222222222
0,0,0,1,0,0,0,0,0,0,0,0,1,0,0,0,0,0,0,0,0,1,0,2,41.0,1,1968,1,0,0,3,4,0,1,1,1682.9268292682927
1,0,0,0,0,0,0,0,0,0,0,0,0,0,0,0,0,0,0,0,0,0,0,2,76.0,0,2024,0,1,0,16,16,0,0,0,2032.8947368421052
0,1,0,0,0,0,0,0,0,0,0,1,0,0,0,0,0,0,0,1,0,0,0,3,150.0,0,2024,1,0,0,8,12,1,1,1,910.0
0,1,0,0,0,0,0,0,0,0,0,1,0,0,0,0,0,0,1,0,0,0,0,1,43.0,0,2022,0,1,0,12,14,1,0,0,1720.9302325581396
0,0,1,0,0,0,0,0,0,0,0,0,0,1,0,0,0,0,0,1,0,0,0,1,44.0,1,2025,0,0,1,3,5,0,0,0,1044.090909090909
0,1,0,0,0,0,0,0,0,0,0,0,0,0,0,0,0,0,0,1,0,0,0,2,67.0,0,2025,0,1,0,11,18,0,0,0,1283.5820895522388
0,0,0,0,0,0,1,0,0,0,0,0,1,0,0,0,0,0,0,0,1,0,0,2,50.0,1,1986,0,0,1,4,5,0,0,0,1660.0
0,1,0,0,0,0,0,0,0,0,0,0,0,1,0,0,0,0,0,1,0,0,0,2,73.0,0,2025,0,1,0,10,16,0,0,0,1280.0
0,1,0,0,0,0,0,0,0,0,0,0,0,0,0,0,0,0,0,1,0,0,0,3,120.1,0,2027,0,1,0,5,14,1,0,0,1090.0
0,1,0,0,0,0,0,0,0,0,0,0,0,1,0,0,0,0,0,1,0,0,0,1,41.0,0,2025,0,1,0,7,9,0,0,0,1036.5853658536585
1,0,0,0,0,0,0,0,0,0,0,0,0,0,0,0,0,0,0,0,0,0,0,1,48.0,0,2025,1,0,0,12,13,0,0,0,1354.1666666666667
0,1,0,0,0,0,0,0,0,0,0,0,0,0,0,0,0,0,0,1,0,0,0,4,150.0,1,2023,1,0,0,5,8,0,0,0,1200.0
0,0,0,0,1,0,0,0,0,0,0,0,1,0,0,0,0,0,0,0,0,1,0,1,36.0,1,1975,1,0,0,2,5,0,1,1,1805.5555555555557
0,0,1,0,0,0,0,0,0,0,0,0,0,0,0,0,0,0,0,0,1,0,0,1,52.0,0,2019,0,0,1,8,9,0,0,0,1269.2307692307693
0,0,0,0,1,0,0,0,0,0,0,0,0,0,0,0,0,0,0,0,0,0,0,2,43.0,0,1975,0,0,1,3,5,0,0,0,1813.953488372093
0,0,0,0,1,0,0,0,0,0,0,0,0,0,0,0,0,0,1,0,0,0,0,3,58.0,0,1975,0,0,1,4,4,0,0,0,1465.5172413793102
0,0,0,0,0,0,0,0,1,0,0,0,0,0,1,0,0,0,0,0,1,0,0,1,32.0,0,1990,1,0,0,1,2,0,1,0,1312.5
0,0,0,0,0,0,1,0,0,0,0,0,1,0,0,0,0,0,1,0,0,0,0,3,62.0,0,1987,0,0,1,8,9,0,1,1,1540.3225806451612
0,1,0,0,0,0,0,0,0,0,0,0,0,1,0,0,0,0,0,1,0,0,0,3,74.17,0,2023,0,1,0,1,5,0,0,0,1024.673048402319
0,0,1,0,0,0,0,0,0,0,0,0,0,0,0,0,0,0,0,0,0,0,0,2,68.0,0,2015,0,0,1,9,9,0,0,0,1441.1764705882354
0,1,0,0,0,0,0,0,0,0,0,1,0,0,0,0,0,0,0,1,0,0,0,3,132.3,0,2023,0,1,0,4,5,1,0,0,1749.9999999999998
0,1,0,0,0,0,0,0,0,0,0,1,0,0,0,0,0,0,0,0,1,0,0,3,86.0,0,2024,0,1,0,7,14,0,0,0,1232.5581395348838
0,0,1,0,0,0,0,0,0,0,0,0,1,0,0,0,0,0,0,0,0,1,0,3,70.0,0,1992,0,0,1,9,9,0,1,0,1228.5714285714287
1,0,0,0,0,0,0,0,0,0,0,0,0,0,0,0,0,0,0,0,0,0,0,2,54.0,0,2023,1,0,0,3,13,0,0,0,2240.740740740741
0,1,0,0,0,0,0,0,0,0,0,0,1,0,0,0,0,0,1,0,0,0,0,2,66.0,0,2023,0,1,0,10,13,0,0,0,1469.6969696969697
0,1,0,0,0,0,0,0,0,0,0,0,0,0,1,0,0,0,0,1,0,0,0,4,320.0,0,2020,0,1,0,12,12,0,1,0,1656.25
0,0,0,0,1,0,0,0,0,0,0,0,0,0,0,0,0,0,0,0,0,0,0,3,58.0,0,1980,0,0,1,4,4,0,0,0,1465.5172413793102
0,1,0,0,0,0,0,0,0,0,0,1,0,0,0,0,0,0,1,0,0,0,0,2,92.0,0,2022,0,1,0,7,9,0,0,0,3043.478260869565
0,0,1,0,0,0,0,0,0,0,0,0,0,1,0,0,0,0,0,0,1,0,0,1,24.0,0,1992,0,0,1,0,10,0,1,0,1916.6666666666667
0,1,0,0,0,0,0,0,0,0,0,0,0,0,0,0,0,0,1,0,0,0,0,2,50.0,1,2017,0,1,0,12,13,0,1,1,1780.0
0,1,0,0,0,0,0,0,0,0,0,1,0,0,0,0,0,0,1,0,0,0,0,1,45.0,0,2016,0,0,1,9,9,0,0,0,1308.888888888889
0,1,0,0,0,0,0,0,0,0,0,1,0,0,0,0,0,0,1,0,0,0,0,2,47.0,1,2023,0,1,0,7,14,0,0,0,1765.9574468085107
0,1,0,0,0,0,0,0,0,0,0,1,0,0,0,0,0,0,0,1,0,0,0,3,110.74,0,2025,0,1,0,16,18,0,0,0,1083.619288423334
0,0,0,0,1,0,0,0,0,0,0,0,1,0,0,0,0,0,0,0,1,0,0,1,38.0,1,1975,0,0,1,4,4,0,1,1,1486.842105263158
0,0,1,0,0,0,0,0,0,0,0,0,0,1,0,0,0,0,0,1,0,0,0,2,70.0,0,2023,0,0,1,7,10,0,0,0,1035.7142857142858
0,1,0,0,0,0,0,0,0,0,0,0,1,0,0,0,0,0,1,0,0,0,0,3,130.0,0,2023,0,1,0,6,9,0,0,1,1576.923076923077
0,1,0,0,0,0,0,0,0,0,0,0,1,0,0,0,0,0,1,0,0,0,0,2,62.0,0,2019,0,1,0,4,12,0,1,0,1806.4516129032259
0,1,0,0,0,0,0,0,0,0,0,1,0,0,0,0,0,0,1,0,0,0,0,1,47.0,0,2024,0,1,0,3,4,1,0,0,1244.6808510638298
0,1,0,0,0,0,0,0,0,0,0,0,0,1,0,0,0,0,0,1,0,0,0,2,53.47,0,2023,0,0,1,7,10,1,0,0,1122.1245558256967
0,1,0,0,0,0,0,0,0,0,0,0,1,0,0,0,0,0,0,1,0,0,0,3,100.0,0,2023,0,1,0,11,16,0,0,0,1150.0
1,0,0,0,0,0,0,0,0,0,0,0,0,0,0,0,0,0,0,0,1,0,0,2,80.0,0,2019,0,0,1,6,9,0,0,0,1500.0
0,0,0,1,0,0,0,0,0,0,0,0,1,0,0,0,0,0,0,0,1,0,0,2,48.0,1,1967,1,0,0,2,4,0,1,0,1426.6875
0,1,0,0,0,0,0,0,0,0,0,0,1,0,0,0,0,0,0,1,0,0,0,3,98.0,1,2023,0,1,0,4,16,0,0,0,975.5102040816327
0,0,0,0,1,0,0,0,0,0,0,0,1,0,0,0,0,0,0,0,1,0,0,3,58.0,0,1975,0,1,0,2,4,0,1,1,1491.3793103448277
0,1,0,0,0,0,0,0,0,0,0,0,0,0,0,0,0,0,0,1,0,0,0,3,150.0,0,2022,0,1,0,3,14,0,0,0,1433.3333333333333
1,0,0,0,0,0,0,0,0,0,0,0,0,0,0,0,0,0,0,0,0,0,0,3,106.0,0,2018,0,1,0,12,13,0,0,0,1405.6603773584907
0,1,0,0,0,0,0,0,0,0,0,0,1,0,0,0,0,0,0,1,0,0,0,2,87.0,0,2024,0,1,0,8,13,1,0,0,2091.9540229885056
0,1,0,0,0,0,0,0,0,0,0,0,1,0,0,0,0,0,0,1,0,0,0,1,38.0,0,2023,0,1,0,7,12,0,0,0,1078.9473684210527
1,0,0,0,0,0,0,0,0,0,0,0,1,0,0,0,0,0,1,0,0,0,0,3,92.0,0,2019,1,0,0,2,5,0,1,1,1380.4347826086957
0,1,0,0,0,0,0,0,0,0,0,1,0,0,0,0,0,0,0,1,0,0,0,1,47.75,0,2022,0,1,0,14,14,0,0,0,1350.7853403141362
0,1,0,0,0,0,0,0,0,0,0,0,0,1,0,0,0,0,0,1,0,0,0,3,84.0,0,2025,0,1,0,7,10,0,0,0,1050.0
0,1,0,0,0,0,0,0,0,0,0,0,1,0,0,0,0,0,1,0,0,0,0,3,100.0,1,2023,0,1,0,6,16,1,0,1,1590.0
0,0,1,0,0,0,0,0,0,0,0,0,0,0,1,0,0,0,0,0,1,0,0,1,45.0,0,2016,0,0,1,9,9,0,0,0,1211.111111111111
0,0,0,1,0,0,0,0,0,0,0,0,1,0,0,0,0,0,1,0,0,0,0,2,43.0,0,1967,1,0,0,3,4,0,0,0,1709.3023255813953
0,1,0,0,0,0,0,0,0,0,0,1,0,0,0,0,0,0,0,1,0,0,0,3,113.0,0,2025,0,1,0,17,18,0,0,0,1250.0
0,1,0,0,0,0,0,0,0,0,0,1,0,0,0,0,0,0,0,1,0,0,0,1,52.0,0,2023,0,1,0,2,10,0,0,0,961.5384615384615
0,1,0,0,0,0,0,0,0,0,0,1,0,0,0,0,0,0,1,0,0,0,0,3,98.0,0,2022,0,1,0,7,8,1,1,1,1479.591836734694
0,1,0,0,0,0,0,0,0,0,0,0,0,0,0,0,0,0,0,1,0,0,0,1,48.0,0,2025,0,1,0,2,10,0,0,0,1170.0
1,0,0,0,0,0,0,0,0,0,0,0,0,0,0,0,0,0,0,0,0,0,0,3,147.0,0,2008,1,0,0,10,10,0,0,0,1190.4761904761904
0,1,0,0,0,0,0,0,0,0,0,0,0,0,0,0,0,0,0,1,0,0,0,2,93.0,0,2022,0,1,0,2,14,0,0,0,1075.268817204301
0,1,0,0,0,0,0,0,0,0,0,0,0,1,0,0,0,0,1,0,0,0,0,2,46.0,0,2023,1,0,0,8,14,1,1,0,1804.3478260869565
1,0,0,0,0,0,0,0,0,0,0,0,1,0,0,0,0,0,1,0,0,0,0,5,238.0,0,2019,0,0,1,5,5,0,0,0,1092.436974789916
0,1,0,0,0,0,0,0,0,0,0,0,1,0,0,0,0,0,1,0,0,0,0,2,71.0,0,2015,1,0,0,9,10,1,1,1,1816.9014084507041
0,1,0,0,0,0,0,0,0,0,0,1,0,0,0,0,0,0,0,1,0,0,0,4,120.0,0,2026,0,1,0,4,14,0,0,0,970.8333333333334
0,1,0,0,0,0,0,0,0,0,0,1,0,0,0,0,0,0,0,1,0,0,0,1,49.0,0,2022,0,1,0,5,11,0,0,0,1225.0
0,0,1,0,0,0,0,0,0,0,0,0,0,0,0,0,0,0,0,0,0,0,0,3,63.0,0,1970,0,0,1,8,9,0,0,0,1806.3492063492063
1,0,0,0,0,0,0,0,0,0,0,0,0,0,0,0,0,0,0,0,0,0,0,2,78.0,0,2023,0,1,0,10,15,0,0,0,1250.0
0,1,0,0,0,0,0,0,0,0,0,0,1,0,0,0,0,0,1,0,0,0,0,3,93.0,0,2022,0,1,0,13,16,0,0,0,1279.5698924731182
0,1,0,0,0,0,0,0,0,0,0,0,1,0,0,0,0,0,1,0,0,0,0,2,82.0,0,2020,0,1,0,12,12,1,1,1,1792.6829268292684
0,1,0,0,0,0,0,0,0,0,0,1,0,0,0,0,0,0,0,1,0,0,0,1,43.0,0,2024,1,0,0,4,12,1,0,0,1209.3023255813953
0,1,0,0,0,0,0,0,0,0,0,0,1,0,0,0,0,0,1,0,0,0,0,3,117.0,0,2023,0,1,0,10,10,1,1,1,1649.5726495726497
0,1,0,0,0,0,0,0,0,0,0,0,1,0,0,0,0,0,1,0,0,0,0,3,94.0,0,2017,0,1,0,9,10,1,1,1,1595.7446808510638
0,1,0,0,0,0,0,0,0,0,0,1,0,0,0,0,0,0,0,1,0,0,0,2,61.0,0,2023,0,1,0,12,14,1,0,0,1229.5081967213114
0,1,0,0,0,0,0,0,0,0,0,1,0,0,0,0,0,0,1,0,0,0,0,1,42.0,1,2024,1,0,0,9,10,1,0,0,1392.857142857143
1,0,0,0,0,0,0,0,0,0,0,0,0,0,0,0,0,0,0,0,0,1,0,3,63.0,1,1968,1,0,0,4,4,0,1,1,1579.3650793650793
0,1,0,0,0,0,0,0,0,0,0,1,0,0,0,0,0,0,0,1,0,0,0,3,99.0,1,2023,1,0,0,14,14,0,0,0,1141.4141414141413
0,1,0,0,0,0,0,0,0,0,0,1,0,0,0,0,0,0,0,1,0,0,0,2,70.0,0,2025,0,1,0,8,17,1,0,0,950.0
0,1,0,0,0,0,0,0,0,0,0,1,0,0,0,0,0,0,1,0,0,0,0,1,36.0,0,2024,1,0,0,8,9,0,0,0,1583.3333333333333
0,0,0,0,1,0,0,0,0,0,0,0,1,0,0,0,0,0,0,0,0,1,0,3,58.0,0,1975,0,0,1,5,5,0,1,0,1310.344827586207
0,0,1,0,0,0,0,0,0,0,0,1,0,0,0,0,0,0,1,0,0,0,0,2,68.0,0,2016,0,0,1,5,9,0,0,0,1389.7058823529412
0,1,0,0,0,0,0,0,0,0,0,0,1,0,0,0,0,0,0,1,0,0,0,2,63.0,0,2023,1,0,0,7,11,0,1,0,1158.7301587301588
0,1,0,0,0,0,0,0,0,0,0,0,1,0,0,0,0,0,0,1,0,0,0,1,38.0,0,2023,1,0,0,11,12,0,0,0,1184.2105263157894
0,1,0,0,0,0,0,0,0,0,0,0,1,0,0,0,0,0,1,0,0,0,0,4,164.0,0,2017,0,1,0,7,12,0,0,0,2347.560975609756
0,0,0,0,1,0,0,0,0,0,0,0,1,0,0,0,0,0,0,0,0,1,0,3,58.0,0,1975,0,0,1,4,4,0,0,1,1586.2068965517242
0,0,0,0,0,0,1,0,0,0,0,0,1,0,0,0,0,0,1,0,0,0,0,3,62.0,0,1987,0,0,1,9,9,1,1,1,1370.967741935484
0,1,0,0,0,0,0,0,0,0,0,0,1,0,0,0,0,0,0,1,0,0,0,3,114.0,0,2016,0,1,0,10,12,0,1,1,1530.0
0,1,0,0,0,0,0,0,0,0,0,1,0,0,0,0,0,0,0,0,0,0,1,3,99.6,0,2025,0,1,0,6,7,0,0,0,700.2008032128515
0,0,0,1,0,0,0,0,0,0,0,0,0,0,0,0,0,0,0,0,1,0,0,1,29.0,0,1967,1,0,0,3,5,0,1,1,1534.4827586206898
0,1,0,0,0,0,0,0,0,0,0,1,0,0,0,0,0,0,0,1,0,0,0,1,42.0,0,2024,0,1,0,11,12,1,0,0,1250.0
0,1,0,0,0,0,0,0,0,0,0,1,0,0,0,0,0,0,0,1,0,0,0,2,58.63,0,2022,0,1,0,11,16,0,0,0,1236.5683097390413
0,0,0,0,1,0,0,0,0,0,0,0,1,0,0,0,0,0,0,0,1,0,0,3,58.0,0,1975,0,0,1,1,4,0,0,0,1250.0
0,0,0,0,1,0,0,0,0,0,0,0,0,0,0,0,0,0,0,0,0,0,0,2,43.0,0,1970,1,0,0,2,4,0,0,0,1674.4186046511627
0,1,0,0,0,0,0,0,0,0,0,1,0,0,0,0,0,0,0,1,0,0,0,1,50.0,0,2026,0,1,0,4,15,0,0,0,1250.0
0,1,0,0,0,0,0,0,0,0,0,0,0,0,0,0,0,0,0,1,0,0,0,1,49.7,0,2022,0,1,0,11,14,0,0,0,1500.0
0,1,0,0,0,0,0,0,0,0,0,0,0,0,0,0,0,0,0,1,0,0,0,2,48.91,0,2023,0,1,0,12,14,0,0,0,1059.0881210386424
0,1,0,0,0,0,0,0,0,0,0,0,0,1,0,0,0,0,0,1,0,0,0,2,61.5,0,2023,0,1,0,5,5,1,0,0,975.5934959349594
0,1,0,0,0,0,0,0,0,0,0,1,0,0,0,0,0,0,0,1,0,0,0,2,69.0,0,2025,1,0,0,4,5,0,0,0,1231.8840579710145
0,1,0,0,0,0,0,0,0,0,0,0,0,0,0,0,0,0,1,0,0,0,0,2,65.0,0,2022,0,1,0,4,14,0,0,0,1976.923076923077
1,0,0,0,0,0,0,0,0,0,0,0,1,0,0,0,0,0,0,0,1,0,0,3,162.0,1,2013,1,0,0,9,9,0,1,0,1172.8395061728395
0,1,0,0,0,0,0,0,0,0,0,0,0,1,0,0,0,0,0,1,0,0,0,3,112.11,0,2023,0,1,0,11,14,0,0,0,1350.00445990545
0,1,0,0,0,0,0,0,0,0,0,0,1,0,0,0,0,0,1,0,0,0,0,3,118.0,0,2025,0,1,0,10,10,0,1,0,1271.1864406779662
1,0,0,0,0,0,0,0,0,0,0,0,0,1,0,0,0,0,0,1,0,0,0,1,38.0,0,2024,1,0,0,9,9,0,0,0,1330.0
0,0,1,0,0,0,0,0,0,0,0,0,0,0,0,0,0,0,0,0,0,0,0,2,53.1,0,1990,0,0,1,7,9,0,0,0,1581.9209039548023
0,1,0,0,0,0,0,0,0,0,0,1,0,0,0,0,0,0,0,1,0,0,0,2,86.0,0,2021,0,1,0,7,14,0,0,1,1560.0
0,1,0,0,0,0,0,0,0,0,0,1,0,0,0,0,0,0,1,0,0,0,0,3,122.0,0,2022,0,0,1,6,14,1,0,0,1844.2622950819673
0,1,0,0,0,0,0,0,0,0,0,0,1,0,0,0,0,0,0,1,0,0,0,2,67.0,0,2025,0,1,0,2,17,0,0,0,1253.7313432835822
0,0,0,1,0,0,0,0,0,0,0,0,1,0,0,0,0,0,0,0,1,0,0,2,42.0,0,1967,1,0,0,2,4,0,0,0,1523.8095238095239
1,0,0,0,0,0,0,0,0,0,0,1,0,0,0,0,0,0,0,1,0,0,0,2,63.0,1,2024,1,0,0,3,10,0,0,0,1190.4761904761904
0,1,0,0,0,0,0,0,0,0,0,0,0,1,0,0,0,0,0,1,0,0,0,2,72.5,0,2024,0,1,0,6,15,1,0,0,1160.0
0,0,0,0,0,0,1,0,0,0,0,0,1,0,0,0,0,0,0,0,1,0,0,1,50.0,0,2025,1,0,0,9,9,0,0,0,1120.0
1,0,0,0,0,0,0,0,0,0,0,0,1,0,0,0,0,0,1,0,0,0,0,4,87.0,0,2019,1,0,0,5,5,0,1,1,1091.9540229885058
0,0,0,0,1,0,0,0,0,0,0,0,1,0,0,0,0,0,0,0,0,1,0,3,58.0,0,1975,0,0,1,3,4,0,1,1,1172.4137931034484
0,0,0,0,1,0,0,0,0,0,0,0,0,0,0,0,0,0,0,0,0,0,0,2,43.0,0,1975,0,0,1,2,4,0,0,0,1720.9302325581396
1,0,0,0,0,0,0,0,0,0,0,0,0,0,0,0,0,0,0,0,0,0,0,2,78.22,0,2025,1,0,0,2,12,0,0,0,779.8517003323958
0,1,0,0,0,0,0,0,0,0,0,0,0,1,0,0,0,0,0,1,0,0,0,2,103.0,0,2023,1,0,0,10,12,1,1,1,1150.0
0,1,0,0,0,0,0,0,0,0,0,0,1,0,0,0,0,0,0,1,0,0,0,2,90.0,0,2017,0,1,0,11,12,0,0,0,1100.0
0,0,0,0,0,1,0,0,0,0,0,0,0,1,0,0,0,0,1,0,0,0,0,2,79.2,1,2023,0,0,1,5,9,0,0,0,1414.141414141414
0,0,0,0,1,0,0,0,0,0,0,0,0,0,0,0,0,0,0,0,0,0,0,2,44.0,0,1967,0,0,1,4,4,0,0,0,1568.1818181818182
0,1,0,0,0,0,0,0,0,0,0,0,0,1,0,0,0,0,0,1,0,0,0,2,67.0,0,2023,0,1,0,2,5,1,0,0,955.223880597015
0,1,0,0,0,0,0,0,0,0,0,0,1,0,0,0,0,0,0,1,0,0,0,1,54.0,0,2025,0,1,0,9,13,0,0,0,1611.111111111111
0,1,0,0,0,0,0,0,0,0,0,1,0,0,0,0,0,0,1,0,0,0,0,1,41.0,0,2023,0,1,0,11,14,0,0,0,1609.7560975609756
1,0,0,0,0,0,0,0,0,0,0,0,1,0,0,0,0,0,1,0,0,0,0,2,78.0,1,2016,1,0,0,4,9,0,0,0,1628.2051282051282
0,1,0,0,0,0,0,0,0,0,0,0,1,0,0,0,0,0,0,1,0,0,0,2,80.0,1,2025,0,1,0,14,16,0,0,0,1406.25
0,1,0,0,0,0,0,0,0,0,0,0,1,0,0,0,0,0,0,1,0,0,0,3,85.0,0,2022,0,1,0,8,15,1,0,0,1340.0
0,1,0,0,0,0,0,0,0,0,0,0,1,0,0,0,0,0,0,1,0,0,0,2,83.0,0,2025,0,1,0,8,12,0,0,0,900.0
0,1,0,0,0,0,0,0,0,0,0,1,0,0,0,0,0,0,0,1,0,0,0,4,154.0,0,2021,0,1,0,8,14,1,0,0,1168.8311688311687
0,1,0,0,0,0,0,0,0,0,0,1,0,0,0,0,0,0,1,0,0,0,0,2,54.0,0,2023,0,1,0,8,9,0,0,0,1472.2222222222222
1,0,0,0,0,0,0,0,0,0,0,0,1,0,0,0,0,0,1,0,0,0,0,2,55.0,0,2019,1,0,0,6,9,0,0,0,1645.4545454545455
0,1,0,0,0,0,0,0,0,0,0,0,0,1,0,0,0,0,0,1,0,0,0,1,61.0,0,2023,0,1,0,7,16,0,0,0,1122.950819672131
1,0,0,0,0,0,0,0,0,0,0,0,1,0,0,0,0,0,1,0,0,0,0,4,240.0,0,1982,1,0,0,2,6,0,0,1,1375.0
0,1,0,0,0,0,0,0,0,0,0,1,0,0,0,0,0,0,0,1,0,0,0,3,88.0,0,2022,0,1,0,3,10,1,0,0,1829.5454545454545
0,1,0,0,0,0,0,0,0,0,0,1,0,0,0,0,0,0,1,0,0,0,0,2,67.0,0,2023,0,1,0,6,14,0,1,0,1492.5373134328358
0,1,0,0,0,0,0,0,0,0,0,0,1,0,0,0,0,0,0,0,0,1,0,3,98.0,0,2011,1,0,0,4,9,0,0,1,1734.6938775510205
0,1,0,0,0,0,0,0,0,0,0,0,1,0,0,0,0,0,1,0,0,0,0,2,78.0,0,2019,0,1,0,11,12,1,1,1,1602.5641025641025
0,1,0,0,0,0,0,0,0,0,0,1,0,0,0,0,0,0,0,1,0,0,0,2,44.0,0,2022,0,1,0,10,14,1,0,0,1230.0
0,1,0,0,0,0,0,0,0,0,0,0,1,0,0,0,0,0,1,0,0,0,0,4,197.0,0,2013,1,0,0,4,10,0,0,0,2300.0
0,1,0,0,0,0,0,0,0,0,0,0,1,0,0,0,0,0,0,0,1,0,0,1,35.0,0,2022,0,1,0,3,10,0,1,1,1614.2857142857142
0,1,0,0,0,0,0,0,0,0,0,1,0,0,0,0,0,0,0,1,0,0,0,2,76.0,0,2023,0,1,0,16,16,0,0,0,1105.2631578947369
1,0,0,0,0,0,0,0,0,0,0,0,0,0,0,0,0,0,0,0,0,0,0,2,84.82,0,2026,1,0,0,2,16,0,0,0,1199.7170478660694
0,1,0,0,0,0,0,0,0,0,0,0,1,0,0,0,0,0,0,0,1,0,0,2,46.0,0,2023,1,0,0,7,12,0,0,0,1728.2608695652175
0,1,0,0,0,0,0,0,0,0,0,0,1,0,0,0,0,0,0,0,1,0,0,3,147.0,0,2023,1,0,0,9,14,0,1,1,918.3673469387755
0,1,0,0,0,0,0,0,0,0,0,1,0,0,0,0,0,0,0,1,0,0,0,4,121.0,0,2023,0,1,0,6,12,0,0,0,760.3305785123966
0,1,0,0,0,0,0,0,0,0,0,0,1,0,0,0,0,0,1,0,0,0,0,2,40.0,0,2017,0,1,0,4,10,1,1,0,1875.0
0,0,0,0,1,0,0,0,0,0,0,0,0,0,0,0,0,0,0,0,0,0,0,3,58.0,0,1987,0,0,1,5,5,0,0,0,1474.1379310344828
0,1,0,0,0,0,0,0,0,0,0,0,0,0,0,0,0,0,0,0,0,0,1,3,124.0,0,2027,0,1,0,9,16,0,0,0,1000.0
1,0,0,0,0,0,0,0,0,0,0,0,0,0,0,0,0,0,0,1,0,0,0,2,74.0,0,2024,0,1,0,2,15,1,0,0,1256.7567567567567
0,0,0,0,1,0,0,0,0,0,0,0,1,0,0,0,0,0,1,0,0,0,0,3,58.0,0,1975,1,0,0,3,5,0,0,0,1637.9310344827586
0,0,1,0,0,0,0,0,0,0,0,0,1,0,0,0,0,0,0,0,0,1,0,1,36.0,0,1992,0,0,1,7,9,0,0,0,1625.0
0,1,0,0,0,0,0,0,0,0,0,1,0,0,0,0,0,0,0,1,0,0,0,3,107.0,0,2022,0,1,0,13,14,1,0,1,1271.0280373831777
0,1,0,0,0,0,0,0,0,0,0,0,0,1,0,0,0,0,0,1,0,0,0,2,86.0,1,2021,1,0,0,9,12,0,0,0,1244.1860465116279
0,0,1,0,0,0,0,0,0,0,0,0,1,0,0,0,0,0,1,0,0,0,0,3,82.0,0,1990,0,1,0,8,9,0,1,1,1548.780487804878
0,1,0,0,0,0,0,0,0,0,0,1,0,0,0,0,0,0,0,1,0,0,0,4,152.0,0,2024,1,0,0,7,15,0,0,0,1640.0
0,1,0,0,0,0,0,0,0,0,0,0,1,0,0,0,0,0,1,0,0,0,0,1,41.0,0,2022,1,0,0,9,9,0,0,0,1426.8292682926829
0,1,0,0,0,0,0,0,0,0,0,1,0,0,0,0,0,0,0,1,0,0,0,4,131.0,0,2022,0,0,1,13,13,0,0,0,1490.0
0,1,0,0,0,0,0,0,0,0,0,0,0,0,0,0,0,0,0,1,0,0,0,1,49.0,1,2025,0,1,0,10,12,0,0,0,850.0
1,0,0,0,0,0,0,0,0,0,0,0,0,0,0,0,0,0,0,0,0,0,0,6,500.0,0,2006,0,1,0,10,12,0,0,0,1440.0
0,0,0,0,0,0,0,1,0,0,0,1,0,0,0,0,0,0,0,0,1,0,0,4,200.0,1,2022,1,0,0,12,12,0,1,1,3350.0
0,1,0,0,0,0,0,0,0,0,0,0,0,1,0,0,0,0,0,1,0,0,0,1,47.0,0,2020,0,0,1,4,12,0,0,0,1106.3829787234042
0,1,0,0,0,0,0,0,0,0,0,0,1,0,0,0,0,0,1,0,0,0,0,3,63.0,0,2023,0,1,0,11,13,0,0,0,1388.888888888889
0,1,0,0,0,0,0,0,0,0,0,0,0,0,1,0,0,0,1,0,0,0,0,3,128.0,0,2018,0,1,0,7,12,1,1,1,1460.9375
0,1,0,0,0,0,0,0,0,0,0,0,1,0,0,0,0,0,1,0,0,0,0,3,109.0,0,2020,0,1,0,2,12,1,1,1,2018.348623853211
0,0,0,0,0,0,0,1,0,0,0,1,0,0,0,0,0,0,0,1,0,0,0,6,571.0,1,2024,0,1,0,9,9,0,0,0,980.0
0,0,0,0,1,0,0,0,0,0,0,0,1,0,0,0,0,0,0,0,0,1,0,1,32.0,0,1978,0,0,1,4,4,0,1,1,1931.25
0,1,0,0,0,0,0,0,0,0,0,0,1,0,0,0,0,0,0,1,0,0,0,2,93.28,1,2025,0,1,0,7,12,0,0,0,1600.0
0,0,0,0,0,0,1,0,0,0,0,0,1,0,0,0,0,0,0,0,1,0,0,3,70.0,0,1985,0,0,1,9,9,0,1,1,1278.5714285714287
0,1,0,0,0,0,0,0,0,0,0,0,0,1,0,0,0,0,0,1,0,0,0,3,127.0,0,2022,1,0,0,9,13,1,0,0,1350.0
0,1,0,0,0,0,0,0,0,0,0,1,0,0,0,0,0,0,0,1,0,0,0,2,61.0,0,2023,0,1,0,7,16,0,0,0,1090.1639344262296
0,0,1,0,0,0,0,0,0,0,0,0,1,0,0,0,0,0,0,0,1,0,0,3,78.0,1,1990,0,0,1,9,9,0,0,0,1141.025641025641
0,1,0,0,0,0,0,0,0,0,0,0,1,0,0,0,0,0,0,0,1,0,0,4,140.0,0,2023,0,1,0,6,12,0,1,0,1585.7142857142858
0,1,0,0,0,0,0,0,0,0,0,0,0,1,0,0,0,0,1,0,0,0,0,3,112.0,0,2014,1,0,0,4,5,0,1,1,1455.357142857143
0,1,0,0,0,0,0,0,0,0,0,1,0,0,0,0,0,0,0,1,0,0,0,2,64.0,0,2024,0,1,0,3,12,0,0,0,1320.3125
0,0,0,0,1,0,0,0,0,0,0,0,1,0,0,0,0,0,0,0,1,0,0,3,58.0,0,1975,0,0,1,5,5,1,1,0,1491.3793103448277
0,1,0,0,0,0,0,0,0,0,0,0,1,0,0,0,0,0,0,1,0,0,0,4,140.0,0,2018,0,1,0,10,16,0,0,0,1500.0
1,0,0,0,0,0,0,0,0,0,0,0,0,0,0,0,0,0,0,0,0,0,0,4,189.3,0,2017,1,0,0,9,10,0,0,0,1188.5895404120442
1,0,0,0,0,0,0,0,0,0,0,0,0,0,0,0,0,0,0,0,0,0,0,2,66.8,0,2016,0,1,0,4,11,0,0,0,1452.0958083832336
1,0,0,0,0,0,0,0,0,0,0,0,0,0,0,0,0,0,0,0,0,0,0,4,132.1,0,2015,0,1,0,12,13,0,0,0,1514.0045420136262
0,1,0,0,0,0,0,0,0,0,0,0,1,0,0,0,0,0,1,0,0,0,0,2,54.0,0,2022,1,0,0,10,10,0,0,0,1574.0740740740741
1,0,0,0,0,0,0,0,0,0,0,0,0,0,0,0,0,0,0,0,0,0,0,2,78.0,0,2015,0,1,0,9,12,0,0,0,1115.3846153846155
1,0,0,0,0,0,0,0,0,0,0,0,0,0,0,0,0,0,0,0,0,0,0,4,145.95,0,2025,1,0,0,7,12,0,0,0,993.4909215484756
0,0,0,0,0,0,0,0,0,0,0,1,0,0,0,0,0,0,1,0,0,0,0,2,60.0,0,2022,0,1,0,6,12,1,0,0,1033.3333333333333
0,0,0,0,0,1,0,0,0,0,0,0,0,1,0,0,0,0,1,0,0,0,0,3,85.0,0,2022,0,1,0,9,9,0,0,0,1635.2941176470588
0,1,0,0,0,0,0,0,0,0,0,1,0,0,0,0,0,0,0,1,0,0,0,1,51.2,0,2023,0,0,1,5,9,0,0,0,1103.515625
1,0,0,0,0,0,0,0,0,0,0,0,0,0,0,0,0,0,0,0,0,0,0,4,172.5,0,2008,1,0,0,1,10,0,0,0,1449.2753623188405
1,0,0,0,0,0,0,0,0,0,0,0,0,0,0,0,0,0,0,0,0,0,0,3,150.0,0,2020,1,0,0,5,10,0,0,0,1120.0
1,0,0,0,0,0,0,0,0,0,0,0,1,0,0,0,0,0,0,0,1,0,0,3,137.0,0,2019,1,0,0,8,12,0,1,0,1021.8978102189781
0,1,0,0,0,0,0,0,0,0,0,1,0,0,0,0,0,0,1,0,0,0,0,3,119.0,0,2024,1,0,0,14,14,1,0,0,2016.8067226890757
0,1,0,0,0,0,0,0,0,0,0,0,1,0,0,0,0,0,1,0,0,0,0,1,53.0,0,2023,0,1,0,4,9,1,0,0,1150.9433962264152
0,1,0,0,0,0,0,0,0,0,0,1,0,0,0,0,0,0,1,0,0,0,0,3,132.0,0,2019,0,1,0,7,12,0,0,0,1984.8484848484848
1,0,0,0,0,0,0,0,0,0,0,0,0,0,0,0,0,0,0,0,0,0,0,4,177.0,0,2018,0,1,0,11,12,0,0,0,1920.90395480226
0,1,0,0,0,0,0,0,0,0,0,1,0,0,0,0,0,0,0,1,0,0,0,2,48.0,0,2022,0,1,0,9,9,1,0,0,1083.3125
0,1,0,0,0,0,0,0,0,0,0,0,1,0,0,0,0,0,1,0,0,0,0,4,226.6,0,2021,0,1,0,14,14,0,1,0,1853.4863195057371
0,1,0,0,0,0,0,0,0,0,0,0,0,1,0,0,0,0,1,0,0,0,0,2,67.0,1,2019,1,0,0,6,10,0,1,1,1388.0597014925372
0,0,0,0,1,0,0,0,0,0,0,0,1,0,0,0,0,0,0,0,1,0,0,2,44.0,0,1975,0,0,1,3,4,0,0,0,1670.4545454545455
0,1,0,0,0,0,0,0,0,0,0,1,0,0,0,0,0,0,0,1,0,0,0,3,119.0,0,2023,0,1,0,11,14,0,0,0,1470.5882352941176
0,1,0,0,0,0,0,0,0,0,0,0,1,0,0,0,0,0,0,0,0,0,1,2,75.24,0,2026,0,1,0,17,17,1,0,0,1063.264221158958
0,1,0,0,0,0,0,0,0,0,0,0,1,0,0,0,0,0,1,0,0,0,0,2,79.0,0,2022,0,1,0,12,16,1,0,0,1329.113924050633
0,1,0,0,0,0,0,0,0,0,0,0,1,0,0,0,0,0,1,0,0,0,0,3,103.0,0,2016,0,1,0,4,9,1,1,1,1699.0291262135922
1,0,0,0,0,0,0,0,0,0,0,1,0,0,0,0,0,0,1,0,0,0,0,1,43.5,1,2024,1,0,0,3,3,0,1,1,1678.16091954023
0,1,0,0,0,0,0,0,0,0,0,1,0,0,0,0,0,0,0,0,0,0,1,2,72.0,0,2022,0,1,0,13,14,0,0,0,937.5
0,1,0,0,0,0,0,0,0,0,0,1,0,0,0,0,0,0,0,1,0,0,0,3,89.0,0,2025,0,1,0,8,10,0,0,0,1022.4719101123595
0,1,0,0,0,0,0,0,0,0,0,0,1,0,0,0,0,0,0,0,1,0,0,3,106.0,0,2021,0,1,0,7,13,0,0,0,1018.8679245283018
0,1,0,0,0,0,0,0,0,0,0,0,0,1,0,0,0,0,1,0,0,0,0,1,57.0,1,2022,0,1,0,5,10,0,1,1,2017.5438596491229
0,1,0,0,0,0,0,0,0,0,0,0,1,0,0,0,0,0,0,1,0,0,0,1,46.0,0,2024,0,1,0,12,13,0,0,0,1434.7826086956522
0,1,0,0,0,0,0,0,0,0,0,0,1,0,0,0,0,0,1,0,0,0,0,2,56.0,1,2019,0,1,0,4,12,0,1,1,1964.2857142857142
0,0,0,0,0,0,1,0,0,0,0,0,1,0,0,0,0,0,1,0,0,0,0,4,63.0,0,1980,0,0,1,5,5,1,1,1,1666.6666666666667
0,1,0,0,0,0,0,0,0,0,0,0,1,0,0,0,0,0,0,0,1,0,0,2,78.0,0,2022,0,1,0,14,16,0,0,0,1782.051282051282
0,1,0,0,0,0,0,0,0,0,0,0,1,0,0,0,0,0,0,0,1,0,0,2,90.0,0,2023,1,0,0,7,10,0,1,0,1500.0
0,1,0,0,0,0,0,0,0,0,0,0,0,0,0,0,0,0,0,1,0,0,0,2,72.0,0,2026,1,0,0,6,15,0,0,0,850.0
0,1,0,0,0,0,0,0,0,0,0,0,1,0,0,0,0,0,0,1,0,0,0,3,89.0,0,2024,0,1,0,14,14,1,0,0,1000.0
0,0,1,0,0,0,0,0,0,0,0,0,0,0,1,0,0,0,1,0,0,0,0,2,67.0,0,2019,0,1,0,2,9,1,1,1,1231.3432835820895
0,1,0,0,0,0,0,0,0,0,0,1,0,0,0,0,0,0,1,0,0,0,0,3,94.0,0,2023,0,1,0,8,9,1,0,1,1510.6382978723404
0,1,0,0,0,0,0,0,0,0,0,0,1,0,0,0,0,0,1,0,0,0,0,2,71.0,0,2022,0,1,0,11,12,0,0,0,1704.225352112676
0,1,0,0,0,0,0,0,0,0,0,0,0,0,0,0,0,0,0,1,0,0,0,1,60.0,0,2023,0,1,0,4,9,0,0,0,833.3333333333334
1,0,0,0,0,0,0,0,0,0,0,0,0,0,0,0,0,0,0,0,0,0,0,2,67.74,0,2025,0,1,0,10,10,0,0,0,856.2149394744613
1,0,0,0,0,0,0,0,0,0,0,0,1,0,0,0,0,0,0,0,1,0,0,1,34.0,0,2019,1,0,0,1,5,0,1,1,1514.7058823529412
0,0,0,0,0,0,1,0,0,0,0,0,0,0,0,0,0,0,0,0,0,0,0,2,48.0,0,1990,1,0,0,5,5,0,0,0,1291.6666666666667
0,1,0,0,0,0,0,0,0,0,0,0,1,0,0,0,0,0,1,0,0,0,0,3,63.0,0,2019,0,1,0,11,13,0,1,1,1388.888888888889
0,0,1,0,0,0,0,0,0,0,0,0,1,0,0,0,0,0,0,0,1,0,0,1,40.0,1,1999,0,0,1,8,9,0,1,0,1550.0
0,1,0,0,0,0,0,0,0,0,0,1,0,0,0,0,0,0,1,0,0,0,0,2,60.0,0,2022,0,1,0,5,12,0,0,0,1550.0
0,1,0,0,0,0,0,0,0,0,0,0,0,1,0,0,0,0,0,1,0,0,0,2,78.71,0,2025,0,1,0,4,15,1,0,0,1000.0000000000001
1,0,0,0,0,0,0,0,0,0,0,0,0,0,0,0,0,0,0,0,0,0,0,3,117.0,0,2014,0,1,0,11,14,0,0,0,1239.3162393162393
0,0,0,0,1,0,0,0,0,0,0,0,1,0,0,0,0,0,0,0,1,0,0,2,45.0,1,1974,0,0,1,1,5,0,1,0,1888.888888888889
0,0,0,0,1,0,0,0,0,0,0,0,1,0,0,0,0,0,0,0,1,0,0,3,58.0,0,1975,0,0,1,3,4,0,1,1,1706.896551724138
0,1,0,0,0,0,0,0,0,0,0,0,1,0,0,0,0,0,0,0,1,0,0,4,165.0,0,2013,1,0,0,5,9,0,1,1,1503.030303030303
0,1,0,0,0,0,0,0,0,0,0,0,0,0,0,0,0,0,0,1,0,0,0,2,66.0,0,2023,0,1,0,12,14,1,0,0,1121.2121212121212
0,1,0,0,0,0,0,0,0,0,0,1,0,0,0,0,0,0,1,0,0,0,0,3,120.0,0,2023,0,1,0,10,10,0,1,0,1650.0
0,1,0,0,0,0,0,0,0,0,0,0,1,0,0,0,0,0,0,1,0,0,0,3,84.0,0,2022,0,1,0,5,15,1,0,0,1250.0
0,1,0,0,0,0,0,0,0,0,0,1,0,0,0,0,0,0,0,1,0,0,0,2,61.0,1,2023,0,1,0,12,14,0,0,0,1229.5081967213114
1,0,0,0,0,0,0,0,0,0,0,0,0,0,1,0,0,0,0,1,0,0,0,2,87.0,0,2021,1,0,0,5,5,0,0,0,666.6666666666666
0,1,0,0,0,0,0,0,0,0,0,0,1,0,0,0,0,0,1,0,0,0,0,5,229.0,0,2014,1,0,0,3,10,0,0,0,2000.0
0,0,0,0,0,0,1,0,0,0,0,0,1,0,0,0,0,0,0,0,1,0,0,3,60.6,0,1987,0,0,1,8,9,0,0,0,1551.1551155115512
0,1,0,0,0,0,0,0,0,0,0,0,1,0,0,0,0,0,0,1,0,0,0,2,63.0,0,2024,0,1,0,4,10,0,0,0,1700.0
0,1,0,0,0,0,0,0,0,0,0,0,1,0,0,0,0,0,1,0,0,0,0,4,150.0,0,2016,0,1,0,9,10,0,1,0,1366.6666666666667
0,1,0,0,0,0,0,0,0,0,0,1,0,0,0,0,0,0,0,1,0,0,0,3,89.5,0,2023,1,0,0,3,16,1,0,0,1150.0
0,1,0,0,0,0,0,0,0,0,0,1,0,0,0,0,0,0,0,1,0,0,0,2,77.0,0,2026,0,1,0,3,14,0,0,0,1142.857142857143
1,0,0,0,0,0,0,0,0,0,0,0,0,0,0,0,0,0,0,0,0,0,0,3,123.0,0,2019,1,0,0,9,12,0,0,0,1666.6666666666667
0,1,0,0,0,0,0,0,0,0,0,0,1,0,0,0,0,0,1,0,0,0,0,2,76.0,0,2023,1,0,0,7,14,0,0,0,2302.6315789473683
0,1,0,0,0,0,0,0,0,0,0,0,0,0,1,0,0,0,0,0,1,0,0,2,65.0,1,2017,1,0,0,2,5,0,1,1,1615.3846153846155
0,1,0,0,0,0,0,0,0,0,0,0,1,0,0,0,0,0,0,1,0,0,0,1,50.0,0,2021,0,1,0,8,15,1,0,0,1338.0
1,0,0,0,0,0,0,0,0,0,0,0,0,0,0,0,0,0,0,0,0,0,0,4,152.0,0,2023,0,1,0,10,14,0,0,0,1776.3157894736842
0,1,0,0,0,0,0,0,0,0,0,0,1,0,0,0,0,0,0,1,0,0,0,2,72.0,0,2024,0,1,0,7,14,1,0,1,900.0
0,1,0,0,0,0,0,0,0,0,0,0,0,0,0,0,0,0,0,1,0,0,0,3,123.0,0,2024,0,1,0,5,19,0,0,0,1450.0
0,1,0,0,0,0,0,0,0,0,0,1,0,0,0,0,0,0,0,1,0,0,0,1,36.05,0,2025,0,1,0,10,10,0,0,0,1123.4396671289876
0,1,0,0,0,0,0,0,0,0,0,0,0,0,0,0,0,0,0,1,0,0,0,6,250.0,0,2023,1,0,0,1,2,0,1,1,1088.0
0,1,0,0,0,0,0,0,0,0,0,1,0,0,0,0,0,0,1,0,0,0,0,2,74.0,0,2022,0,1,0,10,16,1,1,0,1750.0
0,1,0,0,0,0,0,0,0,0,0,0,1,0,0,0,0,0,1,0,0,0,0,3,107.0,0,2015,0,1,0,10,10,0,0,0,1551.4018691588785
0,1,0,0,0,0,0,0,0,0,0,0,0,0,1,0,0,0,1,0,0,0,0,2,72.0,0,2016,1,0,0,6,10,0,1,1,1625.0
0,0,0,1,0,0,0,0,0,0,0,0,0,0,0,0,0,0,0,0,0,1,0,2,57.0,0,1967,1,0,0,4,4,0,0,0,1157.8947368421052
0,0,0,0,0,0,1,0,0,0,0,0,1,0,0,0,0,0,0,0,1,0,0,1,34.0,0,1988,0,0,1,6,9,0,1,1,1691.1764705882354
0,1,0,0,0,0,0,0,0,0,0,1,0,0,0,0,0,0,0,0,1,0,0,1,53.0,0,2024,0,1,0,3,16,0,0,0,1273.5849056603774
0,1,0,0,0,0,0,0,0,0,0,1,0,0,0,0,0,0,1,0,0,0,0,1,41.0,0,2023,1,0,0,2,10,1,0,0,1451.219512195122
0,1,0,0,0,0,0,0,0,0,0,0,1,0,0,0,0,0,1,0,0,0,0,2,50.0,0,2020,0,1,0,8,10,0,0,0,1650.0
0,1,0,0,0,0,0,0,0,0,0,0,1,0,0,0,0,0,1,0,0,0,0,2,77.9,0,2023,0,1,0,2,11,0,0,0,1476.2516046213093
0,0,0,0,0,0,0,0,0,1,0,0,1,0,0,0,0,0,0,0,1,0,0,3,84.0,0,1960,1,0,0,2,5,0,1,1,1845.2380952380952
0,1,0,0,0,0,0,0,0,0,0,1,0,0,0,0,0,0,0,1,0,0,0,3,97.0,0,2026,1,0,0,11,17,0,0,0,1120.0
0,0,0,0,1,0,0,0,0,0,0,0,1,0,0,0,0,0,0,0,1,0,0,1,32.0,0,1975,0,0,1,3,4,1,1,0,1593.75
0,1,0,0,0,0,0,0,0,0,0,1,0,0,0,0,0,0,1,0,0,0,0,1,40.0,1,2023,0,1,0,3,12,1,1,0,1575.0
0,1,0,0,0,0,0,0,0,0,0,1,0,0,0,0,0,0,1,0,0,0,0,2,70.0,0,2022,1,0,0,3,14,0,1,1,1742.857142857143
0,0,0,0,1,0,0,0,0,0,0,0,1,0,0,0,0,0,0,0,0,1,0,1,32.0,0,1975,0,0,1,5,5,0,0,0,1906.25
0,1,0,0,0,0,0,0,0,0,0,0,0,0,0,0,0,0,1,0,0,0,0,2,63.0,0,2023,1,0,0,2,10,0,0,0,1936.5079365079366
0,1,0,0,0,0,0,0,0,0,0,1,0,0,0,0,0,0,0,1,0,0,0,2,77.0,0,2024,0,1,0,5,16,0,0,0,1120.0
0,1,0,0,0,0,0,0,0,0,0,1,0,0,0,0,0,0,0,1,0,0,0,1,52.0,0,2023,1,0,0,13,14,1,1,0,1350.0
0,1,0,0,0,0,0,0,0,0,0,1,0,0,0,0,0,0,0,1,0,0,0,4,228.0,0,2025,0,1,0,11,14,0,0,0,1330.0
0,1,0,0,0,0,0,0,0,0,0,0,1,0,0,0,0,0,1,0,0,0,0,1,48.0,1,2024,0,1,0,4,13,1,0,0,1379.1666666666667
0,0,0,0,0,0,1,0,0,0,0,0,1,0,0,0,0,0,0,0,0,1,0,1,36.0,1,1990,0,0,1,3,9,0,0,0,1541.6666666666667
0,1,0,0,0,0,0,0,0,0,0,0,1,0,0,0,0,0,0,1,0,0,0,1,54.0,0,2024,0,1,0,10,16,0,0,0,1527.7777777777778
0,1,0,0,0,0,0,0,0,0,0,1,0,0,0,0,0,0,0,1,0,0,0,3,150.0,0,2023,0,1,0,8,12,1,0,0,900.0
0,1,0,0,0,0,0,0,0,0,0,0,1,0,0,0,0,0,0,0,1,0,0,1,44.0,1,2024,1,0,0,15,16,1,0,0,1840.909090909091
0,0,0,0,0,0,0,0,1,0,0,1,0,0,0,0,0,0,0,0,1,0,0,3,60.0,1,1960,1,0,0,1,1,1,1,0,1666.6666666666667
0,1,0,0,0,0,0,0,0,0,0,1,0,0,0,0,0,0,0,1,0,0,0,4,135.0,0,2024,0,1,0,7,9,0,0,0,1560.0
0,1,0,0,0,0,0,0,0,0,0,0,1,0,0,0,0,0,0,1,0,0,0,1,45.0,0,2026,0,1,0,6,14,1,0,0,1077.7777777777778
1,0,0,0,0,0,0,0,0,0,0,0,1,0,0,0,0,0,0,0,1,0,0,1,38.0,0,1978,0,1,0,5,12,0,1,1,1460.5263157894738
1,0,0,0,0,0,0,0,0,0,0,0,1,0,0,0,0,0,0,0,1,0,0,3,54.0,0,2019,1,0,0,1,4,0,0,0,1712.962962962963
0,1,0,0,0,0,0,0,0,0,0,1,0,0,0,0,0,0,1,0,0,0,0,3,86.0,0,2023,0,1,0,14,14,1,1,1,1337.2093023255813
0,1,0,0,0,0,0,0,0,0,0,0,0,0,0,0,0,0,1,0,0,0,0,2,59.0,0,2023,1,0,0,2,12,0,0,0,1559.322033898305
0,0,0,0,0,0,0,1,0,0,0,1,0,0,0,0,0,0,0,0,0,0,1,2,82.0,0,2019,0,1,0,1,24,0,1,1,1700.0
0,1,0,0,0,0,0,0,0,0,0,0,0,0,0,0,0,0,1,0,0,0,0,1,38.0,0,2019,0,1,0,10,12,0,0,0,1776.3157894736842
0,1,0,0,0,0,0,0,0,0,0,0,1,0,0,0,0,0,0,1,0,0,0,1,50.0,1,2023,0,1,0,8,11,0,0,0,1100.0
0,1,0,0,0,0,0,0,0,0,0,0,0,1,0,0,0,0,0,1,0,0,0,1,52.0,0,2023,1,0,0,5,9,1,0,0,1144.2307692307693
0,1,0,0,0,0,0,0,0,0,0,1,0,0,0,0,0,0,1,0,0,0,0,2,53.0,0,2021,0,1,0,2,14,0,0,0,2037.7358490566037
0,1,0,0,0,0,0,0,0,0,0,1,0,0,0,0,0,0,0,1,0,0,0,1,51.0,0,2024,0,1,0,7,12,1,0,0,1250.0
0,1,0,0,0,0,0,0,0,0,0,1,0,0,0,0,0,0,0,1,0,0,0,3,89.0,0,2023,1,0,0,2,14,0,0,0,1235.9550561797753
0,1,0,0,0,0,0,0,0,0,0,0,1,0,0,0,0,0,1,0,0,0,0,2,78.0,0,2017,0,1,0,13,13,0,0,0,1371.7948717948718
1,0,0,0,0,0,0,0,0,0,0,0,1,0,0,0,0,0,0,0,1,0,0,2,44.0,0,1984,1,0,0,4,5,1,1,1,1647.7272727272727
0,1,0,0,0,0,0,0,0,0,0,0,0,1,0,0,0,0,1,0,0,0,0,1,28.0,0,2023,1,0,0,7,9,1,0,0,1571.4285714285713
0,0,0,0,1,0,0,0,0,0,0,0,1,0,0,0,0,0,0,0,1,0,0,1,32.0,1,1975,0,0,1,3,5,0,0,0,2062.5
0,1,0,0,0,0,0,0,0,0,0,0,1,0,0,0,0,0,1,0,0,0,0,3,106.0,0,2019,1,0,0,6,12,0,0,0,1594.3396226415093
0,1,0,0,0,0,0,0,0,0,0,0,0,0,0,0,0,0,0,1,0,0,0,1,56.0,0,2021,0,1,0,14,15,0,0,0,1125.0
0,1,0,0,0,0,0,0,0,0,0,1,0,0,0,0,0,0,0,1,0,0,0,2,62.0,0,2025,0,1,0,14,14,1,0,0,1320.0
0,1,0,0,0,0,0,0,0,0,0,1,0,0,0,0,0,0,0,1,0,0,0,3,122.0,0,2025,0,1,0,3,5,0,0,0,1450.8196721311476
0,0,0,0,1,0,0,0,0,0,0,0,1,0,0,0,0,0,0,0,0,1,0,3,58.0,0,1975,1,0,0,2,4,0,0,0,1448.2758620689656
0,0,0,0,0,1,0,0,0,0,0,1,0,0,0,0,0,0,0,1,0,0,0,3,89.0,1,2025,0,0,1,5,9,0,0,0,1123.5955056179776
0,1,0,0,0,0,0,0,0,0,0,0,1,0,0,0,0,0,0,1,0,0,0,1,50.0,0,2023,1,0,0,3,14,0,0,0,1700.0
1,0,0,0,0,0,0,0,0,0,0,0,0,0,0,0,0,0,0,0,0,0,0,2,60.2,0,2024,1,0,0,3,10,0,0,0,1760.7973421926908
0,1,0,0,0,0,0,0,0,0,0,0,1,0,0,0,0,0,0,0,1,0,0,3,80.0,0,2012,1,0,0,1,5,0,1,1,1375.0
0,1,0,0,0,0,0,0,0,0,0,1,0,0,0,0,0,0,1,0,0,0,0,3,98.0,0,2023,0,1,0,4,8,0,0,0,1479.591836734694
1,0,0,0,0,0,0,0,0,0,0,0,1,0,0,0,0,0,0,0,1,0,0,1,37.5,0,2019,1,0,0,3,7,0,0,0,1920.0
1,0,0,0,0,0,0,0,0,0,0,0,1,0,0,0,0,0,1,0,0,0,0,3,56.0,0,2019,1,0,0,3,5,1,1,1,1642.857142857143
0,0,0,0,0,0,1,0,0,0,0,0,1,0,0,0,0,0,0,0,0,1,0,2,100.0,0,1987,1,0,0,2,5,0,1,0,1280.0
0,1,0,0,0,0,0,0,0,0,0,0,0,0,0,0,0,0,0,1,0,0,0,1,41.0,0,2025,0,1,0,5,14,1,0,0,1121.9512195121952
0,1,0,0,0,0,0,0,0,0,0,1,0,0,0,0,0,0,1,0,0,0,0,3,70.0,0,2022,0,1,0,5,5,0,0,0,1007.1428571428571
1,0,0,0,0,0,0,0,0,0,0,0,1,0,0,0,0,0,0,0,0,1,0,1,35.0,1,1990,0,1,0,5,12,0,1,1,1428.5428571428572
0,1,0,0,0,0,0,0,0,0,0,0,1,0,0,0,0,0,1,0,0,0,0,2,72.0,0,2019,0,1,0,13,17,0,0,0,2402.777777777778
0,1,0,0,0,0,0,0,0,0,0,1,0,0,0,0,0,0,0,1,0,0,0,2,79.0,0,2026,1,0,0,7,16,0,0,0,1000.0
0,1,0,0,0,0,0,0,0,0,0,1,0,0,0,0,0,0,0,1,0,0,0,2,104.6,0,2023,1,0,0,7,9,0,0,0,1550.0
0,1,0,0,0,0,0,0,0,0,0,1,0,0,0,0,0,0,1,0,0,0,0,1,42.0,0,2023,0,1,0,9,10,0,1,1,1619.047619047619
0,1,0,0,0,0,0,0,0,0,0,0,0,0,0,0,0,0,0,1,0,0,0,1,47.0,0,2026,0,1,0,7,14,0,0,0,1053.1914893617022
0,1,0,0,0,0,0,0,0,0,0,1,0,0,0,0,0,0,1,0,0,0,0,2,58.0,0,2023,1,0,0,4,12,1,0,1,1705.5344827586207
0,0,0,0,1,0,0,0,0,0,0,0,1,0,0,0,0,0,0,0,1,0,0,3,58.0,0,1975,0,0,1,5,5,0,1,0,1379.3103448275863
0,1,0,0,0,0,0,0,0,0,0,1,0,0,0,0,0,0,0,1,0,0,0,2,83.5,0,2023,1,0,0,3,15,0,0,0,1235.9281437125749
0,1,0,0,0,0,0,0,0,0,0,0,1,0,0,0,0,0,1,0,0,0,0,2,75.0,0,2025,0,1,0,12,12,0,0,0,1800.0
1,0,0,0,0,0,0,0,0,0,0,0,0,1,0,0,0,0,0,0,1,0,0,1,40.0,0,2019,1,0,0,4,4,1,0,0,1450.0
0,1,0,0,0,0,0,0,0,0,0,1,0,0,0,0,0,0,1,0,0,0,0,1,48.0,0,2024,0,1,0,9,9,0,0,0,1708.3333333333333
0,1,0,0,0,0,0,0,0,0,0,0,0,0,0,0,0,0,1,0,0,0,0,1,44.0,0,2024,1,0,0,9,9,0,0,0,1386.3636363636363
0,1,0,0,0,0,0,0,0,0,0,1,0,0,0,0,0,0,1,0,0,0,0,1,41.0,0,2023,0,1,0,12,14,1,0,1,1512.1951219512196
0,1,0,0,0,0,0,0,0,0,0,1,0,0,0,0,0,0,0,1,0,0,0,1,52.0,1,2024,0,1,0,2,16,1,0,0,1134.6153846153845
0,1,0,0,0,0,0,0,0,0,0,0,0,1,0,0,0,0,1,0,0,0,0,5,250.0,0,2019,0,1,0,12,13,0,0,0,1640.0
0,0,0,0,0,0,1,0,0,0,0,0,1,0,0,0,0,0,0,0,1,0,0,3,64.0,0,1990,0,0,1,2,5,0,1,0,1468.75
0,0,0,0,0,0,1,0,0,0,0,0,1,0,0,0,0,0,0,0,1,0,0,1,34.0,0,1987,0,0,1,3,9,0,1,0,1705.8823529411766
0,0,0,0,0,0,1,0,0,0,0,0,1,0,0,0,0,0,0,0,1,0,0,2,50.0,0,1987,0,0,1,2,5,0,0,1,1690.0
0,1,0,0,0,0,0,0,0,0,0,1,0,0,0,0,0,0,1,0,0,0,0,2,69.0,0,2023,0,1,0,8,14,0,0,0,1884.0579710144928
0,1,0,0,0,0,0,0,0,0,0,1,0,0,0,0,0,0,0,1,0,0,0,2,77.0,0,2022,1,0,0,5,14,0,0,0,1493.5064935064936
0,1,0,0,0,0,0,0,0,0,0,1,0,0,0,0,0,0,0,1,0,0,0,1,45.0,0,2023,0,1,0,1,10,1,0,0,1255.5555555555557
0,1,0,0,0,0,0,0,0,0,0,0,0,0,0,0,0,0,0,1,0,0,0,2,81.0,0,2023,1,0,0,3,14,0,0,0,1185.1851851851852
0,1,0,0,0,0,0,0,0,0,0,0,1,0,0,0,0,0,1,0,0,0,0,1,42.0,0,2024,0,1,0,8,15,0,0,0,1595.2380952380952
0,0,1,0,0,0,0,0,0,0,0,0,1,0,0,0,0,0,0,0,1,0,0,3,60.0,0,1992,0,0,1,9,9,0,0,0,1600.0
0,1,0,0,0,0,0,0,0,0,0,0,0,0,0,0,0,0,1,0,0,0,0,1,46.0,0,2022,1,0,0,4,14,0,0,0,1652.1739130434783
1,0,0,0,0,0,0,0,0,0,0,0,0,0,0,0,0,0,0,0,0,0,0,2,84.0,0,2025,1,0,0,8,12,0,0,0,773.8095238095239
0,1,0,0,0,0,0,0,0,0,0,1,0,0,0,0,0,0,0,1,0,0,0,2,88.0,0,2025,0,0,1,8,9,1,0,0,810.0
1,0,0,0,0,0,0,0,0,0,0,0,1,0,0,0,0,0,0,0,1,0,0,4,107.0,1,1996,1,0,0,2,9,0,1,1,1168.2242990654206
0,0,0,0,0,0,0,0,0,1,0,0,1,0,0,0,0,0,1,0,0,0,0,3,54.0,0,1960,1,0,0,2,2,1,1,1,1388.888888888889
1,0,0,0,0,0,0,0,0,0,0,0,1,0,0,0,0,0,0,0,1,0,0,2,43.0,0,1972,1,0,0,3,3,0,1,1,1323.2558139534883
1,0,0,0,0,0,0,0,0,0,0,0,0,0,1,0,0,0,1,0,0,0,0,1,36.0,1,2019,0,1,0,0,3,0,0,0,1000.0
0,0,0,0,1,0,0,0,0,0,0,0,1,0,0,0,0,0,0,0,0,1,0,3,58.0,1,1990,1,0,0,3,4,0,0,1,1465.5172413793102
0,1,0,0,0,0,0,0,0,0,0,0,1,0,0,0,0,0,0,1,0,0,0,2,75.15,0,2025,0,1,0,2,9,0,0,0,998.003992015968
0,1,0,0,0,0,0,0,0,0,0,0,0,1,0,0,0,0,1,0,0,0,0,2,60.0,0,2025,0,1,0,9,9,0,0,0,1266.6666666666667
0,1,0,0,0,0,0,0,0,0,0,0,0,0,0,0,0,0,1,0,0,0,0,3,144.0,0,2022,1,0,0,7,8,1,1,1,1458.3333333333333
0,1,0,0,0,0,0,0,0,0,0,0,1,0,0,0,0,0,1,0,0,0,0,2,71.0,0,2019,0,1,0,12,12,0,1,0,1535.2112676056338
0,1,0,0,0,0,0,0,0,0,0,1,0,0,0,0,0,0,1,0,0,0,0,2,65.0,0,2023,0,1,0,5,10,0,0,0,1607.6923076923076
0,0,0,0,1,0,0,0,0,0,0,0,1,0,0,0,0,0,0,0,0,1,0,3,58.0,0,1975,0,1,0,4,4,0,0,0,1301.7241379310344
0,1,0,0,0,0,0,0,0,0,0,0,1,0,0,0,0,0,0,0,1,0,0,2,96.0,0,2023,1,0,0,3,9,0,0,0,1244.7916666666667
0,1,0,0,0,0,0,0,0,0,0,1,0,0,0,0,0,0,1,0,0,0,0,3,129.0,0,2022,0,1,0,10,12,0,0,0,2054.263565891473
0,1,0,0,0,0,0,0,0,0,0,0,0,0,0,0,0,0,0,1,0,0,0,3,98.0,0,2023,0,1,0,9,25,1,0,0,1250.0
0,1,0,0,0,0,0,0,0,0,0,0,1,0,0,0,0,0,0,0,1,0,0,2,65.0,0,2023,0,1,0,14,14,0,0,0,1227.6923076923076
0,1,0,0,0,0,0,0,0,0,0,1,0,0,0,0,0,0,1,0,0,0,0,2,92.0,0,2022,0,1,0,7,8,1,1,1,3000.0
0,0,0,0,1,0,0,0,0,0,0,0,1,0,0,0,0,0,0,0,1,0,0,2,43.0,0,1975,0,0,1,5,5,0,0,0,1383.7209302325582
0,1,0,0,0,0,0,0,0,0,0,0,0,1,0,0,0,0,0,1,0,0,0,3,131.0,0,2022,0,1,0,5,14,0,0,0,1060.0
0,1,0,0,0,0,0,0,0,0,0,1,0,0,0,0,0,0,1,0,0,0,0,2,70.0,0,2023,0,1,0,6,14,1,0,0,1785.7142857142858
1,0,0,0,0,0,0,0,0,0,0,0,0,0,0,0,0,0,0,0,0,0,0,2,50.0,0,2018,1,0,0,9,10,0,0,0,1450.0
0,1,0,0,0,0,0,0,0,0,0,1,0,0,0,0,0,0,0,0,0,0,1,2,59.0,0,2022,0,1,0,11,16,0,0,0,1220.3389830508474
0,1,0,0,0,0,0,0,0,0,0,0,0,0,0,1,0,0,0,1,0,0,0,2,81.0,1,2027,0,1,0,6,12,0,0,0,1350.0
1,0,0,0,0,0,0,0,0,0,0,0,0,0,0,0,0,0,0,0,0,0,0,2,60.0,0,2017,1,0,0,3,12,0,0,0,2000.0
0,1,0,0,0,0,0,0,0,0,0,0,0,1,0,0,0,0,0,1,0,0,0,1,56.0,0,2022,0,1,0,2,10,0,0,0,1633.9285714285713
0,1,0,0,0,0,0,0,0,0,0,1,0,0,0,0,0,0,1,0,0,0,0,1,41.0,0,2024,1,0,0,3,5,0,0,0,1451.219512195122
1,0,0,0,0,0,0,0,0,0,0,0,0,0,0,0,0,0,0,0,0,0,0,4,185.0,0,2015,0,1,0,7,9,0,0,0,1810.8108108108108
0,1,0,0,0,0,0,0,0,0,0,0,0,1,0,0,0,0,0,0,0,0,1,2,71.8,0,2023,0,1,0,8,14,0,0,0,1225.6267409470752
0,1,0,0,0,0,0,0,0,0,0,1,0,0,0,0,0,0,0,0,0,0,1,3,94.0,1,2025,0,1,0,4,10,0,0,0,1063.8297872340424
0,1,0,0,0,0,0,0,0,0,0,1,0,0,0,0,0,0,0,1,0,0,0,3,119.0,1,2025,0,1,0,7,12,1,0,0,1300.0
0,0,0,0,1,0,0,0,0,0,0,0,1,0,0,0,0,0,0,0,1,0,0,3,58.0,0,1975,0,0,1,3,4,0,1,1,1396.551724137931
0,0,0,1,0,0,0,0,0,0,0,0,1,0,0,0,0,0,1,0,0,0,0,2,40.0,0,1967,1,0,0,1,4,0,0,0,1675.0
0,1,0,0,0,0,0,0,0,0,0,0,0,1,0,0,0,0,1,0,0,0,0,3,77.0,0,2023,0,1,0,8,15,1,0,0,1883.1168831168832
0,0,0,0,0,0,0,0,1,0,0,0,0,0,0,0,0,0,1,0,0,0,0,1,28.0,0,1990,1,0,0,3,5,0,0,0,1000.0
0,1,0,0,0,0,0,0,0,0,0,0,1,0,0,0,0,0,0,1,0,0,0,2,86.0,0,2025,0,1,0,14,16,0,0,0,1569.7674418604652
0,1,0,0,0,0,0,0,0,0,0,0,1,0,0,0,0,0,1,0,0,0,0,3,152.0,1,2019,0,1,0,13,14,0,1,1,1447.3684210526317
1,0,0,0,0,0,0,0,0,0,0,0,1,0,0,0,0,0,0,0,1,0,0,3,49.0,0,2019,1,0,0,1,4,0,1,0,1551.0204081632653
0,1,0,0,0,0,0,0,0,0,0,1,0,0,0,0,0,0,1,0,0,0,0,2,85.0,0,2022,0,0,1,8,14,1,0,0,1952.9411764705883
0,1,0,0,0,0,0,0,0,0,0,0,1,0,0,0,0,0,0,1,0,0,0,2,77.0,0,2024,0,1,0,5,13,0,0,0,1896.1038961038962
0,1,0,0,0,0,0,0,0,0,0,0,1,0,0,0,0,0,0,1,0,0,0,3,96.0,0,2023,1,0,0,11,12,1,0,0,1020.8333333333334
1,0,0,0,0,0,0,0,0,0,0,1,0,0,0,0,0,0,1,0,0,0,0,1,40.0,1,2021,0,1,0,5,6,0,0,0,1500.0
1,0,0,0,0,0,0,0,0,0,0,0,1,0,0,0,0,0,0,0,0,1,0,2,49.0,0,2019,1,0,0,5,5,0,0,0,1306.1224489795918
0,0,0,0,0,0,1,0,0,0,0,0,1,0,0,0,0,0,1,0,0,0,0,2,50.0,0,1987,0,0,1,3,9,0,1,0,1600.0
0,0,0,0,0,0,1,0,0,0,0,0,1,0,0,0,0,0,0,0,1,0,0,2,53.0,1,1979,0,1,0,4,5,0,1,0,1698.1132075471698
0,1,0,0,0,0,0,0,0,0,0,1,0,0,0,0,0,0,0,0,0,0,1,1,48.7,1,2025,0,1,0,18,20,1,0,0,1600.0
0,1,0,0,0,0,0,0,0,0,0,1,0,0,0,0,0,0,0,1,0,0,0,4,130.0,0,2019,0,1,0,3,9,1,0,0,1346.1538461538462
0,1,0,0,0,0,0,0,0,0,0,0,1,0,0,0,0,0,1,0,0,0,0,6,380.0,0,2017,0,1,0,9,10,0,1,0,1842.1052631578948
1,0,0,0,0,0,0,0,0,0,0,0,1,0,0,0,0,0,0,0,1,0,0,3,69.0,0,2019,1,0,0,3,5,1,1,0,1384.0579710144928
1,0,0,0,0,0,0,0,0,0,0,0,0,0,0,0,0,0,0,0,0,0,0,4,77.7,0,1996,1,0,0,5,5,0,0,0,1634.4916344916344
0,1,0,0,0,0,0,0,0,0,0,1,0,0,0,0,0,0,0,1,0,0,0,3,102.9,0,2023,1,0,0,2,12,0,0,0,1000.9718172983479
0,1,0,0,0,0,0,0,0,0,0,0,1,0,0,0,0,0,1,0,0,0,0,2,80.0,0,2017,0,1,0,8,13,0,0,0,1387.5
0,1,0,0,0,0,0,0,0,0,0,0,0,0,1,0,0,0,1,0,0,0,0,1,27.0,0,2021,1,0,0,3,4,1,1,0,1777.7777777777778
1,0,0,0,0,0,0,0,0,0,0,0,0,0,0,0,0,0,0,0,0,0,0,4,237.4,0,2019,0,1,0,4,10,0,0,0,1727.0429654591408
0,1,0,0,0,0,0,0,0,0,0,1,0,0,0,0,0,0,0,0,0,0,1,2,83.0,1,2023,1,0,0,9,16,0,0,0,1650.0
1,0,0,0,0,0,0,0,0,0,0,0,0,0,0,0,0,0,0,0,0,0,0,3,88.4,0,2010,1,0,0,6,8,0,0,0,2262.443438914027
0,1,0,0,0,0,0,0,0,0,0,0,0,1,0,0,0,0,1,0,0,0,0,1,42.0,0,2023,0,1,0,2,5,0,0,0,1357.142857142857
0,0,0,0,1,0,0,0,0,0,0,0,1,0,0,0,0,0,0,0,1,0,0,3,58.0,0,1975,1,0,0,3,5,0,1,0,1603.448275862069
0,1,0,0,0,0,0,0,0,0,0,1,0,0,0,0,0,0,1,0,0,0,0,2,84.0,0,2024,0,1,0,5,7,0,0,0,1964.2857142857142
0,1,0,0,0,0,0,0,0,0,0,0,0,0,0,0,0,0,1,0,0,0,0,4,108.0,0,2020,0,1,0,4,9,0,0,0,2120.3703703703704
0,1,0,0,0,0,0,0,0,0,0,0,1,0,0,0,0,0,1,0,0,0,0,3,80.0,0,2019,0,1,0,4,12,0,0,0,1750.0
0,1,0,0,0,0,0,0,0,0,0,0,1,0,0,0,0,0,1,0,0,0,0,2,66.0,0,2024,0,1,0,12,12,0,0,0,1833.3333333333333
0,1,0,0,0,0,0,0,0,0,0,1,0,0,0,0,0,0,0,1,0,0,0,2,73.0,0,2022,0,1,0,16,17,1,0,0,904.1095890410959
0,0,1,0,0,0,0,0,0,0,0,0,0,0,0,0,0,0,0,0,0,0,0,2,75.5,0,2014,0,0,1,6,9,0,0,0,1476.8211920529802
0,1,0,0,0,0,0,0,0,0,0,1,0,0,0,0,0,0,0,1,0,0,0,3,99.0,0,2022,0,1,0,14,16,0,0,0,1040.4040404040404
0,0,0,0,1,0,0,0,0,0,0,0,1,0,0,0,0,0,0,0,1,0,0,3,54.6,1,1975,1,0,0,3,5,0,0,0,1556.7765567765568
0,1,0,0,0,0,0,0,0,0,0,0,1,0,0,0,0,0,1,0,0,0,0,2,64.0,0,2023,1,0,0,6,11,0,0,0,1812.5
0,1,0,0,0,0,0,0,0,0,0,1,0,0,0,0,0,0,0,1,0,0,0,2,77.63,0,2022,1,0,0,9,14,0,0,0,1056.292670359397
1,0,0,0,0,0,0,0,0,0,0,0,1,0,0,0,0,0,0,0,0,1,0,2,42.0,0,1970,1,0,0,3,5,0,1,1,1738.095238095238
0,1,0,0,0,0,0,0,0,0,0,1,0,0,0,0,0,0,0,1,0,0,0,2,64.0,0,2022,0,1,0,9,9,0,0,0,953.125
0,1,0,0,0,0,0,0,0,0,0,0,1,0,0,0,0,0,1,0,0,0,0,1,50.0,0,2020,0,1,0,10,14,0,0,0,2380.0
0,1,0,0,0,0,0,0,0,0,0,0,0,1,0,0,0,0,0,0,0,0,1,1,49.63,0,2023,0,1,0,10,14,0,0,0,1047.7533749748136
0,1,0,0,0,0,0,0,0,0,0,0,1,0,0,0,0,0,1,0,0,0,0,1,51.0,0,2023,1,0,0,6,12,0,1,0,1470.5882352941176
0,0,1,0,0,0,0,0,0,0,0,0,0,0,0,0,0,0,0,0,0,0,0,2,52.0,0,1990,0,0,1,1,9,0,0,0,1461.5384615384614
0,1,0,0,0,0,0,0,0,0,0,0,1,0,0,0,0,0,1,0,0,0,0,3,184.0,0,2011,1,0,0,4,11,0,1,1,1440.2173913043478
0,1,0,0,0,0,0,0,0,0,0,1,0,0,0,0,0,0,1,0,0,0,0,1,39.0,1,2023,0,1,0,4,9,0,1,0,1448.7179487179487
0,1,0,0,0,0,0,0,0,0,0,0,1,0,0,0,0,0,0,1,0,0,0,2,81.0,0,2024,0,1,0,2,14,0,0,0,1111.111111111111
1,0,0,0,0,0,0,0,0,0,0,0,0,0,1,0,0,0,0,0,0,1,0,1,30.4,1,1990,0,0,1,2,2,0,1,1,1644.7368421052631
0,1,0,0,0,0,0,0,0,0,0,0,1,0,0,0,0,0,0,1,0,0,0,1,43.0,0,2023,0,1,0,10,10,1,0,0,1220.9302325581396
0,1,0,0,0,0,0,0,0,0,0,0,0,0,1,0,0,0,0,1,0,0,0,1,48.0,0,2025,0,1,0,6,10,0,0,0,1800.0
0,1,0,0,0,0,0,0,0,0,0,1,0,0,0,0,0,0,0,1,0,0,0,2,61.0,0,2025,0,1,0,7,14,1,0,0,1221.311475409836
0,1,0,0,0,0,0,0,0,0,0,1,0,0,0,0,0,0,0,1,0,0,0,2,80.1,1,2023,1,0,0,8,10,0,0,0,1501.1235955056181
0,1,0,0,0,0,0,0,0,0,0,1,0,0,0,0,0,0,1,0,0,0,0,1,27.0,0,2023,0,1,0,4,9,0,0,0,1500.0
0,1,0,0,0,0,0,0,0,0,0,0,1,0,0,0,0,0,1,0,0,0,0,1,53.0,0,2022,0,1,0,4,16,1,0,0,1641.5094339622642
0,0,0,0,0,0,1,0,0,0,0,0,1,0,0,0,0,0,0,0,1,0,0,1,34.0,0,1987,0,0,1,6,9,0,1,1,1705.8823529411766
0,1,0,0,0,0,0,0,0,0,0,1,0,0,0,0,0,0,0,1,0,0,0,2,83.0,0,2022,0,1,0,3,8,1,0,0,1427.710843373494
1,0,0,0,0,0,0,0,0,0,0,0,1,0,0,0,0,0,0,0,0,1,0,2,48.0,0,2019,1,0,0,1,5,0,0,0,1375.0
1,0,0,0,0,0,0,0,0,0,0,0,0,0,0,0,0,0,0,0,0,0,0,3,111.6,0,2016,1,0,0,5,5,0,0,0,1272.4014336917564
0,1,0,0,0,0,0,0,0,0,0,1,0,0,0,0,0,0,1,0,0,0,0,3,79.0,0,2022,0,1,0,5,14,0,0,0,1962.0253164556962
0,1,0,0,0,0,0,0,0,0,0,0,1,0,0,0,0,0,0,0,1,0,0,2,55.0,0,2025,0,1,0,6,18,0,0,0,1500.0
0,1,0,0,0,0,0,0,0,0,0,1,0,0,0,0,0,0,0,0,0,0,1,3,92.0,0,2022,1,0,0,7,14,0,0,0,1173.9130434782608
0,1,0,0,0,0,0,0,0,0,0,0,1,0,0,0,0,0,1,0,0,0,0,3,92.0,0,2022,0,1,0,13,16,0,0,0,1293.4782608695652
0,1,0,0,0,0,0,0,0,0,0,0,1,0,0,0,0,0,0,1,0,0,0,3,157.0,0,2024,1,0,0,9,13,0,1,1,1290.0
0,1,0,0,0,0,0,0,0,0,0,0,0,1,0,0,0,0,1,0,0,0,0,2,72.0,1,2022,0,1,0,8,9,0,1,1,1416.6666666666667
0,1,0,0,0,0,0,0,0,0,0,1,0,0,0,0,0,0,1,0,0,0,0,2,78.0,1,2024,0,1,0,9,15,0,0,0,1525.6410256410256
0,1,0,0,0,0,0,0,0,0,0,1,0,0,0,0,0,0,0,1,0,0,0,1,42.0,1,2024,1,0,0,8,12,1,0,0,1190.4761904761904
0,1,0,0,0,0,0,0,0,0,0,0,0,0,0,0,0,0,0,1,0,0,0,1,42.0,0,2026,0,1,0,9,14,0,0,0,1300.0
0,1,0,0,0,0,0,0,0,0,0,1,0,0,0,0,0,0,0,1,0,0,0,2,74.0,1,2024,0,1,0,8,10,0,0,0,1668.918918918919
0,1,0,0,0,0,0,0,0,0,0,0,0,0,0,0,0,0,0,1,0,0,0,3,117.0,1,2025,0,1,0,1,18,0,0,0,1750.0
0,1,0,0,0,0,0,0,0,0,0,0,1,0,0,0,0,0,0,1,0,0,0,5,315.0,0,2025,0,1,0,16,16,0,0,0,1201.5873015873017
0,1,0,0,0,0,0,0,0,0,0,1,0,0,0,0,0,0,0,1,0,0,0,2,82.1,0,2024,1,0,0,8,12,1,0,0,1151.035322777101
0,1,0,0,0,0,0,0,0,0,0,1,0,0,0,0,0,0,1,0,0,0,0,2,79.0,0,2021,0,1,0,12,14,0,0,0,2253.1645569620255
0,1,0,0,0,0,0,0,0,0,0,1,0,0,0,0,0,0,1,0,0,0,0,2,76.0,0,2022,0,1,0,10,10,0,1,1,2434.2105263157896
0,1,0,0,0,0,0,0,0,0,0,0,1,0,0,0,0,0,1,0,0,0,0,2,76.0,0,2022,0,1,0,16,16,0,0,0,1868.421052631579
0,1,0,0,0,0,0,0,0,0,0,0,1,0,0,0,0,0,0,1,0,0,0,1,48.0,0,2024,0,1,0,8,9,0,0,0,927.0833333333334
0,0,0,0,0,0,1,0,0,0,0,0,1,0,0,0,0,0,0,0,1,0,0,3,62.0,0,1987,0,0,1,4,9,0,0,0,1693.5483870967741
0,1,0,0,0,0,0,0,0,0,0,0,1,0,0,0,0,0,1,0,0,0,0,2,43.0,0,2022,0,1,0,4,10,0,1,1,1465.1162790697674
0,1,0,0,0,0,0,0,0,0,0,0,0,1,0,0,0,0,0,0,0,0,1,1,60.8,0,2024,0,1,0,5,16,0,0,0,1307.5657894736842
0,1,0,0,0,0,0,0,0,0,0,1,0,0,0,0,0,0,1,0,0,0,0,2,76.0,0,2019,0,1,0,11,12,0,1,1,1605.2631578947369
1,0,0,0,0,0,0,0,0,0,0,0,0,0,0,0,0,0,0,0,0,0,0,2,71.0,0,2023,0,1,0,12,12,0,0,0,1380.281690140845
0,1,0,0,0,0,0,0,0,0,0,1,0,0,0,0,0,0,0,1,0,0,0,3,100.0,0,2025,0,1,0,5,12,1,0,0,945.0
0,1,0,0,0,0,0,0,0,0,0,0,1,0,0,0,0,0,1,0,0,0,0,3,160.0,0,2023,0,1,0,4,9,0,0,0,3093.75
0,0,1,0,0,0,0,0,0,0,0,0,0,0,1,0,0,0,1,0,0,0,0,3,80.0,0,2019,0,0,1,3,9,0,1,1,1143.75
0,1,0,0,0,0,0,0,0,0,0,0,1,0,0,0,0,0,1,0,0,0,0,2,74.0,0,2021,0,1,0,8,14,0,1,1,1283.7837837837837
0,1,0,0,0,0,0,0,0,0,0,0,1,0,0,0,0,0,0,1,0,0,0,1,56.16,0,2024,0,1,0,3,16,0,0,0,1433.4045584045584
1,0,0,0,0,0,0,0,0,0,0,0,0,0,0,0,0,0,0,0,1,0,0,1,48.0,0,2019,1,0,0,3,5,0,0,0,1197.9166666666667
1,0,0,0,0,0,0,0,0,0,0,0,0,0,0,0,0,0,0,0,0,0,0,3,115.0,0,2014,1,0,0,1,6,0,0,0,1608.695652173913
0,1,0,0,0,0,0,0,0,0,0,0,1,0,0,0,0,0,1,0,0,0,0,2,68.5,0,2022,0,1,0,14,14,1,1,1,1569.3430656934306
0,1,0,0,0,0,0,0,0,0,0,1,0,0,0,0,0,0,0,1,0,0,0,2,79.0,0,2025,0,1,0,7,16,0,0,0,1350.0
1,0,0,0,0,0,0,0,0,0,0,0,1,0,0,0,0,0,0,0,1,0,0,3,148.0,1,2010,1,0,0,8,9,0,1,1,1317.5675675675675
0,1,0,0,0,0,0,0,0,0,0,0,0,0,0,0,0,0,0,1,0,0,0,1,40.0,1,2025,1,0,0,2,10,0,0,0,1200.0
0,1,0,0,0,0,0,0,0,0,0,1,0,0,0,0,0,0,1,0,0,0,0,2,80.0,0,2021,0,1,0,2,12,0,0,0,1343.75
0,1,0,0,0,0,0,0,0,0,0,0,1,0,0,0,0,0,0,1,0,0,0,2,67.0,0,2023,0,1,0,8,13,1,0,0,1156.7164179104477
0,0,0,0,1,0,0,0,0,0,0,0,1,0,0,0,0,0,0,0,1,0,0,1,32.0,0,1975,0,0,1,2,4,0,0,0,2062.5
0,0,1,0,0,0,0,0,0,0,0,0,0,0,1,0,0,0,0,0,1,0,0,1,45.0,0,2015,0,0,1,6,9,0,1,1,1304.4444444444443
0,1,0,0,0,0,0,0,0,0,0,0,1,0,0,0,0,0,1,0,0,0,0,3,106.0,0,2018,0,1,0,5,9,1,1,0,1556.6037735849056
0,1,0,0,0,0,0,0,0,0,0,0,1,0,0,0,0,0,1,0,0,0,0,2,80.0,1,2015,1,0,0,9,13,0,0,0,1312.5
0,0,0,0,0,1,0,0,0,0,0,1,0,0,0,0,0,0,0,0,1,0,0,4,98.0,0,2023,0,1,0,8,9,0,1,1,1704.0816326530612
0,0,0,0,0,0,1,0,0,0,0,0,0,0,0,0,0,0,1,0,0,0,0,2,50.0,0,1987,0,0,1,2,5,0,0,0,1710.0
0,1,0,0,0,0,0,0,0,0,0,0,1,0,0,0,0,0,1,0,0,0,0,3,101.0,0,2018,0,1,0,4,14,0,0,0,3663.366336633663
0,1,0,0,0,0,0,0,0,0,0,1,0,0,0,0,0,0,0,0,1,0,0,3,100.0,0,2023,1,0,0,1,4,0,0,0,1700.0
1,0,0,0,0,0,0,0,0,0,0,0,1,0,0,0,0,0,1,0,0,0,0,2,35.0,0,2019,0,0,1,1,5,0,1,1,1685.7142857142858
0,1,0,0,0,0,0,0,0,0,0,0,1,0,0,0,0,0,0,0,1,0,0,3,125.0,0,2023,0,1,0,5,12,0,0,0,1960.0
1,0,0,0,0,0,0,0,0,0,0,0,0,0,0,0,0,0,0,0,0,0,0,5,190.0,0,2016,1,0,0,4,10,0,0,0,1842.1052631578948
0,1,0,0,0,0,0,0,0,0,0,0,1,0,0,0,0,0,0,1,0,0,0,3,92.0,0,2023,1,0,0,8,12,0,0,0,1035.0
0,1,0,0,0,0,0,0,0,0,0,1,0,0,0,0,0,0,1,0,0,0,0,1,35.0,0,2024,0,1,0,5,9,0,0,0,1971.4285714285713
0,1,0,0,0,0,0,0,0,0,0,1,0,0,0,0,0,0,0,1,0,0,0,3,132.0,0,2022,0,1,0,9,14,0,0,0,1559.3939393939395
0,1,0,0,0,0,0,0,0,0,0,0,1,0,0,0,0,0,0,0,1,0,0,3,100.0,0,2023,0,1,0,6,9,0,0,0,1290.0
0,0,1,0,0,0,0,0,0,0,0,0,1,0,0,0,0,0,0,1,0,0,0,2,61.0,0,2024,0,1,0,9,9,0,0,0,1049.1803278688524
0,1,0,0,0,0,0,0,0,0,0,1,0,0,0,0,0,0,0,1,0,0,0,3,125.0,0,2022,0,1,0,7,8,0,1,0,2500.0
0,1,0,0,0,0,0,0,0,0,0,0,1,0,0,0,0,0,1,0,0,0,0,2,52.0,0,2023,1,0,0,5,12,0,1,1,1769.2307692307693
0,1,0,0,0,0,0,0,0,0,0,1,0,0,0,0,0,0,0,1,0,0,0,3,98.0,0,2025,0,1,0,8,15,1,0,0,1280.0
0,1,0,0,0,0,0,0,0,0,0,1,0,0,0,0,0,0,0,1,0,0,0,2,72.3,0,2023,0,1,0,3,14,1,0,0,1350.0
0,1,0,0,0,0,0,0,0,0,0,1,0,0,0,0,0,0,1,0,0,0,0,3,102.0,0,2023,1,0,0,12,15,0,0,0,1568.6274509803923
0,1,0,0,0,0,0,0,0,0,0,1,0,0,0,0,0,0,0,1,0,0,0,4,174.0,0,2025,1,0,0,3,18,0,0,0,1626.4367816091954
0,1,0,0,0,0,0,0,0,0,0,1,0,0,0,0,0,0,0,1,0,0,0,3,75.0,0,2022,0,1,0,2,12,0,0,0,1080.0
0,1,0,0,0,0,0,0,0,0,0,1,0,0,0,0,0,0,0,1,0,0,0,2,69.9,0,2023,0,1,0,12,12,0,0,0,1050.071530758226
0,1,0,0,0,0,0,0,0,0,0,0,0,0,1,0,0,0,1,0,0,0,0,2,48.0,1,2020,0,1,0,10,12,0,0,0,1854.1666666666667
0,1,0,0,0,0,0,0,0,0,0,0,1,0,0,0,0,0,0,1,0,0,0,1,38.36,0,2023,0,1,0,6,16,0,0,0,1433.7851929092806
0,1,0,0,0,0,0,0,0,0,0,0,1,0,0,0,0,0,1,0,0,0,0,2,63.0,0,2019,0,1,0,4,12,0,1,0,1900.0
0,1,0,0,0,0,0,0,0,0,0,0,0,1,0,0,0,0,0,0,0,0,1,2,67.74,0,2025,0,1,0,8,10,1,0,0,1033.3628579864187
0,0,1,0,0,0,0,0,0,0,0,0,1,0,0,0,0,0,0,0,1,0,0,1,35.0,0,1992,0,0,1,6,9,0,1,1,1900.0
0,1,0,0,0,0,0,0,0,0,0,0,1,0,0,0,0,0,0,1,0,0,0,1,43.0,0,2026,0,1,0,7,14,0,0,0,1034.8837209302326
0,1,0,0,0,0,0,0,0,0,0,0,0,0,0,0,0,0,1,0,0,0,0,1,42.57,0,2023,0,1,0,9,10,0,0,0,1444.6793516560958
0,1,0,0,0,0,0,0,0,0,0,1,0,0,0,0,0,0,1,0,0,0,0,4,136.0,0,2023,0,1,0,9,10,0,0,0,2132.3529411764707
0,1,0,0,0,0,0,0,0,0,0,1,0,0,0,0,0,0,1,0,0,0,0,1,43.0,0,2024,0,1,0,3,16,0,0,0,1720.9302325581396
0,1,0,0,0,0,0,0,0,0,0,1,0,0,0,0,0,0,1,0,0,0,0,2,70.0,1,2024,1,0,0,4,12,0,0,0,1828.5714285714287
0,0,0,0,1,0,0,0,0,0,0,0,1,0,0,0,0,0,0,0,0,1,0,3,54.0,0,1975,0,0,1,1,4,0,1,1,1611.111111111111
0,1,0,0,0,0,0,0,0,0,0,1,0,0,0,0,0,0,1,0,0,0,0,1,47.0,0,2022,1,0,0,9,9,0,0,0,1404.2553191489362
0,1,0,0,0,0,0,0,0,0,0,0,1,0,0,0,0,0,1,0,0,0,0,4,198.0,0,2007,1,0,0,1,6,0,0,0,1297.979797979798
0,1,0,0,0,0,0,0,0,0,0,0,0,0,0,0,0,0,1,0,0,0,0,2,67.0,0,2023,0,0,1,10,12,0,0,0,1716.4179104477612
0,1,0,0,0,0,0,0,0,0,0,0,1,0,0,0,0,0,0,0,1,0,0,2,82.0,0,2015,0,1,0,12,12,1,1,1,1329.2682926829268
0,1,0,0,0,0,0,0,0,0,0,0,1,0,0,0,0,0,0,0,1,0,0,1,52.0,0,2023,0,1,0,15,16,0,0,0,1403.8461538461538
0,0,0,0,1,0,0,0,0,0,0,0,0,0,0,0,0,0,0,0,0,0,0,3,58.0,0,1975,0,0,1,2,4,0,0,0,2129.310344827586
1,0,0,0,0,0,0,0,0,0,0,0,0,0,0,0,0,0,0,0,0,0,0,3,111.0,0,2021,1,0,0,4,10,0,0,0,1666.6666666666667
0,1,0,0,0,0,0,0,0,0,0,0,0,1,0,0,0,0,0,1,0,0,0,4,110.0,0,2023,0,1,0,16,18,1,0,0,1118.1818181818182
1,0,0,0,0,0,0,0,0,0,0,0,1,0,0,0,0,0,0,0,0,1,0,2,50.0,0,2019,1,0,0,4,4,0,1,1,1500.0
0,1,0,0,0,0,0,0,0,0,0,1,0,0,0,0,0,0,0,0,1,0,0,1,42.0,0,2023,1,0,0,2,12,1,1,1,1619.047619047619
0,1,0,0,0,0,0,0,0,0,0,0,1,0,0,0,0,0,1,0,0,0,0,3,118.0,0,2014,0,1,0,6,10,0,1,1,1483.050847457627
0,1,0,0,0,0,0,0,0,0,0,1,0,0,0,0,0,0,0,1,0,0,0,4,180.0,0,2025,0,1,0,16,18,0,0,0,1500.0
0,0,0,0,0,0,1,0,0,0,0,0,1,0,0,0,0,0,0,0,1,0,0,2,55.0,0,1987,0,0,1,2,5,0,0,0,1427.2727272727273
0,1,0,0,0,0,0,0,0,0,0,1,0,0,0,0,0,0,1,0,0,0,0,4,167.0,0,2022,0,1,0,10,10,0,1,0,1904.1916167664672
0,1,0,0,0,0,0,0,0,0,0,1,0,0,0,0,0,0,0,1,0,0,0,3,109.0,1,2023,1,0,0,7,7,0,0,0,1284.4036697247707
0,1,0,0,0,0,0,0,0,0,0,0,1,0,0,0,0,0,1,0,0,0,0,4,130.0,0,2023,1,0,0,14,15,0,0,0,1484.6153846153845
0,1,0,0,0,0,0,0,0,0,0,1,0,0,0,0,0,0,0,1,0,0,0,4,155.0,0,2024,0,1,0,12,15,1,0,0,1800.0
0,0,0,1,0,0,0,0,0,0,0,0,1,0,0,0,0,0,0,0,1,0,0,1,29.0,0,1970,1,0,0,2,3,0,1,0,1896.551724137931
0,1,0,0,0,0,0,0,0,0,0,1,0,0,0,0,0,0,0,1,0,0,0,2,80.0,0,2022,0,1,0,13,14,0,0,0,1250.0
0,1,0,0,0,0,0,0,0,0,0,0,1,0,0,0,0,0,0,1,0,0,0,1,56.4,0,2024,0,1,0,14,16,1,0,0,1279.9645390070923
0,1,0,0,0,0,0,0,0,0,0,0,1,0,0,0,0,0,0,0,1,0,0,3,104.0,0,2023,0,0,1,3,5,0,0,0,1442.3076923076924
0,0,1,0,0,0,0,0,0,0,0,0,0,0,1,0,0,0,0,0,1,0,0,3,79.0,0,1992,1,0,0,8,9,0,1,0,1202.5316455696202
0,1,0,0,0,0,0,0,0,0,0,1,0,0,0,0,0,0,0,1,0,0,0,1,44.5,0,2024,0,0,1,2,9,0,0,0,966.2921348314607
0,1,0,0,0,0,0,0,0,0,0,0,1,0,0,0,0,0,1,0,0,0,0,2,67.0,0,2017,1,0,0,7,10,1,1,1,1865.6716417910447
0,1,0,0,0,0,0,0,0,0,0,1,0,0,0,0,0,0,1,0,0,0,0,2,66.0,0,2023,0,1,0,8,12,0,0,0,1469.6969696969697
0,1,0,0,0,0,0,0,0,0,0,0,0,0,1,0,0,0,0,0,1,0,0,4,190.0,0,2023,1,0,0,9,10,0,1,1,1342.1052631578948
1,0,0,0,0,0,0,0,0,0,0,0,1,0,0,0,0,0,0,0,0,1,0,1,45.1,1,1993,1,0,0,1,6,0,0,0,1529.9334811529934
0,1,0,0,0,0,0,0,0,0,0,0,1,0,0,0,0,0,0,0,1,0,0,3,96.0,0,2017,0,1,0,9,13,1,1,1,1281.25
0,1,0,0,0,0,0,0,0,0,0,0,1,0,0,0,0,0,0,1,0,0,0,3,108.0,0,2022,0,1,0,6,12,1,0,0,1350.0
0,1,0,0,0,0,0,0,0,0,0,1,0,0,0,0,0,0,1,0,0,0,0,2,80.0,0,2023,1,0,0,7,13,0,0,0,1875.0
0,1,0,0,0,0,0,0,0,0,0,0,1,0,0,0,0,0,0,1,0,0,0,3,128.0,0,2021,0,1,0,10,14,0,0,0,1835.9375
1,0,0,0,0,0,0,0,0,0,0,0,0,1,0,0,0,0,1,0,0,0,0,2,73.61,1,2019,0,1,0,6,15,0,0,0,1005.2981931802744
0,1,0,0,0,0,0,0,0,0,0,0,1,0,0,0,0,0,1,0,0,0,0,4,136.0,0,2019,0,1,0,12,15,1,1,1,1985.2941176470588
0,1,0,0,0,0,0,0,0,0,0,1,0,0,0,0,0,0,0,1,0,0,0,1,56.0,1,2024,0,1,0,16,16,0,0,1,1321.4285714285713
0,1,0,0,0,0,0,0,0,0,0,1,0,0,0,0,0,0,0,0,1,0,0,2,61.0,0,2020,0,1,0,7,9,0,1,1,1442.622950819672
0,1,0,0,0,0,0,0,0,0,0,1,0,0,0,0,0,0,0,1,0,0,0,4,167.0,0,2019,0,1,0,5,12,0,0,0,1317.3652694610778
0,1,0,0,0,0,0,0,0,0,0,0,0,1,0,0,0,0,0,1,0,0,0,1,40.51,0,2023,0,1,0,9,12,1,0,0,1419.4026166378674
0,1,0,0,0,0,0,0,0,0,0,0,0,1,0,0,0,0,1,0,0,0,0,1,40.0,0,2025,0,1,0,3,9,0,0,0,1475.0
0,1,0,0,0,0,0,0,0,0,0,0,0,0,0,0,0,0,0,1,0,0,0,3,137.0,0,2025,0,1,0,9,9,1,0,0,1650.0
0,1,0,0,0,0,0,0,0,0,0,1,0,0,0,0,0,0,0,1,0,0,0,1,42.0,0,2023,0,1,0,9,14,0,0,0,1142.857142857143
0,1,0,0,0,0,0,0,0,0,0,1,0,0,0,0,0,0,0,1,0,0,0,1,40.0,0,2023,0,1,0,9,14,0,0,0,1175.0
0,1,0,0,0,0,0,0,0,0,0,0,1,0,0,0,0,0,0,1,0,0,0,2,55.0,0,2025,0,1,0,10,18,0,0,0,1400.0
0,1,0,0,0,0,0,0,0,0,0,1,0,0,0,0,0,0,1,0,0,0,0,3,103.0,1,2022,0,1,0,8,9,1,0,0,2038.8349514563106
0,1,0,0,0,0,0,0,0,0,0,1,0,0,0,0,0,0,0,1,0,0,0,4,162.0,0,2024,1,0,0,10,15,0,0,0,2000.0
1,0,0,0,0,0,0,0,0,0,0,0,0,0,0,0,0,0,0,0,0,0,0,2,45.0,0,2024,1,0,0,13,13,0,0,0,1288.888888888889
0,1,0,0,0,0,0,0,0,0,0,1,0,0,0,0,0,0,1,0,0,0,0,2,51.3,0,2020,0,1,0,9,10,0,0,0,1627.6803118908383
0,1,0,0,0,0,0,0,0,0,0,0,1,0,0,0,0,0,1,0,0,0,0,3,145.0,0,2023,1,0,0,9,12,1,1,1,1275.8620689655172
0,0,0,0,0,0,1,0,0,0,0,0,1,0,0,0,0,0,1,0,0,0,0,2,48.0,0,1987,1,0,0,5,9,1,1,1,1718.75
0,1,0,0,0,0,0,0,0,0,0,0,1,0,0,0,0,0,0,0,1,0,0,4,120.0,0,2019,0,1,0,8,9,1,1,0,1975.0
0,0,1,0,0,0,0,0,0,0,0,0,1,0,0,0,0,0,1,0,0,0,0,4,82.0,0,1998,0,0,1,7,9,0,1,1,1213.4146341463415
0,1,0,0,0,0,0,0,0,0,0,0,1,0,0,0,0,0,0,1,0,0,0,3,102.0,0,2024,0,1,0,4,12,0,0,0,1401.9607843137255
0,1,0,0,0,0,0,0,0,0,0,1,0,0,0,0,0,0,0,1,0,0,0,3,98.0,0,2023,1,0,0,9,13,0,0,0,1250.0
0,1,0,0,0,0,0,0,0,0,0,0,1,0,0,0,0,0,0,1,0,0,0,3,96.0,1,2023,1,0,0,11,12,1,0,0,1020.8333333333334
0,1,0,0,0,0,0,0,0,0,0,0,1,0,0,0,0,0,0,1,0,0,0,2,66.0,0,2024,0,1,0,2,12,0,0,0,1318.1818181818182
0,1,0,0,0,0,0,0,0,0,0,0,0,0,0,0,0,0,0,0,1,0,0,2,71.0,0,2023,0,1,0,5,10,0,0,0,1035.2112676056338
0,1,0,0,0,0,0,0,0,0,0,0,1,0,0,0,0,0,0,1,0,0,0,2,90.21,0,2025,0,1,0,11,12,1,0,1,1700.0000000000002
0,0,1,0,0,0,0,0,0,0,0,0,1,0,0,0,0,0,0,0,1,0,0,3,79.4,1,1992,0,0,1,7,9,0,0,1,1586.9017632241812
0,0,0,0,0,0,0,0,1,0,0,0,1,0,0,0,0,0,0,0,1,0,0,1,23.0,0,1990,0,0,1,3,5,0,1,1,1226.0869565217392
0,0,1,0,0,0,0,0,0,0,0,0,1,0,0,0,0,0,0,0,1,0,0,4,70.0,1,2019,0,0,1,7,9,0,1,0,1642.857142857143
0,1,0,0,0,0,0,0,0,0,0,1,0,0,0,0,0,0,1,0,0,0,0,1,26.0,0,2023,0,1,0,2,9,1,0,0,1826.923076923077
0,1,0,0,0,0,0,0,0,0,0,0,0,1,0,0,0,0,0,1,0,0,0,5,315.4,0,2025,0,1,0,16,16,0,0,0,1355.0
0,1,0,0,0,0,0,0,0,0,0,0,1,0,0,0,0,0,0,1,0,0,0,4,162.41,0,2022,0,1,0,12,15,0,0,0,1286.866572255403
0,1,0,0,0,0,0,0,0,0,0,1,0,0,0,0,0,0,1,0,0,0,0,1,53.0,0,2024,1,0,0,8,12,0,0,0,1292.4528301886792
0,1,0,0,0,0,0,0,0,0,0,0,1,0,0,0,0,0,0,0,1,0,0,2,71.0,0,2023,0,1,0,12,12,0,1,1,1535.2112676056338
0,1,0,0,0,0,0,0,0,0,0,0,1,0,0,0,0,0,1,0,0,0,0,4,183.0,0,2021,0,1,0,10,14,0,0,0,1912.568306010929
0,1,0,0,0,0,0,0,0,0,0,1,0,0,0,0,0,0,0,1,0,0,0,2,66.0,0,2025,1,0,0,1,10,0,0,0,1030.3030303030303
0,1,0,0,0,0,0,0,0,0,0,1,0,0,0,0,0,0,1,0,0,0,0,2,70.0,0,2022,1,0,0,14,14,0,0,0,1814.2857142857142
0,1,0,0,0,0,0,0,0,0,0,0,1,0,0,0,0,0,1,0,0,0,0,4,133.0,0,2023,0,1,0,10,15,0,0,0,1330.827067669173
0,1,0,0,0,0,0,0,0,0,0,0,0,1,0,0,0,0,0,1,0,0,0,3,127.0,0,2025,0,1,0,9,13,1,0,0,1350.0
0,1,0,0,0,0,0,0,0,0,0,1,0,0,0,0,0,0,1,0,0,0,0,2,77.0,0,2022,1,0,0,9,14,0,0,0,1714.2857142857142
0,1,0,0,0,0,0,0,0,0,0,0,1,0,0,0,0,0,0,0,1,0,0,2,56.0,0,2023,1,0,0,2,7,0,0,0,1705.357142857143
0,1,0,0,0,0,0,0,0,0,0,1,0,0,0,0,0,0,1,0,0,0,0,3,92.0,0,2023,0,1,0,2,12,0,0,0,1630.4347826086957
0,1,0,0,0,0,0,0,0,0,0,0,1,0,0,0,0,0,0,1,0,0,0,2,72.0,1,2024,1,0,0,8,12,0,0,0,1250.0
0,1,0,0,0,0,0,0,0,0,0,0,1,0,0,0,0,0,0,1,0,0,0,1,57.89,0,2025,1,0,0,8,14,0,0,0,1252.375194334082
0,1,0,0,0,0,0,0,0,0,0,0,1,0,0,0,0,0,1,0,0,0,0,5,414.0,0,2018,0,1,0,17,17,1,1,0,966.1835748792271
0,1,0,0,0,0,0,0,0,0,0,1,0,0,0,0,0,0,1,0,0,0,0,1,44.0,0,2023,1,0,0,2,14,0,0,0,1784.090909090909
0,0,1,0,0,0,0,0,0,0,0,0,0,0,0,0,0,0,0,0,1,0,0,1,45.0,0,2019,1,0,0,8,9,0,1,1,1322.2222222222222
0,0,0,0,1,0,0,0,0,0,0,0,0,0,0,0,0,0,0,0,0,0,0,2,48.4,0,1978,0,0,1,4,4,0,0,0,1487.6033057851241
1,0,0,0,0,0,0,0,0,0,0,0,0,0,0,0,0,0,0,0,0,0,0,3,80.0,0,2015,0,1,0,12,13,0,0,0,1750.0
0,1,0,0,0,0,0,0,0,0,0,1,0,0,0,0,0,0,0,1,0,0,0,3,96.33,0,2023,0,1,0,6,10,0,0,0,955.0503477628984
0,1,0,0,0,0,0,0,0,0,0,1,0,0,0,0,0,0,0,1,0,0,0,4,155.0,0,2022,0,0,1,4,14,0,0,0,1500.0
0,1,0,0,0,0,0,0,0,0,0,0,0,1,0,0,0,0,1,0,0,0,0,2,55.0,1,2023,1,0,0,4,10,0,1,1,2090.909090909091
1,0,0,0,0,0,0,0,0,0,0,0,1,0,0,0,0,0,0,0,1,0,0,2,46.2,0,1972,1,0,0,5,5,0,1,1,1904.7619047619046
0,1,0,0,0,0,0,0,0,0,0,1,0,0,0,0,0,0,0,0,0,0,1,2,73.41,0,2026,1,0,0,6,15,0,0,0,912.6821958861191
0,1,0,0,0,0,0,0,0,0,0,0,1,0,0,0,0,0,1,0,0,0,0,2,67.0,0,2022,0,1,0,2,16,1,0,0,1686.5671641791046
1,0,0,0,0,0,0,0,0,0,0,0,1,0,0,0,0,0,0,0,0,1,0,2,60.0,0,2019,1,0,0,5,6,1,1,0,1416.6666666666667
0,1,0,0,0,0,0,0,0,0,0,1,0,0,0,0,0,0,0,1,0,0,0,2,59.0,0,2024,0,1,0,8,9,0,0,0,949.1525423728814
0,0,0,0,0,0,1,0,0,0,0,0,1,0,0,0,0,0,1,0,0,0,0,1,42.1,0,2025,0,1,0,5,9,0,1,0,1543.9429928741092
0,1,0,0,0,0,0,0,0,0,0,1,0,0,0,0,0,0,0,1,0,0,0,1,46.0,0,2024,0,1,0,6,14,1,0,0,1141.304347826087
0,1,0,0,0,0,0,0,0,0,0,0,0,0,0,0,0,0,0,1,0,0,0,3,133.0,0,2025,0,1,0,2,5,0,0,0,1700.0
0,0,0,0,0,1,0,0,0,0,0,1,0,0,0,0,0,0,1,0,0,0,0,1,54.0,1,2025,0,0,1,7,9,1,1,0,1425.9259259259259
0,1,0,0,0,0,0,0,0,0,0,0,1,0,0,0,0,0,0,0,1,0,0,4,135.0,0,2023,0,0,1,7,7,0,1,0,1014.8148148148148
0,1,0,0,0,0,0,0,0,0,0,0,0,1,0,0,0,0,0,0,1,0,0,1,42.0,0,2023,0,1,0,2,5,1,0,0,1404.7619047619048
0,0,0,0,0,0,0,0,1,0,0,0,1,0,0,0,0,0,0,0,1,0,0,1,36.0,0,1990,0,0,1,1,4,0,1,0,1111.111111111111
0,0,0,0,1,0,0,0,0,0,0,0,1,0,0,0,0,0,0,0,1,0,0,2,44.0,0,1975,1,0,0,3,4,0,0,0,1590.909090909091
0,1,0,0,0,0,0,0,0,0,0,1,0,0,0,0,0,0,0,1,0,0,0,1,53.0,0,2024,0,1,0,8,9,0,0,0,1075.4716981132076
0,1,0,0,0,0,0,0,0,0,0,0,1,0,0,0,0,0,0,1,0,0,0,1,48.0,0,2023,0,1,0,14,15,1,0,0,1500.0
0,1,0,0,0,0,0,0,0,0,0,0,0,1,0,0,0,0,0,1,0,0,0,3,99.3,0,2025,0,1,0,4,20,1,0,0,1250.0
0,1,0,0,0,0,0,0,0,0,0,1,0,0,0,0,0,0,0,1,0,0,0,1,63.0,0,2023,0,1,0,3,16,1,0,0,960.3174603174604
0,1,0,0,0,0,0,0,0,0,0,1,0,0,0,0,0,0,1,0,0,0,0,1,42.0,0,2025,1,0,0,2,12,0,0,0,1630.952380952381
0,1,0,0,0,0,0,0,0,0,0,0,1,0,0,0,0,0,0,1,0,0,0,2,75.0,0,2025,0,1,0,3,16,1,0,1,1040.0
0,0,0,0,1,0,0,0,0,0,0,0,1,0,0,0,0,0,0,0,1,0,0,2,48.0,0,1970,0,0,1,2,5,0,0,0,1506.25
0,1,0,0,0,0,0,0,0,0,0,1,0,0,0,0,0,0,0,1,0,0,0,2,69.15,0,2022,0,1,0,5,14,0,0,0,1229.2118582791034
0,1,0,0,0,0,0,0,0,0,0,1,0,0,0,0,0,0,1,0,0,0,0,2,80.0,0,2024,0,1,0,9,10,0,0,0,1656.25
1,0,0,0,0,0,0,0,0,0,0,0,0,0,0,0,0,0,0,0,0,0,0,3,95.1,0,2017,1,0,0,8,10,0,0,0,1713.9852786540484
0,0,0,0,1,0,0,0,0,0,0,0,1,0,0,0,0,0,1,0,0,0,0,3,58.0,0,1975,1,0,0,2,4,0,1,0,1681.0344827586207
0,1,0,0,0,0,0,0,0,0,0,0,0,0,0,0,0,0,1,0,0,0,0,2,58.0,1,2023,1,0,0,11,14,0,0,0,1689.655172413793
0,0,1,0,0,0,0,0,0,0,0,0,0,0,1,0,0,0,1,0,0,0,0,1,48.0,0,1992,0,0,1,7,9,0,0,0,1333.3333333333333
0,0,0,0,0,0,1,0,0,0,0,0,1,0,0,0,0,0,1,0,0,0,0,1,34.0,1,1970,0,0,1,1,9,0,0,1,1641.1764705882354
0,1,0,0,0,0,0,0,0,0,0,0,0,0,0,0,0,0,1,0,0,0,0,2,62.0,0,2023,0,1,0,5,12,0,0,0,1572.5806451612902
0,1,0,0,0,0,0,0,0,0,0,0,0,1,0,0,0,0,1,0,0,0,0,2,65.0,0,2022,0,1,0,2,12,0,0,0,1595.3846153846155
0,1,0,0,0,0,0,0,0,0,0,0,0,1,0,0,0,0,1,0,0,0,0,1,30.0,0,2024,0,1,0,3,5,1,0,0,1550.0
0,1,0,0,0,0,0,0,0,0,0,0,1,0,0,0,0,0,1,0,0,0,0,2,78.0,0,2022,0,1,0,4,10,0,0,0,1538.4615384615386
0,1,0,0,0,0,0,0,0,0,0,0,0,0,0,0,0,0,0,1,0,0,0,4,205.0,0,2023,0,1,0,4,4,0,0,0,2439.0243902439024
0,1,0,0,0,0,0,0,0,0,0,1,0,0,0,0,0,0,0,1,0,0,0,2,43.6,0,2023,0,1,0,10,14,0,0,0,1197.2477064220184
1,0,0,0,0,0,0,0,0,0,0,0,1,0,0,0,0,0,0,0,1,0,0,3,63.8,0,1983,1,0,0,9,9,0,0,0,1489.0282131661443
0,0,0,0,1,0,0,0,0,0,0,0,1,0,0,0,0,0,0,0,1,0,0,2,43.0,0,1975,0,1,0,2,4,0,1,1,1558.139534883721
0,1,0,0,0,0,0,0,0,0,0,1,0,0,0,0,0,0,1,0,0,0,0,2,77.0,0,2024,0,1,0,10,16,0,0,0,1370.1298701298701
0,0,1,0,0,0,0,0,0,0,0,0,1,0,0,0,0,0,0,0,1,0,0,1,36.0,0,1992,0,0,1,2,9,0,0,0,2013.888888888889
0,0,0,0,1,0,0,0,0,0,0,0,1,0,0,0,0,0,0,0,1,0,0,2,43.0,0,1975,0,0,1,1,4,0,0,0,1383.7209302325582
0,1,0,0,0,0,0,0,0,0,0,1,0,0,0,0,0,0,0,1,0,0,0,2,80.0,0,2025,0,1,0,9,10,0,0,0,1800.0
0,1,0,0,0,0,0,0,0,0,0,1,0,0,0,0,0,0,0,1,0,0,0,2,70.0,0,2023,0,1,0,7,15,0,0,0,907.1428571428571
1,0,0,0,0,0,0,0,0,0,0,0,0,0,0,0,0,0,0,0,0,0,0,2,60.0,0,2024,1,0,0,6,12,0,0,0,1066.6666666666667
0,1,0,0,0,0,0,0,0,0,0,1,0,0,0,0,0,0,0,1,0,0,0,3,115.0,1,2023,0,1,0,13,14,0,0,0,850.0
0,0,0,1,0,0,0,0,0,0,0,0,1,0,0,0,0,0,1,0,0,0,0,2,42.0,0,1967,1,0,0,1,4,0,0,0,1571.4285714285713
1,0,0,0,0,0,0,0,0,0,0,0,0,0,0,0,0,0,0,0,0,0,0,3,102.0,0,2015,0,1,0,1,10,0,0,0,1470.5882352941176
0,0,1,0,0,0,0,0,0,0,0,0,1,0,0,0,0,0,0,0,1,0,0,1,40.0,0,1999,1,0,0,5,9,0,1,1,1400.0
0,1,0,0,0,0,0,0,0,0,0,1,0,0,0,0,0,0,1,0,0,0,0,1,43.0,0,2023,0,1,0,4,9,0,0,0,1441.860465116279
0,1,0,0,0,0,0,0,0,0,0,0,1,0,0,0,0,0,1,0,0,0,0,3,127.0,0,2023,1,0,0,2,8,1,1,1,1377.9527559055118
0,1,0,0,0,0,0,0,0,0,0,0,1,0,0,0,0,0,0,1,0,0,0,1,37.33,0,2024,0,1,0,7,14,0,0,0,1205.4647736405036
0,1,0,0,0,0,0,0,0,0,0,1,0,0,0,0,0,0,0,1,0,0,0,6,571.0,0,2024,0,1,0,13,13,0,0,0,1150.0
0,1,0,0,0,0,0,0,0,0,0,0,1,0,0,0,0,0,0,0,1,0,0,4,168.0,1,2006,1,0,0,5,6,0,0,1,1696.4285714285713
0,1,0,0,0,0,0,0,0,0,0,0,1,0,0,0,0,0,1,0,0,0,0,2,78.0,0,2018,0,1,0,4,10,1,1,1,1660.2564102564102
1,0,0,0,0,0,0,0,0,0,0,0,0,0,0,0,0,0,0,0,0,0,0,2,77.0,0,2024,0,1,0,12,15,0,0,0,1162.3376623376623
1,0,0,0,0,0,0,0,0,0,0,0,0,0,0,0,0,0,0,0,0,0,0,3,72.7,0,1990,0,1,0,6,9,0,0,0,1437.414030261348
0,0,0,0,1,0,0,0,0,0,0,0,1,0,0,0,0,0,0,0,0,1,0,1,33.0,0,1975,0,0,1,3,4,0,1,1,1751.5151515151515
1,0,0,0,0,0,0,0,0,0,0,0,0,0,1,0,0,0,1,0,0,0,0,3,70.0,1,2019,0,1,0,2,3,0,0,1,1214.2857142857142
0,1,0,0,0,0,0,0,0,0,0,1,0,0,0,0,0,0,1,0,0,0,0,3,97.0,0,2023,0,1,0,9,12,0,0,0,1541.2371134020618
0,1,0,0,0,0,0,0,0,0,0,1,0,0,0,0,0,0,0,1,0,0,0,3,88.5,0,2024,0,1,0,10,16,1,0,0,1073.446327683616
0,1,0,0,0,0,0,0,0,0,0,1,0,0,0,0,0,0,0,0,0,0,1,2,68.35,0,2025,0,1,0,3,14,1,0,0,965.6181419166057
0,1,0,0,0,0,0,0,0,0,0,0,0,0,0,0,0,0,0,1,0,0,0,2,75.0,0,2023,1,0,0,10,17,0,0,0,1285.0
0,0,0,0,0,0,1,0,0,0,0,0,1,0,0,0,0,0,0,0,0,1,0,3,82.0,1,1981,1,0,0,5,5,0,1,1,1085.3658536585365
0,0,0,0,1,0,0,0,0,0,0,0,0,0,0,0,0,0,0,0,0,0,0,3,58.0,0,1969,0,0,1,2,4,0,0,0,1551.7241379310344
1,0,0,0,0,0,0,0,0,0,0,0,1,0,0,0,0,0,0,0,0,1,0,3,78.5,0,1986,1,0,0,2,5,0,1,1,1401.2738853503186
0,0,1,0,0,0,0,0,0,0,0,0,1,0,0,0,0,0,0,0,0,1,0,4,82.0,0,1992,0,0,1,5,9,0,1,1,1341.4634146341464
0,1,0,0,0,0,0,0,0,0,0,0,1,0,0,0,0,0,0,1,0,0,0,2,103.0,0,2023,0,1,0,16,16,0,0,0,970.8737864077669
0,0,0,0,0,0,1,0,0,0,0,0,1,0,0,0,0,0,0,0,1,0,0,1,34.0,0,1987,1,0,0,7,9,0,1,0,1897.0588235294117
0,0,0,0,1,0,0,0,0,0,0,0,1,0,0,0,0,0,0,0,1,0,0,2,50.0,0,1960,0,0,1,3,4,0,0,0,1440.0
0,1,0,0,0,0,0,0,0,0,0,1,0,0,0,0,0,0,0,1,0,0,0,1,53.0,0,2024,0,1,0,11,12,0,0,0,1216.9811320754718
0,0,0,1,0,0,0,0,0,0,0,0,1,0,0,0,0,0,0,0,0,1,0,1,28.5,1,1967,1,0,0,1,3,0,1,1,1350.877192982456
0,1,0,0,0,0,0,0,0,0,0,0,1,0,0,0,0,0,1,0,0,0,0,2,69.0,0,2024,1,0,0,13,16,0,0,0,1724.6376811594203
0,1,0,0,0,0,0,0,0,0,0,0,1,0,0,0,0,0,1,0,0,0,0,3,103.0,0,2025,0,1,0,7,16,0,0,0,1922.3300970873786
0,0,0,0,1,0,0,0,0,0,0,0,1,0,0,0,0,0,1,0,0,0,0,3,63.0,0,1975,1,0,0,5,5,0,1,1,1523.8095238095239
1,0,0,0,0,0,0,0,0,0,0,0,1,0,0,0,0,0,1,0,0,0,0,2,73.0,1,1980,1,0,0,1,3,0,1,1,890.4109589041096
0,1,0,0,0,0,0,0,0,0,0,1,0,0,0,0,0,0,1,0,0,0,0,2,71.0,0,2016,0,1,0,11,12,1,0,0,1760.5633802816901
0,1,0,0,0,0,0,0,0,0,0,1,0,0,0,0,0,0,0,1,0,0,0,1,55.0,0,2027,1,0,0,7,12,1,0,0,1200.0
0,1,0,0,0,0,0,0,0,0,0,1,0,0,0,0,0,0,0,1,0,0,0,2,81.0,0,2023,1,0,0,14,14,0,0,0,993.8271604938271
1,0,0,0,0,0,0,0,0,0,0,0,0,0,0,0,0,0,0,0,0,0,0,1,44.0,0,2024,0,1,0,6,16,0,0,0,1545.4545454545455
0,1,0,0,0,0,0,0,0,0,0,0,0,0,0,0,0,0,1,0,0,0,0,4,136.0,0,2022,0,1,0,9,10,0,0,0,2132.3529411764707
0,0,1,0,0,0,0,0,0,0,0,0,1,0,0,0,0,0,0,0,0,1,0,3,68.0,0,1989,0,1,0,9,9,0,1,1,1485.2941176470588
0,1,0,0,0,0,0,0,0,0,0,0,0,1,0,0,0,0,1,0,0,0,0,2,45.0,0,2021,0,1,0,4,14,0,0,0,2555.5555555555557
0,1,0,0,0,0,0,0,0,0,0,0,0,0,0,0,0,0,0,1,0,0,0,1,68.0,0,2023,1,0,0,8,9,0,0,0,980.0
0,0,0,0,0,0,1,0,0,0,0,0,1,0,0,0,0,0,0,1,0,0,0,1,44.0,0,2025,0,0,1,3,9,0,0,0,988.6363636363636
0,1,0,0,0,0,0,0,0,0,0,0,0,0,0,0,0,0,1,0,0,0,0,3,74.0,0,2024,1,0,0,5,7,1,0,1,1527.027027027027
0,1,0,0,0,0,0,0,0,0,0,1,0,0,0,0,0,0,1,0,0,0,0,5,176.0,0,2022,0,1,0,9,10,0,0,0,2375.0
0,1,0,0,0,0,0,0,0,0,0,0,0,0,0,0,0,0,0,1,0,0,0,2,79.0,0,2025,0,1,0,13,14,0,0,0,1246.8354430379748
0,1,0,0,0,0,0,0,0,0,0,1,0,0,0,0,0,0,0,1,0,0,0,3,166.0,0,2027,0,1,0,6,9,0,0,0,1500.0
1,0,0,0,0,0,0,0,0,0,0,0,1,0,0,0,0,0,1,0,0,0,0,3,66.0,0,2019,0,1,0,5,5,1,1,0,1378.7878787878788
0,1,0,0,0,0,0,0,0,0,0,0,1,0,0,0,0,0,1,0,0,0,0,2,58.0,0,2020,0,1,0,8,12,1,0,0,1810.344827586207
0,1,0,0,0,0,0,0,0,0,0,1,0,0,0,0,0,0,0,1,0,0,0,1,51.0,1,2022,0,1,0,16,16,0,0,0,1900.0
1,0,0,0,0,0,0,0,0,0,0,0,0,0,0,0,0,0,0,0,0,0,0,2,87.96,0,2024,1,0,0,10,12,0,0,0,1200.5457025920873
0,1,0,0,0,0,0,0,0,0,0,0,0,0,0,0,0,0,1,0,0,0,0,2,70.0,0,2017,0,1,0,10,10,0,0,0,1400.0
0,0,0,0,1,0,0,0,0,0,0,0,0,0,0,0,0,0,0,0,1,0,0,3,58.0,0,1975,0,0,1,1,5,0,0,0,1517.2413793103449
0,1,0,0,0,0,0,0,0,0,0,0,1,0,0,0,0,0,0,1,0,0,0,1,50.0,0,2020,0,1,0,7,12,1,0,0,1420.0
1,0,0,0,0,0,0,0,0,0,0,0,0,0,0,0,0,0,0,0,0,0,0,4,148.0,0,2024,1,0,0,10,10,0,0,0,1250.0
0,1,0,0,0,0,0,0,0,0,0,1,0,0,0,0,0,0,1,0,0,0,0,2,76.0,1,2022,1,0,0,6,14,0,0,0,1700.0
1,0,0,0,0,0,0,0,0,0,0,0,0,0,0,0,0,0,0,0,0,0,0,4,154.0,0,2014,1,0,0,8,10,0,0,0,1623.3766233766235
0,1,0,0,0,0,0,0,0,0,0,0,0,0,0,0,0,0,1,0,0,0,0,1,52.0,0,2023,0,1,0,5,9,0,0,0,1384.6153846153845
0,1,0,0,0,0,0,0,0,0,0,1,0,0,0,0,0,0,0,1,0,0,0,4,124.0,0,2023,0,1,0,3,12,0,0,0,1362.9032258064517
0,1,0,0,0,0,0,0,0,0,0,1,0,0,0,0,0,0,1,0,0,0,0,2,44.0,0,2023,1,0,0,2,13,1,0,0,1886.3636363636363
0,1,0,0,0,0,0,0,0,0,0,0,0,0,0,0,0,0,1,0,0,0,0,3,80.0,0,2023,1,0,0,9,9,1,0,0,1600.0
0,0,1,0,0,0,0,0,0,0,0,0,1,0,0,0,0,0,0,0,1,0,0,3,64.0,0,1990,0,0,1,9,9,0,1,1,1351.5625
0,1,0,0,0,0,0,0,0,0,0,0,1,0,0,0,0,0,1,0,0,0,0,3,111.0,0,2017,0,1,0,7,16,0,0,0,1576.5765765765766
0,1,0,0,0,0,0,0,0,0,0,0,1,0,0,0,0,0,1,0,0,0,0,1,40.0,0,2019,0,1,0,9,12,0,1,1,2225.0
0,1,0,0,0,0,0,0,0,0,0,1,0,0,0,0,0,0,0,1,0,0,0,2,72.0,0,2020,0,1,0,7,14,1,0,0,1187.5
1,0,0,0,0,0,0,0,0,0,0,0,0,0,0,0,0,0,0,0,1,0,0,4,82.0,0,2019,0,0,1,1,5,0,0,0,1463.4146341463415
0,1,0,0,0,0,0,0,0,0,0,0,0,0,1,0,0,0,1,0,0,0,0,1,39.0,0,2023,1,0,0,1,7,0,0,0,1358.974358974359
0,0,1,0,0,0,0,0,0,0,0,0,1,0,0,0,0,0,1,0,0,0,0,3,72.0,0,1999,0,0,1,9,9,0,1,1,1284.7222222222222
1,0,0,0,0,0,0,0,0,0,0,0,1,0,0,0,0,0,0,0,1,0,0,4,152.0,1,1987,1,0,0,9,9,0,1,0,1315.7894736842106
0,1,0,0,0,0,0,0,0,0,0,0,1,0,0,0,0,0,1,0,0,0,0,3,140.0,0,2016,1,0,0,8,11,0,0,0,2571.4285714285716
0,1,0,0,0,0,0,0,0,0,0,1,0,0,0,0,0,0,0,1,0,0,0,3,114.0,0,2026,1,0,0,9,15,1,0,0,995.6140350877193
0,0,0,0,0,0,1,0,0,0,0,0,1,0,0,0,0,0,0,0,0,1,0,4,79.0,0,1987,0,0,1,2,5,0,0,0,1367.0886075949368
0,1,0,0,0,0,0,0,0,0,0,0,1,0,0,0,0,0,1,0,0,0,0,2,70.0,0,2022,1,0,0,6,10,0,1,1,1507.142857142857
0,1,0,0,0,0,0,0,0,0,0,0,0,0,1,0,0,0,1,0,0,0,0,1,39.0,0,2023,0,1,0,10,10,0,0,0,1410.2564102564102
0,1,0,0,0,0,0,0,0,0,0,1,0,0,0,0,0,0,0,1,0,0,0,3,110.74,0,2025,0,1,0,16,18,1,0,0,1083.619288423334
0,1,0,0,0,0,0,0,0,0,0,0,1,0,0,0,0,0,0,1,0,0,0,3,91.0,0,2023,0,1,0,4,10,0,0,0,1010.989010989011
0,1,0,0,0,0,0,0,0,0,0,0,0,0,0,0,0,0,0,1,0,0,0,3,92.5,0,2022,0,1,0,10,16,0,0,0,940.0
0,0,0,0,0,0,1,0,0,0,0,0,1,0,0,0,0,0,0,0,1,0,0,1,35.0,0,1987,0,0,1,8,9,0,1,0,1800.0
0,0,0,0,0,0,1,0,0,0,0,0,1,0,0,0,0,0,1,0,0,0,0,1,34.7,0,1987,0,0,1,4,9,1,1,0,1628.2420749279538
1,0,0,0,0,0,0,0,0,0,0,0,0,0,0,0,0,0,1,0,0,0,0,1,30.0,0,2019,1,0,0,3,5,0,0,0,1450.0
0,1,0,0,0,0,0,0,0,0,0,0,1,0,0,0,0,0,1,0,0,0,0,2,88.0,0,2013,1,0,0,2,11,1,1,1,1613.6363636363637
0,1,0,0,0,0,0,0,0,0,0,1,0,0,0,0,0,0,0,1,0,0,0,2,82.0,0,2024,0,1,0,8,12,0,0,0,1150.0
0,1,0,0,0,0,0,0,0,0,0,0,1,0,0,0,0,0,1,0,0,0,0,2,64.0,0,2016,0,1,0,2,8,0,0,0,1875.0
0,1,0,0,0,0,0,0,0,0,0,1,0,0,0,0,0,0,1,0,0,0,0,2,69.0,0,2023,1,0,0,6,12,0,0,0,1884.0579710144928
0,1,0,0,0,0,0,0,0,0,0,0,1,0,0,0,0,0,0,0,0,1,0,3,147.0,0,2006,1,0,0,6,9,1,1,1,1326.530612244898
0,1,0,0,0,0,0,0,0,0,0,0,1,0,0,0,0,0,0,1,0,0,0,2,101.9,0,2024,1,0,0,13,17,0,0,0,1619.2345436702649
0,1,0,0,0,0,0,0,0,0,0,0,1,0,0,0,0,0,1,0,0,0,0,4,108.0,0,2019,0,1,0,11,12,1,1,0,1805.5555555555557
0,1,0,0,0,0,0,0,0,0,0,1,0,0,0,0,0,0,1,0,0,0,0,3,103.0,0,2022,0,1,0,4,14,0,0,0,2184.4660194174758
0,0,1,0,0,0,0,0,0,0,0,0,1,0,0,0,0,0,0,0,0,1,0,1,35.0,0,1993,0,0,1,6,9,0,0,0,1571.4285714285713
0,0,1,0,0,0,0,0,0,0,0,0,0,0,0,0,0,0,0,0,0,0,0,3,89.4,0,2014,0,0,1,9,9,0,0,0,950.7829977628635
0,1,0,0,0,0,0,0,0,0,0,0,1,0,0,0,0,0,1,0,0,0,0,3,100.0,0,2019,0,1,0,9,12,1,1,0,1820.0
1,0,0,0,0,0,0,0,0,0,0,0,0,0,0,0,0,0,0,0,0,0,0,3,150.0,0,2019,1,0,0,4,12,0,0,0,1250.0
0,1,0,0,0,0,0,0,0,0,0,1,0,0,0,0,0,0,1,0,0,0,0,3,154.0,0,2018,1,0,0,7,8,1,0,0,1201.2987012987012
0,0,0,0,0,0,1,0,0,0,0,0,1,0,0,0,0,0,0,0,0,1,0,5,93.0,0,1987,0,0,1,1,5,0,0,0,1236.5591397849462
1,0,0,0,0,0,0,0,0,0,0,1,0,0,0,0,0,0,1,0,0,0,0,1,40.0,0,2019,1,0,0,3,4,0,1,0,1450.0
0,1,0,0,0,0,0,0,0,0,0,0,0,0,0,0,0,0,0,1,0,0,0,5,187.0,0,2023,0,1,0,12,18,0,0,0,2000.0
0,1,0,0,0,0,0,0,0,0,0,1,0,0,0,0,0,0,1,0,0,0,0,2,79.0,0,2021,0,1,0,12,14,0,0,0,2012.6582278481012
0,1,0,0,0,0,0,0,0,0,0,1,0,0,0,0,0,0,1,0,0,0,0,4,133.0,0,2022,0,1,0,6,14,0,0,0,1939.8496240601503
1,0,0,0,0,0,0,0,0,0,0,1,0,0,0,0,0,0,0,0,1,0,0,1,24.0,0,2019,0,0,1,1,2,1,1,0,1312.5
0,1,0,0,0,0,0,0,0,0,0,0,1,0,0,0,0,0,1,0,0,0,0,2,55.0,0,2018,0,1,0,11,12,0,1,0,2090.909090909091
1,0,0,0,0,0,0,0,0,0,0,0,0,0,1,0,0,0,0,0,1,0,0,2,50.0,0,2019,0,0,1,13,13,0,1,0,1300.0
0,1,0,0,0,0,0,0,0,0,0,0,0,0,1,0,0,0,1,0,0,0,0,2,77.0,1,2019,0,1,0,13,14,0,1,0,2207.7922077922076
0,1,0,0,0,0,0,0,0,0,0,0,1,0,0,0,0,0,0,0,1,0,0,3,103.0,0,2023,0,1,0,12,12,0,1,0,1601.9417475728155
0,0,1,0,0,0,0,0,0,0,0,0,1,0,0,0,0,0,0,0,0,1,0,1,45.0,0,1992,0,0,1,6,9,0,1,1,1288.888888888889
0,1,0,0,0,0,0,0,0,0,0,0,1,0,0,0,0,0,0,0,1,0,0,1,44.0,0,2023,0,0,1,7,9,0,0,0,1518.1818181818182
0,1,0,0,0,0,0,0,0,0,0,0,0,0,0,0,0,0,0,1,0,0,0,1,47.7,0,2023,1,0,0,5,10,0,0,0,1400.4192872117399
1,0,0,0,0,0,0,0,0,0,0,0,0,0,0,0,0,0,0,0,0,0,0,3,124.0,0,2020,0,1,0,3,9,0,0,0,1233.8709677419354
0,0,0,0,0,0,1,0,0,0,0,0,1,0,0,0,0,0,0,0,1,0,0,1,40.0,0,1990,1,0,0,1,5,0,1,1,1387.5
0,0,0,0,0,0,0,0,1,0,0,0,1,0,0,0,0,0,0,0,0,1,0,1,12.0,0,1990,1,0,0,3,5,0,1,1,2416.6666666666665
0,1,0,0,0,0,0,0,0,0,0,0,1,0,0,0,0,0,0,1,0,0,0,2,72.0,0,2024,1,0,0,3,12,0,0,0,1100.0
0,1,0,0,0,0,0,0,0,0,0,0,1,0,0,0,0,0,1,0,0,0,0,3,80.0,0,2019,0,1,0,4,12,0,0,0,1987.5
0,1,0,0,0,0,0,0,0,0,0,0,1,0,0,0,0,0,1,0,0,0,0,2,81.0,0,2018,1,0,0,2,9,1,0,0,2160.4938271604938
0,1,0,0,0,0,0,0,0,0,0,1,0,0,0,0,0,0,1,0,0,0,0,3,85.0,0,2023,0,0,1,9,14,0,0,0,2105.8823529411766
0,1,0,0,0,0,0,0,0,0,0,0,0,0,0,0,0,0,1,0,0,0,0,2,71.0,0,2023,1,0,0,9,12,0,0,0,1478.8732394366198
1,0,0,0,0,0,0,0,0,0,0,0,1,0,0,0,0,0,1,0,0,0,0,3,126.0,0,2019,1,0,0,2,7,0,0,0,1095.2380952380952
0,1,0,0,0,0,0,0,0,0,0,0,1,0,0,0,0,0,1,0,0,0,0,2,62.0,0,2017,0,1,0,4,12,0,0,0,1935.483870967742
0,1,0,0,0,0,0,0,0,0,0,0,0,0,1,0,0,0,0,0,1,0,0,4,176.0,1,2007,1,0,0,1,10,0,0,0,1335.2272727272727
0,1,0,0,0,0,0,0,0,0,0,0,0,0,0,0,0,0,1,0,0,0,0,3,110.0,0,2023,1,0,0,3,6,0,0,0,2181.818181818182
0,1,0,0,0,0,0,0,0,0,0,1,0,0,0,0,0,0,0,1,0,0,0,2,97.0,1,2027,0,1,0,6,9,0,0,0,1400.0
0,1,0,0,0,0,0,0,0,0,0,0,1,0,0,0,0,0,1,0,0,0,0,2,74.0,0,2022,0,1,0,10,16,0,0,0,1750.0
1,0,0,0,0,0,0,0,0,0,0,0,1,0,0,0,0,0,0,0,1,0,0,3,113.0,0,2012,1,0,0,10,10,0,1,1,1849.5575221238937
0,1,0,0,0,0,0,0,0,0,0,0,1,0,0,0,0,0,1,0,0,0,0,2,74.0,0,2022,0,1,0,6,16,0,0,0,1689.1891891891892
0,1,0,0,0,0,0,0,0,0,0,1,0,0,0,0,0,0,0,0,0,1,0,1,47.0,0,2023,0,1,0,2,10,0,0,0,1425.531914893617
0,1,0,0,0,0,0,0,0,0,0,0,1,0,0,0,0,0,0,1,0,0,0,1,43.0,0,2023,0,1,0,10,10,1,0,0,1220.9302325581396
0,1,0,0,0,0,0,0,0,0,0,0,1,0,0,0,0,0,1,0,0,0,0,2,51.0,0,2023,1,0,0,9,10,0,0,0,2058.823529411765
0,1,0,0,0,0,0,0,0,0,0,0,1,0,0,0,0,0,0,1,0,0,0,2,75.0,0,2025,0,1,0,8,12,0,0,0,1313.3333333333333
0,1,0,0,0,0,0,0,0,0,0,1,0,0,0,0,0,0,0,0,0,0,1,2,76.0,0,2026,1,0,0,4,12,0,0,0,1125.0
0,1,0,0,0,0,0,0,0,0,0,1,0,0,0,0,0,0,0,1,0,0,0,2,59.0,0,2023,1,0,0,6,10,0,0,0,1016.9491525423729
0,1,0,0,0,0,0,0,0,0,0,0,1,0,0,0,0,0,0,1,0,0,0,1,49.75,0,2022,0,1,0,13,14,0,0,0,1175.8793969849246
1,0,0,0,0,0,0,0,0,0,0,0,0,0,0,0,0,0,1,0,0,0,0,5,200.0,0,2019,1,0,0,3,6,0,1,1,800.0
0,1,0,0,0,0,0,0,0,0,0,0,1,0,0,0,0,0,0,0,1,0,0,2,49.0,0,2023,1,0,0,4,13,0,0,0,1530.6122448979593
0,1,0,0,0,0,0,0,0,0,0,0,1,0,0,0,0,0,0,1,0,0,0,3,99.0,0,2021,0,1,0,10,14,0,0,0,1464.6464646464647
0,1,0,0,0,0,0,0,0,0,0,0,1,0,0,0,0,0,1,0,0,0,0,2,49.0,0,2024,0,1,0,9,10,1,0,0,2000.0
1,0,0,0,0,0,0,0,0,0,0,0,0,0,0,0,0,0,0,0,0,0,0,2,72.0,0,2020,0,1,0,13,14,0,0,0,1458.3333333333333
0,1,0,0,0,0,0,0,0,0,0,1,0,0,0,0,0,0,0,1,0,0,0,2,69.2,0,2023,0,1,0,14,14,0,0,0,914.7398843930636
0,1,0,0,0,0,0,0,0,0,0,1,0,0,0,0,0,0,0,1,0,0,0,3,80.0,0,2023,0,1,0,8,10,0,0,0,962.5
0,0,0,0,0,0,1,0,0,0,0,0,1,0,0,0,0,0,0,0,1,0,0,3,62.0,0,1987,0,0,1,4,5,0,0,0,1612.9032258064517
1,0,0,0,0,0,0,0,0,0,0,0,0,0,0,0,0,0,0,0,0,0,0,3,100.0,0,2024,0,1,0,9,18,0,0,0,1100.0
0,1,0,0,0,0,0,0,0,0,0,0,1,0,0,0,0,0,1,0,0,0,0,2,78.0,0,2023,0,1,0,10,12,0,0,0,1474.3589743589744
0,1,0,0,0,0,0,0,0,0,0,1,0,0,0,0,0,0,1,0,0,0,0,3,106.0,0,2022,1,0,0,10,14,1,0,0,1537.7358490566037
0,1,0,0,0,0,0,0,0,0,0,0,1,0,0,0,0,0,0,0,1,0,0,2,78.0,0,2018,1,0,0,4,10,0,0,0,1576.923076923077
1,0,0,0,0,0,0,0,0,0,0,0,0,0,0,0,0,0,0,0,0,0,0,3,92.0,0,2023,1,0,0,12,12,0,0,0,1554.3478260869565
0,0,1,0,0,0,0,0,0,0,0,0,0,0,0,0,0,0,0,0,0,1,0,1,35.0,0,1992,0,0,1,5,9,0,1,1,1857.142857142857
0,1,0,0,0,0,0,0,0,0,0,1,0,0,0,0,0,0,1,0,0,0,0,1,39.0,0,2023,1,0,0,6,12,0,0,0,1666.6666666666667
0,1,0,0,0,0,0,0,0,0,0,0,0,1,0,0,0,0,0,1,0,0,0,1,39.44,0,2023,0,1,0,11,14,0,0,0,1217.0385395537526
0,1,0,0,0,0,0,0,0,0,0,1,0,0,0,0,0,0,0,1,0,0,0,3,104.0,0,2024,0,1,0,4,12,0,0,0,1177.8846153846155
1,0,0,0,0,0,0,0,0,0,0,0,0,0,0,0,0,0,0,0,0,0,0,3,157.1,0,2016,0,1,0,9,12,0,0,0,989.8154042011458
0,1,0,0,0,0,0,0,0,0,0,0,0,0,0,0,0,0,1,0,0,0,0,2,74.0,0,2023,1,0,0,1,9,0,0,0,1175.6756756756756
0,1,0,0,0,0,0,0,0,0,0,1,0,0,0,0,0,0,0,1,0,0,0,2,50.5,0,2022,1,0,0,8,15,0,0,0,1415.8415841584158
0,1,0,0,0,0,0,0,0,0,0,0,1,0,0,0,0,0,1,0,0,0,0,2,55.0,0,2023,1,0,0,9,9,0,0,0,1309.090909090909
0,1,0,0,0,0,0,0,0,0,0,1,0,0,0,0,0,0,1,0,0,0,0,2,68.0,0,2023,1,0,0,3,10,0,0,0,1264.7058823529412
0,0,0,0,0,1,0,0,0,0,0,0,0,1,0,0,0,0,1,0,0,0,0,1,48.0,0,2022,0,1,0,4,9,0,0,0,1572.9166666666667
1,0,0,0,0,0,0,0,0,0,0,0,0,0,0,0,0,0,0,0,0,0,0,2,42.0,0,1969,1,0,0,5,5,0,0,0,1857.142857142857
0,1,0,0,0,0,0,0,0,0,0,0,0,1,0,0,0,0,0,1,0,0,0,4,152.0,0,2023,1,0,0,7,15,0,0,0,1900.0
1,0,0,0,0,0,0,0,0,0,0,0,0,0,0,0,0,0,0,0,0,0,0,3,122.0,0,2022,1,0,0,15,15,0,0,0,1639.344262295082
0,1,0,0,0,0,0,0,0,0,0,0,0,0,1,0,0,0,1,0,0,0,0,3,130.0,1,2015,1,0,0,4,5,0,1,1,1115.3846153846155
0,0,0,0,0,0,1,0,0,0,0,0,1,0,0,0,0,0,0,0,0,1,0,3,62.0,0,1987,0,0,1,4,9,0,0,0,1588.7096774193549
0,1,0,0,0,0,0,0,0,0,0,0,0,0,0,0,0,0,1,0,0,0,0,3,94.0,0,2023,0,1,0,9,12,0,0,0,1117.0212765957447
0,0,0,0,0,0,1,0,0,0,0,0,1,0,0,0,0,0,0,0,0,1,0,1,34.0,0,1987,0,0,1,1,9,0,1,1,1467.6470588235295
0,1,0,0,0,0,0,0,0,0,0,0,1,0,0,0,0,0,1,0,0,0,0,3,77.0,0,2023,0,1,0,8,15,0,0,0,1883.1168831168832
0,1,0,0,0,0,0,0,0,0,0,0,0,0,0,0,0,0,1,0,0,0,0,3,83.0,0,2023,1,0,0,7,12,0,0,0,1400.0
0,0,0,0,0,0,0,0,0,1,0,0,1,0,0,0,0,0,1,0,0,0,0,3,71.0,0,1960,1,0,0,1,3,0,1,1,1549.2957746478874
0,1,0,0,0,0,0,0,0,0,0,0,1,0,0,0,0,0,1,0,0,0,0,3,87.0,0,2025,0,1,0,6,15,1,0,0,1000.0
0,0,1,0,0,0,0,0,0,0,0,0,0,0,0,0,0,0,0,0,0,0,0,2,52.0,0,1981,0,0,1,6,9,0,0,0,1500.0
0,0,0,0,1,0,0,0,0,0,0,0,1,0,0,0,0,0,0,0,1,0,0,2,43.0,0,1975,0,0,1,1,4,0,0,0,1790.6976744186047
0,1,0,0,0,0,0,0,0,0,0,1,0,0,0,0,0,0,0,1,0,0,0,2,72.24,0,2025,0,1,0,5,14,0,0,0,970.0027685492803
0,1,0,0,0,0,0,0,0,0,0,0,0,0,0,0,0,0,1,0,0,0,0,3,104.0,0,2023,1,0,0,4,7,1,1,0,1605.7692307692307
1,0,0,0,0,0,0,0,0,0,0,0,0,0,0,0,0,0,0,0,0,0,0,3,110.0,0,2022,1,0,0,2,8,0,0,0,1363.6363636363637
0,0,0,0,1,0,0,0,0,0,0,0,1,0,0,0,0,0,0,0,0,1,0,2,44.0,0,1970,0,0,1,4,4,0,1,0,1386.3636363636363
0,1,0,0,0,0,0,0,0,0,0,0,0,1,0,0,0,0,0,1,0,0,0,2,83.0,0,2025,0,1,0,9,22,0,0,0,1650.0
0,1,0,0,0,0,0,0,0,0,0,1,0,0,0,0,0,0,1,0,0,0,0,3,80.0,0,2022,0,1,0,10,16,0,0,0,2637.5
0,1,0,0,0,0,0,0,0,0,0,1,0,0,0,0,0,0,0,1,0,0,0,2,77.0,0,2024,0,1,0,11,12,0,0,0,1250.0
0,1,0,0,0,0,0,0,0,0,0,1,0,0,0,0,0,0,0,1,0,0,0,1,49.0,0,2025,0,1,0,10,12,1,0,0,850.0
0,1,0,0,0,0,0,0,0,0,0,0,1,0,0,0,0,0,1,0,0,0,0,1,44.0,0,2022,0,1,0,7,12,1,1,1,1886.3636363636363
0,0,0,0,1,0,0,0,0,0,0,0,1,0,0,0,0,0,0,0,1,0,0,3,58.0,0,1975,0,0,1,4,4,0,1,1,1551.7241379310344
0,1,0,0,0,0,0,0,0,0,0,0,1,0,0,0,0,0,0,0,1,0,0,1,48.0,0,2023,1,0,0,5,10,0,0,0,1454.1666666666667
0,1,0,0,0,0,0,0,0,0,0,1,0,0,0,0,0,0,0,1,0,0,0,2,54.0,0,2025,0,1,0,6,9,0,0,0,1166.6666666666667
1,0,0,0,0,0,0,0,0,0,0,0,0,0,0,0,0,0,0,0,1,0,0,1,120.0,1,2014,1,0,0,3,11,0,0,0,1000.0
0,1,0,0,0,0,0,0,0,0,0,0,0,1,0,0,0,0,1,0,0,0,0,1,30.0,0,2023,0,1,0,2,5,0,0,0,1566.6666666666667
0,1,0,0,0,0,0,0,0,0,0,1,0,0,0,0,0,0,0,1,0,0,0,3,109.0,0,2023,1,0,0,7,7,0,0,0,1155.9633027522937
0,1,0,0,0,0,0,0,0,0,0,0,0,0,0,0,0,0,0,0,0,0,1,2,92.0,0,2025,0,1,0,4,9,0,0,0,934.7826086956521
0,1,0,0,0,0,0,0,0,0,0,0,0,1,0,0,0,0,0,1,0,0,0,2,76.0,1,2025,1,0,0,8,17,0,0,0,921.0526315789474
0,0,0,0,0,0,1,0,0,0,0,0,1,0,0,0,0,0,1,0,0,0,0,1,38.0,0,1987,0,0,1,7,9,0,0,0,1671.0526315789473
0,1,0,0,0,0,0,0,0,0,0,1,0,0,0,0,0,0,0,1,0,0,0,3,96.0,0,2023,0,1,0,2,14,0,0,0,980.0
0,1,0,0,0,0,0,0,0,0,0,0,1,0,0,0,0,0,1,0,0,0,0,2,65.9,0,2016,1,0,0,6,10,0,1,0,1411.2291350531107
0,1,0,0,0,0,0,0,0,0,0,1,0,0,0,0,0,0,0,1,0,0,0,2,56.0,1,2025,0,1,0,5,8,0,0,1,1267.857142857143
0,1,0,0,0,0,0,0,0,0,0,0,1,0,0,0,0,0,0,1,0,0,0,4,171.0,0,2024,1,0,0,4,10,0,0,0,1150.0
0,1,0,0,0,0,0,0,0,0,0,1,0,0,0,0,0,0,0,1,0,0,0,1,52.0,0,2022,1,0,0,7,14,0,0,0,1336.5384615384614
0,1,0,0,0,0,0,0,0,0,0,0,0,0,0,0,0,0,0,0,1,0,0,2,58.0,0,2023,1,0,0,13,16,0,0,0,1379.3103448275863
0,1,0,0,0,0,0,0,0,0,0,0,1,0,0,0,0,0,0,0,1,0,0,2,67.0,1,2019,1,0,0,4,12,1,1,0,1537.313432835821
0,1,0,0,0,0,0,0,0,0,0,1,0,0,0,0,0,0,1,0,0,0,0,3,90.0,0,2024,0,1,0,11,16,1,0,0,1611.111111111111
0,1,0,0,0,0,0,0,0,0,0,0,1,0,0,0,0,0,0,0,1,0,0,1,42.0,0,2013,1,0,0,6,9,0,0,0,1761.904761904762
0,1,0,0,0,0,0,0,0,0,0,1,0,0,0,0,0,0,1,0,0,0,0,2,80.0,0,2021,0,1,0,3,12,0,0,0,1400.0
0,1,0,0,0,0,0,0,0,0,0,1,0,0,0,0,0,0,1,0,0,0,0,2,66.0,0,2023,0,1,0,10,10,0,1,0,1303.030303030303
0,1,0,0,0,0,0,0,0,0,0,1,0,0,0,0,0,0,0,1,0,0,0,4,138.0,0,2022,0,1,0,8,14,0,0,0,1200.0
0,0,0,0,0,0,1,0,0,0,0,0,1,0,0,0,0,0,0,0,1,0,0,2,48.0,1,1988,0,0,1,1,5,0,0,0,1427.0833333333333
0,1,0,0,0,0,0,0,0,0,0,0,1,0,0,0,0,0,1,0,0,0,0,2,48.0,0,2023,1,0,0,2,10,0,0,0,1593.75
0,1,0,0,0,0,0,0,0,0,0,0,1,0,0,0,0,0,1,0,0,0,0,1,40.0,0,2024,0,1,0,6,14,0,0,0,1837.5
0,1,0,0,0,0,0,0,0,0,0,0,1,0,0,0,0,0,0,0,0,1,0,3,113.0,1,2015,0,1,0,6,10,1,1,1,1584.070796460177
0,0,0,0,1,0,0,0,0,0,0,0,1,0,0,0,0,0,0,0,1,0,0,1,32.0,0,1975,0,0,1,4,4,0,0,0,1843.75
0,1,0,0,0,0,0,0,0,0,0,1,0,0,0,0,0,0,0,1,0,0,0,3,80.0,1,2025,0,1,0,4,12,0,0,0,1800.0
0,1,0,0,0,0,0,0,0,0,0,0,1,0,0,0,0,0,0,1,0,0,0,1,49.0,0,2025,0,1,0,11,14,0,0,0,1142.857142857143
0,0,0,0,1,0,0,0,0,0,0,0,1,0,0,0,0,0,1,0,0,0,0,3,60.0,1,1975,0,0,1,5,5,0,1,1,1450.0
0,1,0,0,0,0,0,0,0,0,0,0,1,0,0,0,0,0,1,0,0,0,0,4,217.0,0,2023,1,0,0,6,7,0,0,0,1497.6958525345622
0,1,0,0,0,0,0,0,0,0,0,0,0,1,0,0,0,0,1,0,0,0,0,1,39.0,0,2023,0,1,0,5,5,1,0,0,1512.820512820513
0,1,0,0,0,0,0,0,0,0,0,1,0,0,0,0,0,0,1,0,0,0,0,2,59.0,0,2024,0,1,0,5,12,0,0,0,2127.1186440677966
1,0,0,0,0,0,0,0,0,0,0,0,0,0,0,0,0,0,0,0,0,0,0,1,45.0,0,2019,1,0,0,2,10,0,0,0,1844.4444444444443
0,0,0,0,1,0,0,0,0,0,0,0,1,0,0,0,0,0,0,0,0,1,0,2,44.0,1,1975,0,0,1,4,4,1,1,1,1556.8181818181818
0,0,0,1,0,0,0,0,0,0,0,0,0,0,0,0,0,0,0,0,0,0,0,1,30.0,0,1960,1,0,0,2,4,0,0,0,1900.0
0,0,0,0,0,0,1,0,0,0,0,0,1,0,0,0,0,0,0,0,1,0,0,2,50.0,0,1970,0,0,1,1,5,0,0,0,1220.0
0,1,0,0,0,0,0,0,0,0,0,1,0,0,0,0,0,0,0,1,0,0,0,2,78.72,0,2022,0,1,0,11,12,0,0,0,1143.2926829268292
0,0,1,0,0,0,0,0,0,0,0,0,0,0,0,0,0,0,0,0,0,0,0,2,87.1,0,2019,0,0,1,2,9,0,0,0,1435.1320321469577
0,1,0,0,0,0,0,0,0,0,0,1,0,0,0,0,0,0,0,1,0,0,0,3,105.0,0,2025,0,1,0,14,14,0,0,0,1333.3333333333333
0,0,0,0,1,0,0,0,0,0,0,0,1,0,0,0,0,0,0,0,1,0,0,3,58.0,0,1975,0,0,1,1,5,1,1,1,1465.5172413793102
0,1,0,0,0,0,0,0,0,0,0,1,0,0,0,0,0,0,1,0,0,0,0,3,86.0,0,2023,0,1,0,13,14,0,1,1,1627.906976744186
0,1,0,0,0,0,0,0,0,0,0,0,1,0,0,0,0,0,1,0,0,0,0,2,54.0,0,2018,0,1,0,8,12,1,1,1,2314.814814814815
0,1,0,0,0,0,0,0,0,0,0,1,0,0,0,0,0,0,1,0,0,0,0,2,76.0,0,2022,0,1,0,12,12,0,0,0,1539.4605263157894
0,1,0,0,0,0,0,0,0,0,0,1,0,0,0,0,0,0,0,1,0,0,0,2,79.0,0,2025,0,1,0,13,15,1,0,0,1107.5949367088608
0,1,0,0,0,0,0,0,0,0,0,0,1,0,0,0,0,0,0,1,0,0,0,2,67.0,0,2023,0,1,0,11,13,1,0,0,1037.313432835821
1,0,0,0,0,0,0,0,0,0,0,0,0,0,0,0,0,0,0,0,1,0,0,2,68.0,0,2019,1,0,0,2,4,0,0,0,1258.1617647058824
0,1,0,0,0,0,0,0,0,0,0,0,1,0,0,0,0,0,1,0,0,0,0,5,243.0,0,2023,1,0,0,5,6,1,1,1,2386.8312757201647
0,1,0,0,0,0,0,0,0,0,0,0,1,0,0,0,0,0,1,0,0,0,0,3,89.0,0,2024,0,1,0,14,14,0,0,0,1404.4943820224719
0,1,0,0,0,0,0,0,0,0,0,1,0,0,0,0,0,0,0,1,0,0,0,2,79.0,0,2022,0,1,0,11,12,0,0,0,1126.5822784810127
1,0,0,0,0,0,0,0,0,0,0,0,0,0,0,0,0,0,0,0,0,0,0,2,77.0,0,2022,0,1,0,5,13,0,0,0,1896.1038961038962
0,1,0,0,0,0,0,0,0,0,0,0,0,1,0,0,0,0,0,1,0,0,0,2,74.29,1,2025,0,1,0,2,12,1,0,0,1150.0067303809394
1,0,0,0,0,0,0,0,0,0,0,0,0,0,0,0,0,0,0,0,0,0,0,2,50.0,0,2022,1,0,0,6,13,0,0,0,2100.0
0,1,0,0,0,0,0,0,0,0,0,0,1,0,0,0,0,0,0,1,0,0,0,1,53.0,0,2024,0,1,0,8,14,0,0,0,1013.2075471698113
0,1,0,0,0,0,0,0,0,0,0,0,1,0,0,0,0,0,1,0,0,0,0,2,80.0,0,2018,0,1,0,12,16,1,1,1,1625.0
0,1,0,0,0,0,0,0,0,0,0,0,1,0,0,0,0,0,0,1,0,0,0,3,96.0,0,2023,1,0,0,5,14,1,0,0,1677.0833333333333
0,1,0,0,0,0,0,0,0,0,0,1,0,0,0,0,0,0,0,1,0,0,0,2,94.0,0,2023,1,0,0,7,9,0,0,0,952.1276595744681
0,0,0,0,0,0,1,0,0,0,0,0,1,0,0,0,0,0,0,0,1,0,0,4,112.0,1,1987,0,0,1,5,9,0,0,1,1339.2857142857142
0,0,1,0,0,0,0,0,0,0,0,0,1,0,0,0,0,0,0,0,1,0,0,1,44.0,1,2011,0,0,1,0,9,0,1,0,1000.0
0,1,0,0,0,0,0,0,0,0,0,1,0,0,0,0,0,0,1,0,0,0,0,3,130.0,0,2022,0,1,0,8,14,1,0,0,1807.6923076923076
0,1,0,0,0,0,0,0,0,0,0,1,0,0,0,0,0,0,0,1,0,0,0,3,101.0,1,2025,0,1,0,6,9,1,0,1,1267.3267326732673
1,0,0,0,0,0,0,0,0,0,0,0,0,0,0,0,0,0,0,0,0,0,0,3,119.9,0,2009,1,0,0,5,5,0,0,0,1251.0425354462052
0,1,0,0,0,0,0,0,0,0,0,0,1,0,0,0,0,0,1,0,0,0,0,3,120.0,0,2018,0,1,0,10,10,0,0,0,1129.1666666666667
0,1,0,0,0,0,0,0,0,0,0,1,0,0,0,0,0,0,0,1,0,0,0,2,69.42,0,2022,0,1,0,6,14,0,0,0,1246.0386055891674
0,0,0,0,0,0,0,1,0,0,0,0,1,0,0,0,0,0,0,0,1,0,0,5,210.0,1,2008,1,0,0,6,7,0,0,0,1880.952380952381
1,0,0,0,0,0,0,0,0,0,0,0,0,1,0,0,0,0,0,0,0,1,0,1,36.0,0,2017,1,0,0,4,4,1,1,0,1402.7777777777778
0,0,0,0,1,0,0,0,0,0,0,0,0,0,0,0,0,0,0,0,1,0,0,3,59.0,0,1975,1,0,0,4,4,0,0,0,1271.1864406779662
0,0,1,0,0,0,0,0,0,0,0,1,0,0,0,0,0,0,0,1,0,0,0,1,45.0,0,2025,0,1,0,5,9,1,0,0,966.6666666666666
1,0,0,0,0,0,0,0,0,0,0,0,1,0,0,0,0,0,0,0,0,1,0,1,16.0,0,1970,1,0,0,1,4,0,1,0,1375.0
0,1,0,0,0,0,0,0,0,0,0,1,0,0,0,0,0,0,0,1,0,0,0,2,59.0,0,2022,0,1,0,12,14,0,0,0,1245.7627118644068
0,1,0,0,0,0,0,0,0,0,0,0,0,0,0,0,0,0,1,0,0,0,0,2,47.0,0,2022,0,1,0,9,16,0,0,0,1531.9148936170213
0,1,0,0,0,0,0,0,0,0,0,0,0,1,0,0,0,0,1,0,0,0,0,2,80.0,0,2023,0,0,1,9,14,0,0,0,2200.0
0,1,0,0,0,0,0,0,0,0,0,0,1,0,0,0,0,0,1,0,0,0,0,3,100.0,0,2019,0,1,0,2,10,0,0,0,1500.0
0,0,0,0,0,0,1,0,0,0,0,0,1,0,0,0,0,0,1,0,0,0,0,3,68.0,0,1987,0,0,1,3,5,0,1,1,1617.6470588235295
0,1,0,0,0,0,0,0,0,0,0,0,1,0,0,0,0,0,1,0,0,0,0,1,39.0,0,2023,0,1,0,5,5,0,0,0,1448.7179487179487
0,1,0,0,0,0,0,0,0,0,0,0,1,0,0,0,0,0,0,1,0,0,0,2,80.0,0,2020,0,1,0,3,14,0,0,0,1000.0
0,1,0,0,0,0,0,0,0,0,0,0,0,0,0,0,0,0,0,1,0,0,0,4,171.0,0,2022,0,1,0,3,14,0,0,0,2046.7836257309941
0,0,0,0,0,0,1,0,0,0,0,0,1,0,0,0,0,0,0,0,1,0,0,1,35.0,1,1987,0,0,1,7,9,0,0,1,1657.142857142857
0,1,0,0,0,0,0,0,0,0,0,1,0,0,0,0,0,0,0,1,0,0,0,2,88.0,1,2025,0,1,0,4,9,0,0,0,1022.7272727272727
0,1,0,0,0,0,0,0,0,0,0,1,0,0,0,0,0,0,1,0,0,0,0,1,45.4,0,2024,0,1,0,7,14,1,1,0,1718.0616740088105
0,1,0,0,0,0,0,0,0,0,0,0,1,0,0,0,0,0,1,0,0,0,0,2,85.0,0,2023,0,1,0,14,15,0,0,0,1588.2235294117647
1,0,0,0,0,0,0,0,0,0,0,0,1,0,0,0,0,0,1,0,0,0,0,2,56.0,0,2019,1,0,0,3,12,0,0,0,1392.857142857143
0,1,0,0,0,0,0,0,0,0,0,0,1,0,0,0,0,0,0,0,1,0,0,3,66.0,0,1983,1,0,0,4,7,0,0,0,1787.878787878788
1,0,0,0,0,0,0,0,0,0,0,0,0,0,0,0,0,0,0,0,0,0,0,2,80.8,0,1990,1,0,0,10,10,0,0,0,1243.8118811881188
0,1,0,0,0,0,0,0,0,0,0,1,0,0,0,0,0,0,0,1,0,0,0,2,66.0,0,2023,0,1,0,12,14,0,0,0,970.0
0,1,0,0,0,0,0,0,0,0,0,0,0,0,0,0,0,0,0,1,0,0,0,2,67.23,0,2023,1,0,0,2,16,0,0,0,1151.271753681392
1,0,0,0,0,0,0,0,0,0,0,0,0,0,0,0,0,0,0,0,0,0,0,3,64.0,0,2023,0,1,0,5,16,0,0,0,1687.5
0,1,0,0,0,0,0,0,0,0,0,0,0,1,0,0,0,0,0,1,0,0,0,2,100.0,0,2020,0,1,0,6,8,1,0,0,1550.0
0,1,0,0,0,0,0,0,0,0,0,1,0,0,0,0,0,0,0,1,0,0,0,3,100.0,0,2025,0,1,0,11,20,0,0,0,1285.0
0,0,0,0,0,0,1,0,0,0,0,0,1,0,0,0,0,0,1,0,0,0,0,3,78.0,0,1987,0,0,1,2,9,0,0,0,1410.2564102564102
0,1,0,0,0,0,0,0,0,0,0,1,0,0,0,0,0,0,1,0,0,0,0,3,125.0,0,2019,0,1,0,12,12,0,0,0,1824.0
0,1,0,0,0,0,0,0,0,0,0,1,0,0,0,0,0,0,1,0,0,0,0,4,112.0,1,2022,0,1,0,10,11,0,0,0,1723.2142857142858
0,1,0,0,0,0,0,0,0,0,0,0,0,1,0,0,0,0,0,1,0,0,0,3,77.6,0,2023,0,1,0,5,5,0,0,0,902.0618556701031
1,0,0,0,0,0,0,0,0,0,0,0,0,0,0,0,0,0,0,0,0,0,0,4,135.0,0,2019,0,1,0,9,10,0,0,0,1244.4444444444443
0,1,0,0,0,0,0,0,0,0,0,0,1,0,0,0,0,0,0,0,1,0,0,2,75.0,0,2023,1,0,0,1,12,0,0,1,1080.0
0,1,0,0,0,0,0,0,0,0,0,0,1,0,0,0,0,0,1,0,0,0,0,3,161.0,0,2007,1,0,0,5,13,0,1,1,1739.1304347826087
0,1,0,0,0,0,0,0,0,0,0,0,0,1,0,0,0,0,0,1,0,0,0,4,152.0,0,2024,1,0,0,9,15,1,0,0,1600.0
1,0,0,0,0,0,0,0,0,0,0,0,0,0,1,0,0,0,0,0,1,0,0,3,67.0,0,1989,1,0,0,2,2,0,1,1,1388.0597014925372
0,1,0,0,0,0,0,0,0,0,0,1,0,0,0,0,0,0,0,1,0,0,0,1,40.0,0,2024,1,0,0,9,14,0,0,0,1750.0
0,1,0,0,0,0,0,0,0,0,0,0,1,0,0,0,0,0,0,0,1,0,0,2,72.0,0,2023,1,0,0,10,14,0,1,0,1736.111111111111
0,1,0,0,0,0,0,0,0,0,0,0,1,0,0,0,0,0,1,0,0,0,0,2,57.0,0,2018,0,1,0,5,12,0,0,0,2280.7017543859647
0,0,1,0,0,0,0,0,0,0,0,0,0,0,0,0,0,0,0,0,0,0,0,3,70.0,0,1989,0,0,1,7,9,0,0,0,1714.2857142857142
0,1,0,0,0,0,0,0,0,0,0,0,1,0,0,0,0,0,1,0,0,0,0,3,108.0,0,2019,0,1,0,6,12,0,0,0,1574.0740740740741
0,0,0,0,0,0,1,0,0,0,0,0,1,0,0,0,0,0,0,0,1,0,0,2,50.0,0,1987,1,0,0,3,4,0,1,1,1590.0
0,1,0,0,0,0,0,0,0,0,0,1,0,0,0,0,0,0,1,0,0,0,0,2,47.0,0,2022,0,1,0,8,14,0,0,0,1782.9787234042553
0,1,0,0,0,0,0,0,0,0,0,1,0,0,0,0,0,0,0,1,0,0,0,1,40.0,0,2025,1,0,0,8,10,0,0,0,1312.5
0,0,0,0,0,1,0,0,0,0,0,1,0,0,0,0,0,0,1,0,0,0,0,1,27.0,1,2025,0,0,1,5,9,1,0,0,1500.0
0,1,0,0,0,0,0,0,0,0,0,0,0,0,0,0,0,0,0,0,1,0,0,2,97.0,0,2023,0,1,0,4,5,0,0,0,1082.4742268041236
0,0,0,0,0,0,0,0,0,1,0,0,1,0,0,0,0,0,0,0,1,0,0,3,60.0,1,1960,1,0,0,2,2,0,1,1,1166.6666666666667
0,1,0,0,0,0,0,0,0,0,0,0,1,0,0,0,0,0,0,1,0,0,0,2,69.0,1,2024,0,0,1,7,9,0,0,0,862.3188405797101
0,1,0,0,0,0,0,0,0,0,0,0,0,1,0,0,0,0,1,0,0,0,0,2,60.0,0,2022,1,0,0,6,13,1,0,0,1466.6666666666667
0,1,0,0,0,0,0,0,0,0,0,1,0,0,0,0,0,0,0,1,0,0,0,1,38.5,0,2022,0,1,0,5,15,0,0,0,1311.6883116883116
0,1,0,0,0,0,0,0,0,0,0,1,0,0,0,0,0,0,1,0,0,0,0,2,69.0,1,2023,0,1,0,7,9,0,0,0,1420.2898550724638
0,1,0,0,0,0,0,0,0,0,0,1,0,0,0,0,0,0,1,0,0,0,0,2,52.18,0,2023,0,1,0,5,14,0,0,0,1571.4833269451897
0,1,0,0,0,0,0,0,0,0,0,0,1,0,0,0,0,0,0,1,0,0,0,1,40.0,0,2023,0,1,0,13,13,1,0,0,1725.0
0,1,0,0,0,0,0,0,0,0,0,0,1,0,0,0,0,0,1,0,0,0,0,2,92.0,0,2023,0,1,0,6,10,0,1,0,1630.4347826086957
0,1,0,0,0,0,0,0,0,0,0,0,0,0,0,0,0,0,0,1,0,0,0,1,43.0,0,2023,0,1,0,13,14,0,0,0,976.7441860465116
0,1,0,0,0,0,0,0,0,0,0,0,1,0,0,0,0,0,0,1,0,0,0,1,43.0,0,2024,0,1,0,7,12,0,0,0,1488.3720930232557
1,0,0,0,0,0,0,0,0,0,0,0,0,0,1,0,0,0,1,0,0,0,0,2,39.0,0,2016,1,0,0,4,5,0,0,0,1317.948717948718
1,0,0,0,0,0,0,0,0,0,0,0,1,0,0,0,0,0,1,0,0,0,0,3,54.0,0,2019,1,0,0,3,4,0,1,1,1425.9259259259259
0,1,0,0,0,0,0,0,0,0,0,0,0,1,0,0,0,0,1,0,0,0,0,1,32.0,0,2017,0,1,0,3,12,0,0,0,1906.25
0,1,0,0,0,0,0,0,0,0,0,0,1,0,0,0,0,0,1,0,0,0,0,1,44.0,0,2023,0,1,0,1,9,0,0,0,1340.909090909091
1,0,0,0,0,0,0,0,0,0,0,0,0,0,0,0,0,0,0,0,0,0,0,3,84.0,0,2020,1,0,0,7,12,0,0,0,2321.4285714285716
0,1,0,0,0,0,0,0,0,0,0,0,1,0,0,0,0,0,0,0,1,0,0,3,110.0,0,2023,1,0,0,6,11,0,0,0,1727.2727272727273
0,1,0,0,0,0,0,0,0,0,0,0,1,0,0,0,0,0,0,0,1,0,0,2,103.0,0,2023,0,1,0,3,15,0,0,0,1359.2233009708739
0,1,0,0,0,0,0,0,0,0,0,0,1,0,0,0,0,0,0,1,0,0,0,3,88.0,1,2025,0,1,0,9,12,0,0,0,1390.0
0,0,0,0,1,0,0,0,0,0,0,0,1,0,0,0,0,0,1,0,0,0,0,3,58.0,0,1975,0,0,1,2,4,0,1,0,1663.7931034482758
0,1,0,0,0,0,0,0,0,0,0,1,0,0,0,0,0,0,0,1,0,0,0,2,68.0,0,2021,0,1,0,10,10,1,0,0,764.7058823529412
0,1,0,0,0,0,0,0,0,0,0,1,0,0,0,0,0,0,1,0,0,0,0,1,41.0,1,2025,0,1,0,14,14,1,0,0,1951.219512195122
0,0,0,0,0,0,1,0,0,0,0,0,0,0,0,0,0,0,0,0,0,0,0,1,34.0,0,1980,0,0,1,8,9,0,0,0,1617.6470588235295
0,1,0,0,0,0,0,0,0,0,0,0,1,0,0,0,0,0,1,0,0,0,0,2,68.0,0,2023,0,1,0,14,14,0,1,1,1705.8823529411766
0,1,0,0,0,0,0,0,0,0,0,0,1,0,0,0,0,0,1,0,0,0,0,3,95.44,0,2023,1,0,0,10,12,0,0,0,1372.5901089689858
0,0,0,0,1,0,0,0,0,0,0,0,1,0,0,0,0,0,0,0,1,0,0,2,47.0,1,1975,0,1,0,1,5,0,0,1,1489.3617021276596
1,0,0,0,0,0,0,0,0,0,0,0,0,0,0,0,0,0,0,0,0,0,0,2,73.41,0,2023,1,0,0,6,15,0,0,0,885.4379512328021
0,1,0,0,0,0,0,0,0,0,0,1,0,0,0,0,0,0,0,1,0,0,0,1,50.0,0,2022,1,0,0,7,13,0,0,0,1252.0
0,1,0,0,0,0,0,0,0,0,0,1,0,0,0,0,0,0,0,1,0,0,0,3,75.0,1,2025,0,1,0,2,9,1,0,0,1066.6666666666667
0,1,0,0,0,0,0,0,0,0,0,1,0,0,0,0,0,0,1,0,0,0,0,5,326.0,0,2022,0,1,0,9,11,0,0,0,1601.2269938650306
0,1,0,0,0,0,0,0,0,0,0,0,1,0,0,0,0,0,0,1,0,0,0,3,106.0,0,2021,0,1,0,7,12,0,0,0,1094.3396226415093
1,0,0,0,0,0,0,0,0,0,0,0,1,0,0,0,0,0,0,0,1,0,0,3,84.0,1,1997,1,0,0,4,5,0,0,1,1333.3333333333333
0,1,0,0,0,0,0,0,0,0,0,0,1,0,0,0,0,0,0,1,0,0,0,2,72.37,1,2025,0,1,0,3,12,0,0,0,1021.1413569158491
1,0,0,0,0,0,0,0,0,0,0,0,0,0,0,0,0,0,0,0,0,0,0,3,135.0,0,2011,1,0,0,8,9,0,0,0,1777.7777777777778
0,0,0,1,0,0,0,0,0,0,0,0,1,0,0,0,0,0,0,0,1,0,0,2,42.0,0,1967,1,0,0,3,4,0,1,1,1690.4761904761904
0,1,0,0,0,0,0,0,0,0,0,0,0,1,0,0,0,0,0,1,0,0,0,4,164.0,0,2020,0,1,0,7,13,1,1,0,2347.560975609756
0,1,0,0,0,0,0,0,0,0,0,0,1,0,0,0,0,0,1,0,0,0,0,3,141.0,0,2023,0,1,0,5,12,0,0,0,1602.836879432624
0,0,0,0,1,0,0,0,0,0,0,0,0,0,0,0,0,0,1,0,0,0,0,1,33.0,0,1975,0,0,1,1,4,0,0,0,1909.090909090909
0,1,0,0,0,0,0,0,0,0,0,1,0,0,0,0,0,0,1,0,0,0,0,1,41.0,0,2024,1,0,0,2,10,1,0,0,1451.219512195122
0,1,0,0,0,0,0,0,0,0,0,0,1,0,0,0,0,0,1,0,0,0,0,3,91.0,0,2016,0,1,0,6,10,0,0,0,1593.4065934065934
0,1,0,0,0,0,0,0,0,0,0,0,1,0,0,0,0,0,1,0,0,0,0,2,78.0,0,2014,0,1,0,2,10,0,0,0,1820.5128205128206
1,0,0,0,0,0,0,0,0,0,0,0,0,0,0,0,0,0,0,0,0,0,0,3,106.0,0,2018,1,0,0,5,9,0,0,0,1537.7358490566037
0,1,0,0,0,0,0,0,0,0,0,0,1,0,0,0,0,0,0,0,1,0,0,3,114.0,0,2016,0,1,0,10,12,1,1,1,1333.0263157894738
0,1,0,0,0,0,0,0,0,0,0,1,0,0,0,0,0,0,0,1,0,0,0,3,98.0,0,2023,0,1,0,8,16,0,0,0,1020.0
0,1,0,0,0,0,0,0,0,0,0,0,1,0,0,0,0,0,0,1,0,0,0,1,48.0,0,2023,1,0,0,5,12,0,0,0,1454.1666666666667
1,0,0,0,0,0,0,0,0,0,0,0,1,0,0,0,0,0,0,0,1,0,0,5,194.0,0,2019,1,0,0,4,4,1,1,0,1675.2577319587629
0,1,0,0,0,0,0,0,0,0,0,0,1,0,0,0,0,0,1,0,0,0,0,3,129.0,0,2023,0,1,0,4,9,1,1,0,1395.3488372093022
0,1,0,0,0,0,0,0,0,0,0,0,0,0,0,0,0,0,1,0,0,0,0,5,211.0,0,2023,1,0,0,4,4,0,0,0,2322.274881516588
0,1,0,0,0,0,0,0,0,0,0,0,1,0,0,0,0,0,0,1,0,0,0,3,94.0,0,2022,0,1,0,4,16,0,0,0,1117.0212765957447
0,1,0,0,0,0,0,0,0,0,0,1,0,0,0,0,0,0,1,0,0,0,0,1,57.0,0,2022,0,1,0,5,10,0,0,0,2000.0
1,0,0,0,0,0,0,0,0,0,0,0,1,0,0,0,0,0,0,0,0,1,0,1,29.0,0,2019,0,1,0,6,12,0,1,1,1793.103448275862
1,0,0,0,0,0,0,0,0,0,0,0,0,0,0,0,0,0,0,0,0,0,0,3,118.55,0,2022,0,1,0,3,12,0,0,0,1682.8342471531
0,0,0,0,1,0,0,0,0,0,0,0,1,0,0,0,0,0,0,0,1,0,0,2,42.0,1,1975,0,0,1,1,4,0,1,1,1738.095238095238
0,1,0,0,0,0,0,0,0,0,0,1,0,0,0,0,0,0,1,0,0,0,0,1,41.0,1,2025,0,1,0,9,14,1,0,0,1536.5853658536585
0,1,0,0,0,0,0,0,0,0,0,0,0,1,0,0,0,0,1,0,0,0,0,1,39.0,0,2023,0,1,0,1,5,0,0,0,1512.820512820513
0,1,0,0,0,0,0,0,0,0,0,0,0,0,0,0,0,0,0,1,0,0,0,1,47.0,0,2023,1,0,0,13,13,1,1,0,936.1702127659574
0,1,0,0,0,0,0,0,0,0,0,1,0,0,0,0,0,0,1,0,0,0,0,2,80.0,0,2022,0,1,0,5,14,0,0,0,2000.0
0,0,0,0,1,0,0,0,0,0,0,0,1,0,0,0,0,0,0,0,0,1,0,3,58.0,0,1975,0,0,1,1,4,0,1,0,1500.0
0,1,0,0,0,0,0,0,0,0,0,0,1,0,0,0,0,0,1,0,0,0,0,2,61.2,0,2023,0,1,0,10,15,0,0,0,1723.8562091503268
0,1,0,0,0,0,0,0,0,0,0,0,1,0,0,0,0,0,1,0,0,0,0,2,80.0,0,2010,1,0,0,1,10,1,1,0,1500.0
0,1,0,0,0,0,0,0,0,0,0,0,1,0,0,0,0,0,1,0,0,0,0,3,96.0,0,2023,1,0,0,10,12,1,0,0,1510.4166666666667
0,1,0,0,0,0,0,0,0,0,0,0,1,0,0,0,0,0,0,1,0,0,0,2,71.3,1,2025,1,0,0,9,12,0,1,0,1050.0
0,1,0,0,0,0,0,0,0,0,0,1,0,0,0,0,0,0,0,1,0,0,0,1,42.6,0,2023,0,1,0,5,10,1,0,0,1206.5727699530516
0,1,0,0,0,0,0,0,0,0,0,0,0,1,0,0,0,0,0,1,0,0,0,4,164.8,0,2025,0,1,0,3,22,1,0,0,1999.9999999999998
0,1,0,0,0,0,0,0,0,0,0,1,0,0,0,0,0,0,1,0,0,0,0,3,83.5,0,2021,0,0,1,6,9,0,1,0,1341.317365269461
0,1,0,0,0,0,0,0,0,0,0,1,0,0,0,0,0,0,1,0,0,0,0,2,71.0,0,2024,0,1,0,2,12,0,0,0,1450.7042253521126
0,1,0,0,0,0,0,0,0,0,0,1,0,0,0,0,0,0,1,0,0,0,0,3,68.0,0,2023,0,1,0,3,5,0,0,0,1852.9411764705883
0,1,0,0,0,0,0,0,0,0,0,0,0,0,0,0,0,0,0,1,0,0,0,2,63.0,0,2025,0,1,0,10,15,0,0,0,1412.6984126984128
0,1,0,0,0,0,0,0,0,0,0,1,0,0,0,0,0,0,1,0,0,0,0,1,42.0,0,2023,1,0,0,2,5,1,0,1,1392.857142857143
0,1,0,0,0,0,0,0,0,0,0,1,0,0,0,0,0,0,0,1,0,0,0,2,72.0,0,2023,0,1,0,4,10,0,0,0,1458.3333333333333
0,1,0,0,0,0,0,0,0,0,0,0,1,0,0,0,0,0,0,1,0,0,0,3,102.0,1,2023,0,1,0,12,12,0,0,0,1400.0
0,0,0,0,0,0,1,0,0,0,0,0,0,0,0,0,0,0,0,0,1,0,0,1,35.0,0,1987,0,0,1,7,9,0,1,0,1651.4285714285713
1,0,0,0,0,0,0,0,0,0,0,1,0,0,0,0,0,0,0,1,0,0,0,4,162.0,1,2023,1,0,0,4,7,0,1,0,1700.0
0,0,0,0,0,0,1,0,0,0,0,0,0,0,0,0,0,0,1,0,0,0,0,2,50.0,0,1987,0,0,1,4,5,0,0,0,1430.0
1,0,0,0,0,0,0,0,0,0,0,0,0,0,0,0,0,0,0,0,0,0,0,3,165.0,0,2019,0,1,0,6,14,0,0,0,1363.6363636363637
0,1,0,0,0,0,0,0,0,0,0,0,1,0,0,0,0,0,0,0,1,0,0,1,43.0,0,2022,0,1,0,10,10,0,0,0,1220.9302325581396
0,0,1,0,0,0,0,0,0,0,0,1,0,0,0,0,0,0,1,0,0,0,0,1,43.0,0,2023,0,1,0,6,9,0,0,0,1418.6046511627908
0,0,1,0,0,0,0,0,0,0,0,0,0,0,0,0,0,0,1,0,0,0,0,1,35.0,0,1992,1,0,0,9,9,0,0,0,1885.7142857142858
0,1,0,0,0,0,0,0,0,0,0,0,1,0,0,0,0,0,1,0,0,0,0,2,55.0,0,2023,1,0,0,10,12,0,0,0,1636.3636363636363
0,0,0,1,0,0,0,0,0,0,0,0,1,0,0,0,0,0,1,0,0,0,0,2,41.0,0,1967,1,0,0,2,4,0,0,0,1634.1463414634147
0,0,0,0,1,0,0,0,0,0,0,0,1,0,0,0,0,0,1,0,0,0,0,3,65.0,0,1985,0,0,1,1,4,0,1,1,1461.5384615384614
0,0,1,0,0,0,0,0,0,0,0,0,1,0,0,0,0,0,1,0,0,0,0,4,96.0,1,1993,0,0,1,6,9,1,1,1,1406.25
0,1,0,0,0,0,0,0,0,0,0,0,0,0,0,0,0,0,0,1,0,0,0,5,226.0,0,2025,0,1,0,11,13,0,0,0,1350.0
0,1,0,0,0,0,0,0,0,0,0,1,0,0,0,0,0,0,1,0,0,0,0,1,44.0,0,2021,0,1,0,11,14,0,0,0,1670.4545454545455
0,1,0,0,0,0,0,0,0,0,0,0,1,0,0,0,0,0,0,1,0,0,0,2,63.0,0,2024,0,1,0,9,10,0,0,0,1587.3015873015872
0,0,0,0,0,0,1,0,0,0,0,0,1,0,0,0,0,0,0,0,1,0,0,3,72.0,0,1985,0,0,1,1,5,0,0,0,1069.4444444444443
0,1,0,0,0,0,0,0,0,0,0,0,0,1,0,0,0,0,1,0,0,0,0,1,44.0,0,2023,1,0,0,2,7,0,1,1,1522.7272727272727
0,1,0,0,0,0,0,0,0,0,0,1,0,0,0,0,0,0,1,0,0,0,0,3,100.0,0,2022,0,1,0,7,16,0,0,0,1550.0
0,1,0,0,0,0,0,0,0,0,0,1,0,0,0,0,0,0,1,0,0,0,0,2,74.0,0,2022,0,1,0,7,14,1,0,0,1662.162162162162
0,0,1,0,0,0,0,0,0,0,0,0,1,0,0,0,0,0,0,1,0,0,0,3,86.0,1,2025,0,0,1,2,9,0,0,0,895.3488372093024
0,1,0,0,0,0,0,0,0,0,0,0,1,0,0,0,0,0,1,0,0,0,0,3,92.7,0,2022,0,1,0,15,16,0,0,0,1240.5609492988133
1,0,0,0,0,0,0,0,0,0,0,0,0,0,0,1,0,0,0,1,0,0,0,1,40.0,1,2024,1,0,0,1,2,1,0,1,750.0
0,1,0,0,0,0,0,0,0,0,0,1,0,0,0,0,0,0,0,1,0,0,0,3,74.0,0,2022,0,1,0,7,15,1,0,0,1168.918918918919
0,0,0,0,1,0,0,0,0,0,0,0,1,0,0,0,0,0,1,0,0,0,0,2,43.0,0,1975,0,0,1,5,5,0,1,1,1744.1860465116279
0,1,0,0,0,0,0,0,0,0,0,0,1,0,0,0,0,0,0,1,0,0,0,3,80.0,0,2023,1,0,0,7,9,0,0,0,1200.0
0,0,0,0,0,0,1,0,0,0,0,0,1,0,0,0,0,0,0,0,0,1,0,1,35.0,0,1987,0,0,1,5,9,0,0,0,1671.4285714285713
0,0,0,0,0,1,0,0,0,0,0,1,0,0,0,0,0,0,1,0,0,0,0,1,53.0,0,2025,0,0,1,5,10,0,0,0,1367.9245283018868
0,1,0,0,0,0,0,0,0,0,0,1,0,0,0,0,0,0,0,1,0,0,0,3,104.0,0,2024,0,1,0,12,15,0,0,0,1100.0
0,1,0,0,0,0,0,0,0,0,0,0,1,0,0,0,0,0,1,0,0,0,0,2,68.0,0,2017,0,1,0,5,10,0,1,1,1764.7058823529412
0,0,1,0,0,0,0,0,0,0,0,0,0,0,0,0,0,0,0,0,0,0,0,3,63.0,0,1988,0,0,1,8,9,0,0,0,1349.2063492063492
0,1,0,0,0,0,0,0,0,0,0,0,1,0,0,0,0,0,0,1,0,0,0,3,95.0,1,2023,1,0,0,8,12,1,0,0,1010.5263157894736
0,1,0,0,0,0,0,0,0,0,0,0,1,0,0,0,0,0,0,0,1,0,0,3,117.0,0,2023,0,1,0,10,10,0,0,0,1367.5213675213674
0,1,0,0,0,0,0,0,0,0,0,0,0,0,0,0,0,0,0,1,0,0,0,4,174.0,0,2025,0,1,0,13,18,0,0,0,1550.0
0,0,1,0,0,0,0,0,0,0,0,0,1,0,0,0,0,0,0,0,1,0,0,3,61.0,1,1992,0,0,1,9,9,0,0,0,1459.016393442623
0,0,1,0,0,0,0,0,0,0,0,0,0,0,0,0,0,0,0,0,1,0,0,3,82.0,0,2016,0,0,1,4,9,0,0,0,1341.4634146341464
1,0,0,0,0,0,0,0,0,0,0,0,1,0,0,0,0,0,0,0,1,0,0,1,34.0,0,1986,1,0,0,5,5,0,1,1,1676.4705882352941
0,1,0,0,0,0,0,0,0,0,0,0,1,0,0,0,0,0,0,0,1,0,0,2,60.0,0,2014,1,0,0,3,8,1,1,0,1633.3333333333333
0,1,0,0,0,0,0,0,0,0,0,0,0,0,0,0,0,0,0,1,0,0,0,2,92.0,1,2022,0,1,0,12,16,0,0,0,950.0
0,1,0,0,0,0,0,0,0,0,0,1,0,0,0,0,0,0,0,1,0,0,0,3,136.86,0,2024,0,1,0,15,16,1,0,0,1137.6589215256465
0,1,0,0,0,0,0,0,0,0,0,1,0,0,0,0,0,0,0,1,0,0,0,2,85.0,1,2024,0,1,0,8,16,0,0,0,1150.0
1,0,0,0,0,0,0,0,0,0,0,0,1,0,0,0,0,0,0,0,1,0,0,3,70.0,0,2019,0,1,0,8,9,0,1,1,1614.2857142857142
0,1,0,0,0,0,0,0,0,0,0,0,1,0,0,0,0,0,0,1,0,0,0,1,44.4,1,2022,0,1,0,10,14,0,0,0,1227.4774774774776
0,0,0,0,1,0,0,0,0,0,0,0,1,0,0,0,0,0,0,0,1,0,0,3,58.0,0,1980,0,0,1,1,5,0,0,0,1465.5172413793102
0,1,0,0,0,0,0,0,0,0,0,0,0,1,0,0,0,0,0,0,0,0,1,2,38.6,0,2023,0,1,0,5,9,0,0,0,1350.0
1,0,0,0,0,0,0,0,0,0,0,0,0,0,0,0,0,0,0,0,0,0,0,3,78.0,0,1952,1,0,0,2,3,0,0,0,1602.5641025641025
0,1,0,0,0,0,0,0,0,0,0,0,0,0,0,0,0,0,0,1,0,0,0,1,37.0,0,2022,0,1,0,14,14,0,0,0,1297.2972972972973
1,0,0,0,0,0,0,0,0,0,0,0,0,0,0,0,0,0,0,0,1,0,0,2,83.0,0,2021,0,0,1,4,9,1,1,0,1373.4939759036145
0,1,0,0,0,0,0,0,0,0,0,0,1,0,0,0,0,0,0,1,0,0,0,3,73.53,0,2024,0,1,0,9,14,0,0,0,1285.1897184822521
0,1,0,0,0,0,0,0,0,0,0,1,0,0,0,0,0,0,1,0,0,0,0,1,28.0,1,2025,0,1,0,5,9,0,0,0,1500.0
0,0,0,0,1,0,0,0,0,0,0,0,1,0,0,0,0,0,1,0,0,0,0,3,60.0,0,1975,1,0,0,1,4,1,1,1,1491.6666666666667
0,1,0,0,0,0,0,0,0,0,0,1,0,0,0,0,0,0,1,0,0,0,0,2,64.0,0,2021,0,1,0,7,10,0,1,0,1531.25
0,1,0,0,0,0,0,0,0,0,0,1,0,0,0,0,0,0,0,1,0,0,0,5,229.0,0,2024,0,1,0,15,15,0,0,0,2008.7336244541484
0,1,0,0,0,0,0,0,0,0,0,0,0,1,0,0,0,0,1,0,0,0,0,3,89.0,0,2022,0,1,0,6,9,0,1,0,1460.6741573033707
0,0,1,0,0,0,0,0,0,0,0,0,1,0,0,0,0,0,0,0,1,0,0,3,90.0,0,1992,0,0,1,5,9,0,1,0,1500.0
0,1,0,0,0,0,0,0,0,0,0,0,1,0,0,0,0,0,1,0,0,0,0,3,115.0,1,2020,0,1,0,9,9,0,0,0,1782.608695652174
0,0,1,0,0,0,0,0,0,0,0,0,0,0,1,0,0,0,0,0,1,0,0,2,68.0,1,2018,0,1,0,6,9,0,1,1,1176.4705882352941
0,1,0,0,0,0,0,0,0,0,0,1,0,0,0,0,0,0,0,1,0,0,0,3,95.0,1,2023,1,0,0,4,14,0,0,0,1250.0
1,0,0,0,0,0,0,0,0,0,0,0,1,0,0,0,0,0,0,0,1,0,0,4,107.0,1,2019,1,0,0,5,5,1,1,1,1728.9719626168223
1,0,0,0,0,0,0,0,0,0,0,1,0,0,0,0,0,0,1,0,0,0,0,3,84.0,0,2019,1,0,0,1,3,0,1,0,869.047619047619
0,1,0,0,0,0,0,0,0,0,0,0,0,0,0,0,0,0,0,1,0,0,0,3,123.6,0,2025,0,1,0,10,14,0,0,0,1500.0
0,1,0,0,0,0,0,0,0,0,0,1,0,0,0,0,0,0,1,0,0,0,0,1,37.0,0,2025,1,0,0,5,9,1,1,1,1020.0
0,1,0,0,0,0,0,0,0,0,0,0,1,0,0,0,0,0,1,0,0,0,0,2,89.0,0,2021,0,1,0,10,12,1,0,0,1482.0224719101125
0,1,0,0,0,0,0,0,0,0,0,0,1,0,0,0,0,0,0,1,0,0,0,2,48.0,0,2025,0,1,0,11,17,1,0,0,1135.4166666666667
0,1,0,0,0,0,0,0,0,0,0,0,1,0,0,0,0,0,0,1,0,0,0,2,65.0,0,2025,1,0,0,15,17,0,0,0,1500.0
0,0,1,0,0,0,0,0,0,0,0,1,0,0,0,0,0,0,0,1,0,0,0,3,82.64,0,2024,0,1,0,5,9,1,0,0,925.701839303001
0,0,1,0,0,0,0,0,0,0,0,0,1,0,0,0,0,0,0,0,1,0,0,3,69.0,0,1992,1,0,0,5,9,0,0,0,1521.7391304347825
0,1,0,0,0,0,0,0,0,0,0,0,0,0,0,0,0,0,1,0,0,0,0,1,50.0,0,2017,0,1,0,7,9,0,0,0,1530.0
0,1,0,0,0,0,0,0,0,0,0,0,0,1,0,0,0,0,0,1,0,0,0,1,49.7,1,2024,1,0,0,6,9,1,0,0,1300.0
1,0,0,0,0,0,0,0,0,0,0,0,1,0,0,0,0,0,0,0,0,1,0,2,52.0,1,2019,1,0,0,5,5,0,0,1,1346.1538461538462
0,1,0,0,0,0,0,0,0,0,0,1,0,0,0,0,0,0,1,0,0,0,0,2,59.0,0,2024,1,0,0,8,10,0,0,0,1745.7627118644068
0,1,0,0,0,0,0,0,0,0,0,1,0,0,0,0,0,0,0,0,0,0,1,1,42.7,1,2025,1,0,0,11,14,0,0,0,936.7681498829039
0,0,1,0,0,0,0,0,0,0,0,1,0,0,0,0,0,0,1,0,0,0,0,2,58.0,0,2020,0,1,0,3,9,1,1,1,1186.2068965517242
0,1,0,0,0,0,0,0,0,0,0,0,1,0,0,0,0,0,1,0,0,0,0,3,106.0,0,2017,1,0,0,8,10,1,1,0,1811.3207547169811
0,1,0,0,0,0,0,0,0,0,0,0,0,1,0,0,0,0,0,1,0,0,0,3,95.0,0,2022,0,1,0,10,16,0,0,0,1180.0
0,1,0,0,0,0,0,0,0,0,0,0,0,0,0,0,0,0,0,1,0,0,0,3,87.0,0,2026,0,0,1,6,15,1,0,0,900.0
0,1,0,0,0,0,0,0,0,0,0,0,0,1,0,0,0,0,0,1,0,0,0,4,130.9,0,2023,0,1,0,3,4,0,1,1,1650.0
0,0,1,0,0,0,0,0,0,0,0,1,0,0,0,0,0,0,0,0,1,0,0,1,44.0,0,2017,0,0,1,4,9,1,1,0,1409.090909090909
0,1,0,0,0,0,0,0,0,0,0,1,0,0,0,0,0,0,0,1,0,0,0,4,121.0,0,2023,0,1,0,6,12,0,0,0,760.3305785123966
0,1,0,0,0,0,0,0,0,0,0,0,1,0,0,0,0,0,1,0,0,0,0,1,46.0,0,2024,0,1,0,3,12,1,0,0,1608.695652173913
0,1,0,0,0,0,0,0,0,0,0,0,1,0,0,0,0,0,0,0,1,0,0,3,184.0,0,2011,1,0,0,4,11,1,1,1,1440.2173913043478
0,1,0,0,0,0,0,0,0,0,0,0,1,0,0,0,0,0,1,0,0,0,0,3,90.0,1,2011,0,1,0,4,9,0,1,0,1633.3333333333333
0,1,0,0,0,0,0,0,0,0,0,0,1,0,0,0,0,0,0,1,0,0,0,1,44.5,1,2023,0,1,0,6,14,1,0,1,1292.1348314606741
1,0,0,0,0,0,0,0,0,0,0,0,1,0,0,0,0,0,0,0,1,0,0,3,62.0,1,1965,1,0,0,4,4,0,0,1,1233.8709677419354
0,1,0,0,0,0,0,0,0,0,0,0,0,1,0,0,0,0,0,1,0,0,0,3,74.0,0,2025,0,1,0,5,16,0,0,0,1202.7027027027027
0,1,0,0,0,0,0,0,0,0,0,0,1,0,0,0,0,0,1,0,0,0,0,3,130.0,0,2023,1,0,0,6,9,0,0,0,1769.2307692307693
0,0,0,0,1,0,0,0,0,0,0,0,1,0,0,0,0,0,0,0,0,1,0,1,32.2,1,1975,0,0,1,5,5,0,0,1,1770.1863354037266
0,1,0,0,0,0,0,0,0,0,0,0,1,0,0,0,0,0,1,0,0,0,0,2,67.0,0,2022,0,1,0,13,16,0,0,0,1865.6716417910447
0,0,1,0,0,0,0,0,0,0,0,0,0,0,0,0,0,0,0,0,1,0,0,2,60.0,0,1997,0,0,1,8,9,0,1,1,1216.6666666666667
0,1,0,0,0,0,0,0,0,0,0,0,1,0,0,0,0,0,1,0,0,0,0,1,72.0,0,2023,1,0,0,15,16,0,0,1,1020.8333333333334
0,1,0,0,0,0,0,0,0,0,0,1,0,0,0,0,0,0,1,0,0,0,0,3,81.0,0,2022,0,1,0,5,9,0,0,0,1296.2962962962963
0,1,0,0,0,0,0,0,0,0,0,0,1,0,0,0,0,0,1,0,0,0,0,2,61.8,0,2023,0,1,0,4,12,0,0,0,2038.8349514563108
0,0,0,0,1,0,0,0,0,0,0,0,1,0,0,0,0,0,0,0,0,1,0,1,32.0,0,1975,0,0,1,1,4,0,1,0,1812.5
0,1,0,0,0,0,0,0,0,0,0,0,1,0,0,0,0,0,1,0,0,0,0,4,113.0,1,2017,1,0,0,5,5,0,0,0,1946.9026548672566
0,1,0,0,0,0,0,0,0,0,0,1,0,0,0,0,0,0,1,0,0,0,0,4,180.0,0,2020,0,1,0,11,14,0,0,0,1450.0
0,1,0,0,0,0,0,0,0,0,0,0,1,0,0,0,0,0,1,0,0,0,0,4,146.0,1,2023,0,1,0,14,16,1,0,0,1643.835616438356
0,1,0,0,0,0,0,0,0,0,0,1,0,0,0,0,0,0,0,1,0,0,0,1,44.0,1,2025,0,1,0,9,14,0,0,0,1227.25
0,1,0,0,0,0,0,0,0,0,0,0,1,0,0,0,0,0,1,0,0,0,0,2,63.0,0,2022,0,1,0,6,12,0,0,0,1698.4126984126983
0,1,0,0,0,0,0,0,0,0,0,0,1,0,0,0,0,0,0,0,1,0,0,3,90.0,0,2023,1,0,0,8,12,1,1,1,2022.2222222222222
0,1,0,0,0,0,0,0,0,0,0,1,0,0,0,0,0,0,0,1,0,0,0,3,74.0,0,2022,0,1,0,15,16,0,0,0,1216.2162162162163
0,1,0,0,0,0,0,0,0,0,0,0,0,1,0,0,0,0,1,0,0,0,0,4,227.0,0,2021,0,1,0,14,14,0,0,0,1916.2995594713657
0,1,0,0,0,0,0,0,0,0,0,1,0,0,0,0,0,0,0,1,0,0,0,2,77.0,0,2022,0,1,0,7,16,1,1,1,1428.5714285714287
0,1,0,0,0,0,0,0,0,0,0,0,0,0,0,0,0,0,1,0,0,0,0,3,116.0,0,2023,1,0,0,9,10,1,1,0,1551.7241379310344
1,0,0,0,0,0,0,0,0,0,0,0,1,0,0,0,0,0,0,0,0,1,0,2,48.0,0,2019,1,0,0,2,5,0,1,0,1489.5833333333333
0,0,0,1,0,0,0,0,0,0,0,0,0,0,0,0,0,0,0,0,0,1,0,2,42.0,0,1967,1,0,0,2,4,0,0,1,1547.6190476190477
0,1,0,0,0,0,0,0,0,0,0,0,0,0,0,0,0,0,0,1,0,0,0,1,47.64,0,2025,1,0,0,7,16,0,0,0,1000.0
0,0,1,0,0,0,0,0,0,0,0,0,1,0,0,0,0,0,0,0,1,0,0,4,102.0,0,2019,0,0,1,7,9,0,1,1,1372.549019607843
0,0,0,0,0,0,1,0,0,0,0,0,1,0,0,0,0,0,0,0,0,1,0,1,34.0,1,1987,0,0,1,6,9,0,1,1,1500.0
0,1,0,0,0,0,0,0,0,0,0,0,1,0,0,0,0,0,0,1,0,0,0,2,63.0,0,2024,0,1,0,12,14,1,0,0,1269.8412698412699
0,1,0,0,0,0,0,0,0,0,0,1,0,0,0,0,0,0,0,1,0,0,0,1,55.0,0,2025,0,1,0,11,13,0,0,0,1209.090909090909
0,1,0,0,0,0,0,0,0,0,0,0,1,0,0,0,0,0,0,1,0,0,0,1,54.6,0,2023,0,1,0,10,12,0,0,0,952.3809523809524
0,1,0,0,0,0,0,0,0,0,0,0,0,0,0,0,0,0,1,0,0,0,0,2,44.0,0,2023,0,1,0,13,14,0,0,0,1431.8181818181818
0,1,0,0,0,0,0,0,0,0,0,1,0,0,0,0,0,0,0,1,0,0,0,2,65.0,0,2023,0,1,0,3,10,1,0,0,1115.3846153846155
0,0,0,0,0,0,1,0,0,0,0,0,1,0,0,0,0,0,1,0,0,0,0,3,62.0,0,1987,0,0,1,3,5,0,0,0,1750.0
0,1,0,0,0,0,0,0,0,0,0,0,1,0,0,0,0,0,1,0,0,0,0,2,55.0,0,2024,1,0,0,9,9,0,1,1,1481.8181818181818
0,1,0,0,0,0,0,0,0,0,0,1,0,0,0,0,0,0,1,0,0,0,0,2,71.0,0,2020,0,1,0,9,9,1,1,0,1345.0704225352113
0,1,0,0,0,0,0,0,0,0,0,0,1,0,0,0,0,0,0,1,0,0,0,1,49.0,0,2025,0,1,0,14,17,0,0,0,1346.938775510204
1,0,0,0,0,0,0,0,0,0,0,0,0,0,0,0,0,0,0,0,0,0,0,3,75.0,0,2013,1,0,0,4,9,0,0,0,1666.6666666666667
0,1,0,0,0,0,0,0,0,0,0,0,1,0,0,0,0,0,1,0,0,0,0,4,150.0,0,2014,0,1,0,7,10,1,1,1,1733.3333333333333
0,1,0,0,0,0,0,0,0,0,0,1,0,0,0,0,0,0,0,1,0,0,0,3,92.0,0,2022,1,0,0,7,14,0,0,0,1076.0869565217392
0,1,0,0,0,0,0,0,0,0,0,1,0,0,0,0,0,0,1,0,0,0,0,2,58.0,0,2022,0,1,0,2,14,1,1,0,2224.137931034483
0,1,0,0,0,0,0,0,0,0,0,0,1,0,0,0,0,0,1,0,0,0,0,2,55.0,0,2020,0,1,0,3,10,0,1,0,1618.1818181818182
1,0,0,0,0,0,0,0,0,0,0,0,1,0,0,0,0,0,1,0,0,0,0,2,43.0,1,2022,1,0,0,12,12,0,0,0,1744.1860465116279
0,1,0,0,0,0,0,0,0,0,0,0,1,0,0,0,0,0,0,1,0,0,0,2,79.0,0,2020,0,1,0,3,12,0,0,0,1025.3164556962026
0,1,0,0,0,0,0,0,0,0,0,1,0,0,0,0,0,0,1,0,0,0,0,3,104.0,0,2022,0,1,0,5,16,0,0,0,2067.3076923076924
0,1,0,0,0,0,0,0,0,0,0,1,0,0,0,0,0,0,1,0,0,0,0,2,53.0,0,2022,0,1,0,7,14,0,0,0,1735.8490566037735
0,1,0,0,0,0,0,0,0,0,0,1,0,0,0,0,0,0,1,0,0,0,0,1,45.0,0,2021,0,1,0,10,10,0,0,0,2000.0
0,1,0,0,0,0,0,0,0,0,0,0,1,0,0,0,0,0,1,0,0,0,0,3,103.0,0,2025,0,1,0,7,16,1,0,0,1932.0388349514562
0,1,0,0,0,0,0,0,0,0,0,0,1,0,0,0,0,0,1,0,0,0,0,4,180.0,0,2023,1,0,0,6,7,0,1,0,1661.111111111111
1,0,0,0,0,0,0,0,0,0,0,0,0,0,0,0,0,0,0,0,0,0,0,2,80.0,0,2023,1,0,0,3,12,0,0,0,1400.0
0,1,0,0,0,0,0,0,0,0,0,1,0,0,0,0,0,0,1,0,0,0,0,2,63.29,0,2023,1,0,0,10,12,0,0,0,1611.6290093221678
0,0,0,0,0,0,1,0,0,0,0,0,1,0,0,0,0,0,1,0,0,0,0,1,35.0,0,1987,0,0,1,1,4,1,1,1,1714.2857142857142
0,0,0,0,0,0,0,0,0,0,1,1,0,0,0,0,0,0,1,0,0,0,0,3,78.0,1,2024,0,1,0,5,9,0,0,0,1205.128205128205
0,0,1,0,0,0,0,0,0,0,0,0,1,0,0,0,0,0,0,1,0,0,0,1,48.0,0,2025,0,1,0,7,9,0,0,0,1166.6666666666667
0,0,0,0,1,0,0,0,0,0,0,0,1,0,0,0,0,0,0,0,1,0,0,2,45.0,1,1975,0,0,1,3,4,0,1,1,1711.111111111111
0,1,0,0,0,0,0,0,0,0,0,1,0,0,0,0,0,0,0,1,0,0,0,2,55.0,0,2023,0,1,0,6,21,0,0,0,1236.3636363636363
0,0,0,0,0,0,1,0,0,0,0,0,0,0,0,0,0,0,0,0,1,0,0,3,62.0,0,1987,0,0,1,4,5,0,0,0,1596.774193548387
0,1,0,0,0,0,0,0,0,0,0,1,0,0,0,0,0,0,0,1,0,0,0,4,137.0,0,2022,0,1,0,10,12,1,0,0,1350.0
0,0,0,0,1,0,0,0,0,0,0,0,1,0,0,0,0,0,0,0,0,1,0,1,32.0,0,1980,0,0,1,4,4,0,1,1,1796.875
0,1,0,0,0,0,0,0,0,0,0,0,1,0,0,0,0,0,0,1,0,0,0,2,88.0,0,2023,0,1,0,4,12,0,0,0,1318.1818181818182
0,0,0,0,1,0,0,0,0,0,0,0,1,0,0,0,0,0,1,0,0,0,0,2,43.0,0,1975,0,0,1,4,4,0,0,0,1779.0697674418604
0,1,0,0,0,0,0,0,0,0,0,0,0,1,0,0,0,0,1,0,0,0,0,3,105.0,0,2016,0,1,0,8,15,0,0,1,2000.0
0,1,0,0,0,0,0,0,0,0,0,1,0,0,0,0,0,0,0,1,0,0,0,1,41.0,0,2023,0,1,0,12,14,1,0,0,1195.121951219512
0,1,0,0,0,0,0,0,0,0,0,0,1,0,0,0,0,0,0,1,0,0,0,2,65.0,0,2025,0,1,0,6,16,0,0,0,1450.7692307692307
0,0,1,0,0,0,0,0,0,0,0,0,1,0,0,0,0,0,0,0,1,0,0,1,40.0,0,1992,0,0,1,1,9,0,0,0,1662.5
0,1,0,0,0,0,0,0,0,0,0,0,1,0,0,0,0,0,1,0,0,0,0,2,78.0,0,2019,0,1,0,11,12,1,1,0,1602.5641025641025
0,1,0,0,0,0,0,0,0,0,0,0,1,0,0,0,0,0,1,0,0,0,0,2,77.0,0,2020,0,1,0,3,13,0,0,0,1883.1168831168832
0,0,0,0,0,0,1,0,0,0,0,0,1,0,0,0,0,0,0,1,0,0,0,2,68.8,0,2025,0,0,1,7,9,0,0,0,880.0872093023256
0,1,0,0,0,0,0,0,0,0,0,0,1,0,0,0,0,0,1,0,0,0,0,4,160.0,0,2023,1,0,0,9,10,0,1,1,2700.0
0,1,0,0,0,0,0,0,0,0,0,0,1,0,0,0,0,0,1,0,0,0,0,2,57.0,0,2020,0,1,0,6,8,1,1,1,1543.859649122807
1,0,0,0,0,0,0,0,0,0,0,0,0,0,0,0,0,0,0,0,0,0,0,3,132.0,0,2025,0,1,0,15,16,0,0,0,1212.121212121212
0,0,0,1,0,0,0,0,0,0,0,0,1,0,0,0,0,0,0,0,1,0,0,2,39.0,0,1969,1,0,0,2,4,0,1,1,1666.6666666666667
0,1,0,0,0,0,0,0,0,0,0,0,1,0,0,0,0,0,0,1,0,0,0,2,71.0,0,2025,1,0,0,2,15,0,0,0,1084.5070422535211
0,1,0,0,0,0,0,0,0,0,0,1,0,0,0,0,0,0,0,1,0,0,0,1,43.0,0,2023,0,1,0,6,12,1,0,0,1267.4418604651162
0,1,0,0,0,0,0,0,0,0,0,1,0,0,0,0,0,0,1,0,0,0,0,3,97.0,0,2024,0,1,0,12,16,0,0,0,1494.8453608247423
1,0,0,0,0,0,0,0,0,0,0,0,0,0,0,0,0,0,0,0,0,0,0,1,47.3,0,2021,1,0,0,5,14,0,0,0,2219.873150105708
0,1,0,0,0,0,0,0,0,0,0,0,0,0,0,0,0,0,0,1,0,0,0,2,84.0,0,2026,1,0,0,10,15,1,0,0,1250.0
0,1,0,0,0,0,0,0,0,0,0,1,0,0,0,0,0,0,1,0,0,0,0,2,78.0,1,2024,0,1,0,9,15,0,0,0,1525.6410256410256
0,1,0,0,0,0,0,0,0,0,0,1,0,0,0,0,0,0,0,1,0,0,0,2,64.0,0,2023,0,1,0,10,14,0,0,0,1218.75
0,1,0,0,0,0,0,0,0,0,0,0,1,0,0,0,0,0,1,0,0,0,0,3,100.0,0,2021,0,1,0,12,16,1,1,0,1590.0
0,1,0,0,0,0,0,0,0,0,0,0,1,0,0,0,0,0,1,0,0,0,0,3,119.6,1,2018,0,1,0,16,16,0,1,1,1254.180602006689
0,1,0,0,0,0,0,0,0,0,0,0,0,0,0,0,0,0,0,0,1,0,0,3,95.0,0,2023,1,0,0,9,9,0,0,0,963.1578947368421
0,1,0,0,0,0,0,0,0,0,0,1,0,0,0,0,0,0,0,1,0,0,0,1,53.7,1,2024,1,0,0,2,12,0,0,0,1070.7635009310986
0,1,0,0,0,0,0,0,0,0,0,0,1,0,0,0,0,0,1,0,0,0,0,2,71.0,0,2022,0,1,0,8,12,0,0,0,1690.1408450704225
1,0,0,0,0,0,0,0,0,0,0,1,0,0,0,0,0,0,1,0,0,0,0,2,70.0,0,2019,1,0,0,4,4,1,0,0,1571.4285714285713
0,1,0,0,0,0,0,0,0,0,0,1,0,0,0,0,0,0,0,0,0,0,1,3,84.0,0,2025,1,0,0,8,10,0,0,0,900.0
0,0,0,1,0,0,0,0,0,0,0,0,1,0,0,0,0,0,0,0,1,0,0,1,29.0,1,1967,1,0,0,3,3,0,0,0,1482.7586206896551
0,1,0,0,0,0,0,0,0,0,0,1,0,0,0,0,0,0,0,1,0,0,0,3,102.0,0,2022,0,1,0,12,14,0,0,0,745.0980392156863
0,1,0,0,0,0,0,0,0,0,0,0,1,0,0,0,0,0,1,0,0,0,0,3,138.0,0,2020,0,1,0,9,10,0,1,0,2000.0
0,1,0,0,0,0,0,0,0,0,0,1,0,0,0,0,0,0,0,1,0,0,0,2,69.0,0,2023,1,0,0,14,14,0,0,0,913.0434782608696
0,1,0,0,0,0,0,0,0,0,0,1,0,0,0,0,0,0,0,1,0,0,0,3,107.0,1,2024,0,1,0,12,13,0,0,0,1158.8785046728972
0,1,0,0,0,0,0,0,0,0,0,1,0,0,0,0,0,0,0,1,0,0,0,1,60.0,1,2025,0,1,0,11,14,1,0,0,1266.6666666666667
0,0,1,0,0,0,0,0,0,0,0,0,1,0,0,0,0,0,1,0,0,0,0,4,101.0,0,2019,0,0,1,2,9,0,0,0,1089.1089108910892
0,1,0,0,0,0,0,0,0,0,0,0,0,0,0,0,0,0,1,0,0,0,0,3,90.0,0,2023,0,1,0,12,12,0,0,0,1722.2222222222222
0,1,0,0,0,0,0,0,0,0,0,1,0,0,0,0,0,0,0,1,0,0,0,1,46.42,0,2023,0,1,0,6,14,0,0,0,1432.5721671693236
0,0,0,0,1,0,0,0,0,0,0,0,1,0,0,0,0,0,0,0,1,0,0,1,44.0,0,1975,0,0,1,1,4,0,0,0,1590.909090909091
0,1,0,0,0,0,0,0,0,0,0,1,0,0,0,0,0,0,0,1,0,0,0,2,97.0,0,2022,0,0,1,13,14,1,0,0,1634.020618556701
0,1,0,0,0,0,0,0,0,0,0,0,1,0,0,0,0,0,1,0,0,0,0,3,109.0,0,2023,0,1,0,9,12,0,0,0,1807.3394495412845
0,1,0,0,0,0,0,0,0,0,0,0,1,0,0,0,0,0,1,0,0,0,0,4,129.0,0,2018,0,1,0,5,12,1,1,0,2054.263565891473
0,1,0,0,0,0,0,0,0,0,0,0,0,0,0,0,0,0,0,0,1,0,0,1,46.0,0,2023,0,0,1,5,9,0,0,0,1521.7391304347825
0,1,0,0,0,0,0,0,0,0,0,0,0,0,1,0,0,0,1,0,0,0,0,1,35.0,0,2022,1,0,0,1,5,1,1,0,1385.7142857142858
0,0,0,0,0,1,0,0,0,0,0,1,0,0,0,0,0,0,0,1,0,0,0,2,74.0,1,2024,0,0,1,7,9,0,0,0,1000.0
0,1,0,0,0,0,0,0,0,0,0,0,0,0,1,0,0,0,1,0,0,0,0,1,52.0,0,2023,0,1,0,7,9,0,1,1,1730.7692307692307
1,0,0,0,0,0,0,0,0,0,0,0,0,0,0,0,0,0,0,0,0,0,0,4,78.11,0,2023,1,0,0,7,12,0,0,0,1888.3625656125976
0,1,0,0,0,0,0,0,0,0,0,1,0,0,0,0,0,0,0,1,0,0,0,1,39.0,0,2022,0,1,0,3,14,0,0,0,1358.974358974359
0,1,0,0,0,0,0,0,0,0,0,0,1,0,0,0,0,0,0,1,0,0,0,3,80.5,0,2023,0,1,0,7,10,0,0,0,993.7888198757764
0,0,1,0,0,0,0,0,0,0,0,0,1,0,0,0,0,0,0,0,1,0,0,3,64.0,0,1992,0,0,1,8,9,0,1,0,1546.875
1,0,0,0,0,0,0,0,0,0,0,0,0,0,0,0,0,0,0,0,0,0,0,3,91.0,0,2018,0,1,0,9,10,0,0,0,1780.2197802197802
0,1,0,0,0,0,0,0,0,0,0,1,0,0,0,0,0,0,0,1,0,0,0,2,93.0,0,2022,1,0,0,2,14,0,0,0,1060.0
1,0,0,0,0,0,0,0,0,0,0,1,0,0,0,0,0,0,1,0,0,0,0,1,39.8,1,2022,1,0,0,5,5,1,1,1,1281.4070351758794
0,1,0,0,0,0,0,0,0,0,0,1,0,0,0,0,0,0,0,1,0,0,0,1,44.0,0,2023,0,1,0,10,14,1,0,0,1215.909090909091
0,1,0,0,0,0,0,0,0,0,0,0,0,0,0,0,0,0,0,1,0,0,0,2,84.0,1,2025,0,1,0,4,18,0,0,0,1395.5
0,1,0,0,0,0,0,0,0,0,0,0,1,0,0,0,0,0,0,0,1,0,0,1,43.0,1,2023,0,1,0,4,14,0,1,0,1523.2558139534883
0,1,0,0,0,0,0,0,0,0,0,0,1,0,0,0,0,0,0,0,1,0,0,1,50.0,0,2023,0,1,0,10,10,0,0,0,1640.0
0,1,0,0,0,0,0,0,0,0,0,0,1,0,0,0,0,0,1,0,0,0,0,3,110.5,0,2023,1,0,0,4,10,0,0,0,1701.3574660633485
0,1,0,0,0,0,0,0,0,0,0,0,0,1,0,0,0,0,0,1,0,0,0,4,133.0,0,2025,0,1,0,5,9,1,0,0,1315.7894736842106
0,1,0,0,0,0,0,0,0,0,0,0,1,0,0,0,0,0,1,0,0,0,0,3,64.0,0,2022,0,1,0,5,16,0,0,0,1750.0
1,0,0,0,0,0,0,0,0,0,0,0,1,0,0,0,0,0,0,0,1,0,0,3,72.0,0,2019,0,1,0,7,18,0,0,0,1736.111111111111
0,1,0,0,0,0,0,0,0,0,0,0,0,0,1,0,0,0,0,1,0,0,0,4,125.61,1,2020,0,1,0,4,12,0,0,0,1512.6184221001513
0,0,0,0,0,0,1,0,0,0,0,0,1,0,0,0,0,0,0,0,1,0,0,3,65.0,0,1987,0,0,1,4,5,0,0,0,1276.923076923077
0,1,0,0,0,0,0,0,0,0,0,1,0,0,0,0,0,0,0,1,0,0,0,2,96.0,0,2020,1,0,0,8,11,1,1,0,1661.4583333333333
0,0,0,0,0,0,1,0,0,0,0,0,0,1,0,0,0,0,0,1,0,0,0,2,67.0,1,2025,0,0,1,3,5,0,0,0,1004.776119402985
0,0,0,1,0,0,0,0,0,0,0,0,1,0,0,0,0,0,0,0,1,0,0,2,42.0,0,1961,1,0,0,3,4,0,1,1,1500.0
0,1,0,0,0,0,0,0,0,0,0,1,0,0,0,0,0,0,1,0,0,0,0,3,109.0,0,2020,0,1,0,9,12,0,0,0,1642.2018348623853
0,0,1,0,0,0,0,0,0,0,0,0,1,0,0,0,0,0,0,0,1,0,0,1,45.0,0,1992,0,0,1,3,9,0,0,0,1466.6666666666667
0,1,0,0,0,0,0,0,0,0,0,0,1,0,0,0,0,0,1,0,0,0,0,2,76.0,0,2019,0,1,0,12,13,1,1,1,2302.6315789473683
0,1,0,0,0,0,0,0,0,0,0,0,1,0,0,0,0,0,1,0,0,0,0,1,49.0,0,2022,0,1,0,11,16,1,0,0,1510.204081632653
1,0,0,0,0,0,0,0,0,0,0,0,0,0,1,0,0,0,0,0,1,0,0,3,64.0,1,1985,1,0,0,2,2,1,1,1,968.75
0,1,0,0,0,0,0,0,0,0,0,1,0,0,0,0,0,0,1,0,0,0,0,2,64.0,0,2023,0,1,0,9,12,0,0,0,1625.0
0,1,0,0,0,0,0,0,0,0,0,1,0,0,0,0,0,0,0,1,0,0,0,2,77.0,0,2024,1,0,0,6,14,0,0,0,1311.6883116883116
0,1,0,0,0,0,0,0,0,0,0,1,0,0,0,0,0,0,0,1,0,0,0,1,53.0,1,2025,1,0,0,14,15,0,0,0,1490.566037735849
1,0,0,0,0,0,0,0,0,0,0,0,1,0,0,0,0,0,1,0,0,0,0,4,146.0,0,2019,1,0,0,7,8,0,1,0,1301.3698630136987
0,1,0,0,0,0,0,0,0,0,0,1,0,0,0,0,0,0,0,1,0,0,0,3,92.0,0,2025,0,1,0,2,9,0,0,0,1350.0
0,1,0,0,0,0,0,0,0,0,0,0,1,0,0,0,0,0,0,1,0,0,0,2,72.0,0,2022,0,1,0,9,12,0,0,0,1388.888888888889
0,1,0,0,0,0,0,0,0,0,0,1,0,0,0,0,0,0,1,0,0,0,0,3,120.0,0,2022,0,1,0,12,12,1,0,0,2375.0
0,0,0,0,1,0,0,0,0,0,0,0,1,0,0,0,0,0,0,0,1,0,0,3,65.0,0,1971,0,0,1,2,4,0,1,1,1353.8461538461538
0,1,0,0,0,0,0,0,0,0,0,0,0,1,0,0,0,0,0,1,0,0,0,3,133.0,1,2017,0,1,0,9,11,0,0,1,1650.0
0,1,0,0,0,0,0,0,0,0,0,0,0,1,0,0,0,0,1,0,0,0,0,1,53.0,0,2024,1,0,0,7,12,0,0,0,1750.0
0,1,0,0,0,0,0,0,0,0,0,0,0,0,0,0,0,0,0,1,0,0,0,1,42.0,1,2023,0,1,0,12,14,0,0,0,1309.5238095238096
0,1,0,0,0,0,0,0,0,0,0,0,1,0,0,0,0,0,0,1,0,0,0,3,128.0,0,2023,1,0,0,3,14,0,0,0,1132.8125
1,0,0,0,0,0,0,0,0,0,0,0,0,0,0,0,0,0,0,0,0,0,0,2,39.0,0,2021,1,0,0,1,2,0,0,0,1410.2564102564102
0,1,0,0,0,0,0,0,0,0,0,1,0,0,0,0,0,0,0,1,0,0,0,6,260.0,0,2023,1,0,0,1,3,0,0,0,1030.0
1,0,0,0,0,0,0,0,0,0,0,0,1,0,0,0,0,0,0,0,1,0,0,2,64.0,0,1989,1,0,0,11,12,0,1,1,1375.0
0,1,0,0,0,0,0,0,0,0,0,1,0,0,0,0,0,0,1,0,0,0,0,2,70.0,0,2023,1,0,0,11,12,0,0,0,1657.142857142857
0,1,0,0,0,0,0,0,0,0,0,0,0,0,0,0,0,0,1,0,0,0,0,2,67.0,1,2025,0,1,0,10,13,0,0,0,1238.8059701492537
0,1,0,0,0,0,0,0,0,0,0,0,0,0,0,0,0,0,1,0,0,0,0,2,46.0,0,2023,0,1,0,9,12,0,0,0,1978.2608695652175
1,0,0,0,0,0,0,0,0,0,0,0,1,0,0,0,0,0,1,0,0,0,0,1,37.0,0,2017,1,0,0,7,7,1,1,1,1189.1891891891892
0,0,0,0,0,0,1,0,0,0,0,0,1,0,0,0,0,0,0,0,1,0,0,1,34.0,0,1987,0,0,1,9,9,0,0,0,1676.4705882352941
0,1,0,0,0,0,0,0,0,0,0,0,0,1,0,0,0,0,0,1,0,0,0,4,137.0,1,2025,0,1,0,4,16,1,0,0,919.7080291970802
1,0,0,0,0,0,0,0,0,0,0,0,0,0,0,0,0,0,0,0,0,0,0,1,49.0,0,2022,1,0,0,10,13,0,0,0,1673.469387755102
1,0,0,0,0,0,0,0,0,0,0,0,0,0,0,0,0,0,0,0,0,0,0,5,201.7,0,2021,1,0,0,5,14,0,0,0,2969.7570649479426
0,0,0,1,0,0,0,0,0,0,0,0,0,0,0,0,0,0,0,0,0,0,0,2,42.0,0,1965,1,0,0,3,4,0,0,0,1750.0
0,1,0,0,0,0,0,0,0,0,0,0,1,0,0,0,0,0,1,0,0,0,0,3,300.0,0,2013,1,0,0,12,12,0,0,0,1500.0
0,1,0,0,0,0,0,0,0,0,0,1,0,0,0,0,0,0,0,1,0,0,0,5,241.0,0,2023,0,1,0,1,4,1,0,0,2200.0
0,1,0,0,0,0,0,0,0,0,0,0,1,0,0,0,0,0,0,1,0,0,0,3,111.0,0,2024,0,1,0,8,10,1,0,0,1441.4414414414414
0,1,0,0,0,0,0,0,0,0,0,0,1,0,0,0,0,0,0,1,0,0,0,2,64.0,0,2024,0,1,0,10,20,0,0,0,1296.875
0,0,0,0,1,0,0,0,0,0,0,0,1,0,0,0,0,0,0,0,1,0,0,3,58.0,0,1975,1,0,0,3,4,0,0,0,1586.2068965517242
0,1,0,0,0,0,0,0,0,0,0,0,1,0,0,0,0,0,0,0,1,0,0,2,80.0,0,2021,0,1,0,5,12,0,0,0,1141.375
0,1,0,0,0,0,0,0,0,0,0,0,0,0,0,0,0,0,0,1,0,0,0,1,40.0,1,2023,0,1,0,8,14,0,0,0,1275.0
0,1,0,0,0,0,0,0,0,0,0,0,1,0,0,0,0,0,1,0,0,0,0,2,56.0,0,2021,0,1,0,12,12,0,0,0,2000.0
0,1,0,0,0,0,0,0,0,0,0,1,0,0,0,0,0,0,1,0,0,0,0,2,41.0,1,2024,1,0,0,10,14,0,0,0,2073.170731707317
0,0,0,0,1,0,0,0,0,0,0,0,1,0,0,0,0,0,0,0,1,0,0,2,44.0,0,1975,1,0,0,1,4,0,0,0,1613.6363636363637
0,1,0,0,0,0,0,0,0,0,0,0,0,0,0,1,0,0,1,0,0,0,0,2,68.3,1,2023,1,0,0,7,12,0,0,0,1551.9765739385066
0,1,0,0,0,0,0,0,0,0,0,0,1,0,0,0,0,0,1,0,0,0,0,2,64.0,0,2023,1,0,0,3,9,0,0,0,1843.75
0,1,0,0,0,0,0,0,0,0,0,1,0,0,0,0,0,0,0,1,0,0,0,1,49.0,0,2020,0,1,0,8,12,0,0,0,1500.0
0,0,1,0,0,0,0,0,0,0,0,0,0,0,0,0,0,0,0,0,1,0,0,1,35.0,0,1992,0,0,1,4,9,0,0,0,1657.142857142857
1,0,0,0,0,0,0,0,0,0,0,0,0,0,0,0,0,0,0,0,0,0,0,2,68.0,0,2014,1,0,0,8,9,0,0,0,1985.2941176470588
0,1,0,0,0,0,0,0,0,0,0,1,0,0,0,0,0,0,0,1,0,0,0,3,108.0,0,2024,0,1,0,3,8,1,0,0,1555.5555555555557
0,1,0,0,0,0,0,0,0,0,0,1,0,0,0,0,0,0,0,1,0,0,0,2,85.0,0,2024,0,1,0,12,14,0,0,0,1138.8235294117646
0,1,0,0,0,0,0,0,0,0,0,0,1,0,0,0,0,0,1,0,0,0,0,1,40.0,1,2020,1,0,0,9,9,0,1,0,1325.0
0,1,0,0,0,0,0,0,0,0,0,1,0,0,0,0,0,0,0,1,0,0,0,3,91.0,0,2024,1,0,0,10,12,1,0,0,989.010989010989
0,1,0,0,0,0,0,0,0,0,0,1,0,0,0,0,0,0,1,0,0,0,0,3,45.0,0,2023,0,1,0,8,10,1,0,0,2644.4444444444443
0,0,0,0,1,0,0,0,0,0,0,0,1,0,0,0,0,0,0,0,1,0,0,1,32.0,0,1975,0,0,1,4,4,0,0,1,1937.5
0,1,0,0,0,0,0,0,0,0,0,0,0,1,0,0,0,0,0,1,0,0,0,3,103.42,0,2021,0,1,0,2,8,0,1,0,1508.4122993618255
0,0,1,0,0,0,0,0,0,0,0,0,0,1,0,0,0,0,1,0,0,0,0,1,45.0,0,2019,0,0,1,8,9,0,0,0,1444.4444444444443
0,0,0,0,0,0,1,0,0,0,0,0,0,0,0,0,0,0,0,0,0,0,0,2,50.0,0,1985,0,0,1,3,5,0,0,0,1760.0
0,1,0,0,0,0,0,0,0,0,0,0,0,0,0,0,0,0,1,0,0,0,0,2,56.0,0,2024,0,1,0,11,11,1,0,0,1517.857142857143
0,1,0,0,0,0,0,0,0,0,0,1,0,0,0,0,0,0,1,0,0,0,0,3,137.0,1,2022,1,0,0,2,14,0,0,0,1750.0
0,1,0,0,0,0,0,0,0,0,0,0,0,0,0,0,0,0,0,0,1,0,0,1,48.0,0,2023,1,0,0,2,9,0,0,0,937.5
0,0,0,0,1,0,0,0,0,0,0,0,1,0,0,0,0,0,0,0,1,0,0,3,58.0,0,1975,0,0,1,1,4,0,0,0,1396.551724137931
0,1,0,0,0,0,0,0,0,0,0,1,0,0,0,0,0,0,0,0,1,0,0,1,46.0,0,2023,0,1,0,4,12,0,0,0,1543.4782608695652
0,1,0,0,0,0,0,0,0,0,0,0,0,1,0,0,0,0,0,1,0,0,0,2,74.0,0,2024,0,1,0,8,12,0,0,0,1013.5135135135135
0,0,0,0,0,0,1,0,0,0,0,0,1,0,0,0,0,0,0,0,1,0,0,1,33.0,0,1987,1,0,0,5,5,0,1,0,1651.5151515151515
0,1,0,0,0,0,0,0,0,0,0,0,1,0,0,0,0,0,1,0,0,0,0,3,87.4,0,2017,0,1,0,11,13,1,1,1,1773.4553775743707
0,1,0,0,0,0,0,0,0,0,0,0,1,0,0,0,0,0,0,1,0,0,0,2,57.34,0,2025,0,1,0,2,10,0,0,0,1028.950122078828
0,1,0,0,0,0,0,0,0,0,0,0,0,0,0,0,0,0,0,1,0,0,0,1,55.0,0,2023,0,1,0,5,12,0,0,0,1345.4545454545455
0,1,0,0,0,0,0,0,0,0,0,1,0,0,0,0,0,0,0,1,0,0,0,3,93.0,1,2023,1,0,0,4,10,0,0,0,1005.3763440860215
0,1,0,0,0,0,0,0,0,0,0,0,1,0,0,0,0,0,1,0,0,0,0,2,48.0,0,2022,0,1,0,14,14,0,0,0,1760.4166666666667
0,1,0,0,0,0,0,0,0,0,0,0,0,1,0,0,0,0,0,1,0,0,0,1,62.0,1,2025,0,1,0,9,25,0,0,1,1350.0
0,1,0,0,0,0,0,0,0,0,0,1,0,0,0,0,0,0,0,1,0,0,0,2,70.0,0,2025,0,1,0,4,12,0,0,1,1214.2857142857142
0,1,0,0,0,0,0,0,0,0,0,0,1,0,0,0,0,0,1,0,0,0,0,6,600.0,0,2018,1,0,0,10,10,0,1,1,1216.6666666666667
0,0,1,0,0,0,0,0,0,0,0,0,1,0,0,0,0,0,1,0,0,0,0,2,57.0,1,1995,0,0,1,3,9,0,0,0,1543.859649122807
0,1,0,0,0,0,0,0,0,0,0,0,0,0,0,0,0,0,1,0,0,0,0,3,96.0,0,2023,0,1,0,7,16,1,0,1,1635.4166666666667
0,0,0,0,0,1,0,0,0,0,0,0,0,1,0,0,0,0,1,0,0,0,0,1,48.0,0,2022,0,1,0,4,9,0,0,0,1791.6666666666667
1,0,0,0,0,0,0,0,0,0,0,0,0,0,0,0,0,0,0,0,0,0,0,3,91.64,0,2025,1,0,0,2,12,0,0,0,794.2928852029681
0,1,0,0,0,0,0,0,0,0,0,0,1,0,0,0,0,0,0,1,0,0,0,3,88.14,0,2025,0,1,0,8,13,0,0,0,1157.2498298162016
0,1,0,0,0,0,0,0,0,0,0,0,1,0,0,0,0,0,0,1,0,0,0,3,88.0,0,2024,0,1,0,7,14,1,0,0,1005.6818181818181
0,1,0,0,0,0,0,0,0,0,0,1,0,0,0,0,0,0,0,1,0,0,0,2,74.0,0,2024,0,1,0,10,12,0,0,0,1222.972972972973
0,0,0,0,0,0,0,0,1,0,0,1,0,0,0,0,0,0,1,0,0,0,0,1,28.0,0,2024,1,0,0,9,9,1,0,0,1428.5714285714287
1,0,0,0,0,0,0,0,0,0,0,0,0,0,0,0,0,0,0,0,0,0,0,2,74.6,0,2024,1,0,0,11,12,0,0,0,1715.8176943699734
0,1,0,0,0,0,0,0,0,0,0,0,0,1,0,0,0,0,0,1,0,0,0,1,39.0,1,2024,1,0,0,5,5,0,0,0,1256.4102564102564
0,1,0,0,0,0,0,0,0,0,0,0,0,0,0,0,0,0,1,0,0,0,0,2,71.0,0,2023,1,0,0,9,12,0,0,0,1549.2957746478874
0,1,0,0,0,0,0,0,0,0,0,1,0,0,0,0,0,0,0,1,0,0,0,2,48.0,0,2025,0,0,1,0,8,0,0,0,1000.0
1,0,0,0,0,0,0,0,0,0,0,1,0,0,0,0,0,0,0,1,0,0,0,2,60.0,0,2025,0,1,0,3,5,0,0,1,750.0
1,0,0,0,0,0,0,0,0,0,0,1,0,0,0,0,0,0,1,0,0,0,0,2,40.0,1,2019,1,0,0,2,4,1,1,0,1375.0
0,1,0,0,0,0,0,0,0,0,0,1,0,0,0,0,0,0,1,0,0,0,0,1,48.0,1,2025,0,1,0,5,14,0,0,0,1791.6666666666667
0,1,0,0,0,0,0,0,0,0,0,0,1,0,0,0,0,0,0,1,0,0,0,1,50.0,0,2022,0,1,0,16,17,0,0,0,1090.0
0,1,0,0,0,0,0,0,0,0,0,0,1,0,0,0,0,0,1,0,0,0,0,4,220.0,0,2009,1,0,0,5,10,1,1,0,2090.909090909091
0,1,0,0,0,0,0,0,0,0,0,1,0,0,0,0,0,0,1,0,0,0,0,3,92.0,0,2022,0,1,0,2,12,0,0,0,1630.4347826086957
0,1,0,0,0,0,0,0,0,0,0,0,1,0,0,0,0,0,0,1,0,0,0,1,49.0,0,2025,1,0,0,2,14,0,0,0,1234.6938775510205
0,0,0,0,0,0,1,0,0,0,0,0,1,0,0,0,0,0,0,0,0,1,0,3,63.0,0,1987,0,0,1,4,5,0,0,0,1539.6825396825398
0,1,0,0,0,0,0,0,0,0,0,1,0,0,0,0,0,0,1,0,0,0,0,2,54.0,0,2024,0,1,0,10,14,1,0,0,1694.4444444444443
0,1,0,0,0,0,0,0,0,0,0,0,0,1,0,0,0,0,1,0,0,0,0,3,116.0,0,2021,0,1,0,6,12,0,0,0,1784.4827586206898
0,1,0,0,0,0,0,0,0,0,0,0,1,0,0,0,0,0,1,0,0,0,0,2,67.0,0,2023,0,1,0,9,13,0,0,0,1462.686567164179
0,0,0,0,0,0,1,0,0,0,0,0,0,0,0,0,0,0,0,0,0,1,0,1,38.0,0,1987,1,0,0,2,5,0,0,0,1605.2631578947369
0,1,0,0,0,0,0,0,0,0,0,1,0,0,0,0,0,0,1,0,0,0,0,2,75.0,0,2022,0,1,0,14,16,0,0,0,1733.3333333333333
0,1,0,0,0,0,0,0,0,0,0,1,0,0,0,0,0,0,1,0,0,0,0,2,67.0,0,2021,0,1,0,6,14,0,0,0,1731.3432835820895
1,0,0,0,0,0,0,0,0,0,0,0,1,0,0,0,0,0,0,0,1,0,0,3,83.0,1,1987,0,1,0,10,17,0,1,0,1240.9638554216867
0,1,0,0,0,0,0,0,0,0,0,1,0,0,0,0,0,0,1,0,0,0,0,3,63.0,0,2023,0,1,0,11,14,1,1,0,1531.7460317460318
0,1,0,0,0,0,0,0,0,0,0,0,0,1,0,0,0,0,1,0,0,0,0,2,43.0,0,2023,0,1,0,4,13,0,0,0,1802.3255813953488
0,1,0,0,0,0,0,0,0,0,0,0,1,0,0,0,0,0,0,1,0,0,0,3,135.0,0,2018,0,1,0,2,9,0,0,0,1437.037037037037
0,1,0,0,0,0,0,0,0,0,0,0,1,0,0,0,0,0,0,1,0,0,0,1,42.0,0,2024,0,1,0,12,14,1,0,0,1200.0
0,1,0,0,0,0,0,0,0,0,0,0,1,0,0,0,0,0,0,1,0,0,0,4,207.0,0,2024,1,0,0,17,17,0,0,0,1497.584541062802
0,1,0,0,0,0,0,0,0,0,0,1,0,0,0,0,0,0,0,0,0,0,1,3,99.0,0,2025,0,1,0,14,16,0,0,0,1050.5050505050506
0,1,0,0,0,0,0,0,0,0,0,0,1,0,0,0,0,0,0,1,0,0,0,3,63.0,0,2026,1,0,0,2,12,0,0,0,900.0
0,1,0,0,0,0,0,0,0,0,0,0,1,0,0,0,0,0,1,0,0,0,0,6,264.0,0,2023,0,1,0,6,9,0,0,1,1799.2424242424242
0,1,0,0,0,0,0,0,0,0,0,1,0,0,0,0,0,0,0,1,0,0,0,4,238.0,0,2025,1,0,0,1,5,1,0,0,1428.5714285714287
0,1,0,0,0,0,0,0,0,0,0,0,1,0,0,0,0,0,0,0,1,0,0,5,260.0,0,2023,1,0,0,8,9,0,0,0,1334.6153846153845
0,1,0,0,0,0,0,0,0,0,0,0,0,0,0,0,0,0,0,1,0,0,0,3,99.0,0,2025,0,1,0,4,20,0,0,0,1253.7878787878788
0,0,0,1,0,0,0,0,0,0,0,0,1,0,0,0,0,0,0,0,0,1,0,2,42.0,0,1967,1,0,0,1,4,0,1,1,1571.4285714285713
0,1,0,0,0,0,0,0,0,0,0,0,1,0,0,0,0,0,1,0,0,0,0,2,58.0,0,2021,1,0,0,6,9,0,0,0,1689.655172413793
1,0,0,0,0,0,0,0,0,0,0,0,1,0,0,0,0,0,0,0,1,0,0,3,80.0,0,2019,1,0,0,8,9,0,0,0,1312.5
1,0,0,0,0,0,0,0,0,0,0,0,0,0,0,0,0,0,0,0,0,0,0,1,53.0,0,2022,1,0,0,11,12,0,0,0,1415.0943396226414
0,1,0,0,0,0,0,0,0,0,0,1,0,0,0,0,0,0,1,0,0,0,0,1,37.0,0,2023,1,0,0,3,5,0,1,1,1486.4864864864865
0,0,1,0,0,0,0,0,0,0,0,0,1,0,0,0,0,0,0,0,1,0,0,3,68.0,0,2019,0,0,1,9,9,0,0,0,1558.8235294117646
1,0,0,0,0,0,0,0,0,0,0,0,0,0,0,0,0,0,0,0,0,0,0,3,86.0,0,2021,0,1,0,8,12,0,0,0,1220.9302325581396
0,1,0,0,0,0,0,0,0,0,0,0,0,1,0,0,0,0,1,0,0,0,0,1,39.0,0,2023,0,1,0,5,5,0,0,0,1487.179487179487
0,0,0,0,0,0,1,0,0,0,0,0,1,0,0,0,0,0,0,0,0,1,0,3,63.0,0,1987,0,0,1,9,9,0,1,1,1333.3333333333333
0,1,0,0,0,0,0,0,0,0,0,0,0,0,0,0,0,0,1,0,0,0,0,2,65.0,0,2021,0,1,0,10,14,0,0,0,2000.0
0,0,0,0,1,0,0,0,0,0,0,0,1,0,0,0,0,0,0,0,1,0,0,3,58.0,0,1980,0,0,1,5,5,0,0,0,1362.0689655172414
0,1,0,0,0,0,0,0,0,0,0,0,1,0,0,0,0,0,1,0,0,0,0,6,600.0,1,2017,0,1,0,10,12,0,1,1,1200.0
1,0,0,0,0,0,0,0,0,0,0,0,0,0,0,0,0,0,0,0,0,0,0,2,65.0,0,1990,1,0,0,6,16,0,0,0,1307.6923076923076
0,1,0,0,0,0,0,0,0,0,0,1,0,0,0,0,0,0,0,0,0,0,1,1,38.0,0,2025,0,1,0,5,15,1,0,0,1381.578947368421
1,0,0,0,0,0,0,0,0,0,0,0,0,0,0,0,0,0,0,0,0,0,0,3,101.0,0,2023,1,0,0,13,14,0,0,0,1584.1584158415842
0,1,0,0,0,0,0,0,0,0,0,1,0,0,0,0,0,0,1,0,0,0,0,2,52.0,0,2023,0,1,0,10,12,1,0,0,1450.0
0,1,0,0,0,0,0,0,0,0,0,1,0,0,0,0,0,0,0,1,0,0,0,2,70.0,0,2023,0,1,0,9,12,1,0,0,1185.7142857142858
0,1,0,0,0,0,0,0,0,0,0,0,1,0,0,0,0,0,1,0,0,0,0,1,44.0,0,2023,1,0,0,6,8,0,0,0,1179.5454545454545
0,1,0,0,0,0,0,0,0,0,0,0,1,0,0,0,0,0,0,1,0,0,0,2,81.0,0,2020,0,1,0,5,12,0,0,0,1395.0617283950617
0,1,0,0,0,0,0,0,0,0,0,1,0,0,0,0,0,0,1,0,0,0,0,2,83.0,1,2024,1,0,0,7,8,0,0,0,1566.2650602409637
0,0,0,0,0,0,1,0,0,0,0,0,1,0,0,0,0,0,0,0,1,0,0,3,70.0,0,1986,0,0,1,3,9,1,1,1,1364.2857142857142
0,1,0,0,0,0,0,0,0,0,0,0,1,0,0,0,0,0,1,0,0,0,0,3,63.0,0,2019,1,0,0,11,13,0,1,0,1373.015873015873
0,1,0,0,0,0,0,0,0,0,0,0,1,0,0,0,0,0,1,0,0,0,0,1,47.0,0,2023,1,0,0,5,10,0,0,0,1776.595744680851
0,1,0,0,0,0,0,0,0,0,0,1,0,0,0,0,0,0,0,1,0,0,0,2,70.0,0,2021,0,1,0,10,14,0,0,0,1642.857142857143
0,1,0,0,0,0,0,0,0,0,0,1,0,0,0,0,0,0,0,1,0,0,0,1,42.0,0,2023,0,1,0,12,14,1,0,0,1130.952380952381
0,1,0,0,0,0,0,0,0,0,0,1,0,0,0,0,0,0,0,1,0,0,0,3,110.0,0,2026,0,1,0,16,18,1,0,0,1157.7363636363636
1,0,0,0,0,0,0,0,0,0,0,0,1,0,0,0,0,0,0,0,1,0,0,2,53.0,0,2019,1,0,0,2,4,0,0,0,1566.0377358490566
0,1,0,0,0,0,0,0,0,0,0,0,1,0,0,0,0,0,0,1,0,0,0,3,103.0,0,2025,0,1,0,12,15,0,0,0,1184.4660194174758
1,0,0,0,0,0,0,0,0,0,0,0,0,0,0,0,0,0,0,0,0,0,0,2,54.0,0,2010,0,1,0,6,9,0,0,0,1462.962962962963
1,0,0,0,0,0,0,0,0,0,0,0,0,0,0,0,0,0,0,0,0,0,0,1,42.0,0,2013,0,1,0,2,9,0,0,0,2261.904761904762
0,1,0,0,0,0,0,0,0,0,0,0,0,1,0,0,0,0,0,1,0,0,0,3,179.0,0,2016,0,1,0,13,15,1,1,1,1750.0
0,0,1,0,0,0,0,0,0,0,0,0,1,0,0,0,0,0,1,0,0,0,0,1,38.0,0,2018,0,1,0,5,12,0,1,0,1578.9473684210527
0,1,0,0,0,0,0,0,0,0,0,1,0,0,0,0,0,0,0,1,0,0,0,2,67.0,0,2025,0,1,0,8,10,0,0,0,970.1492537313433
0,1,0,0,0,0,0,0,0,0,0,0,0,0,0,0,0,0,0,1,0,0,0,2,83.0,0,2023,1,0,0,8,16,0,0,0,1200.0
0,1,0,0,0,0,0,0,0,0,0,0,0,0,1,0,0,0,1,0,0,0,0,3,103.0,1,2023,1,0,0,10,10,0,1,1,1262.1359223300972
1,0,0,0,0,0,0,0,0,0,0,0,1,0,0,0,0,0,1,0,0,0,0,2,58.0,0,2024,1,0,0,7,9,1,1,0,1198.2758620689656
0,1,0,0,0,0,0,0,0,0,0,0,1,0,0,0,0,0,0,1,0,0,0,5,188.0,0,2019,0,1,0,12,14,1,1,0,1700.0
0,1,0,0,0,0,0,0,0,0,0,0,0,0,0,0,0,0,1,0,0,0,0,3,108.0,0,2023,1,0,0,9,12,0,0,0,1814.8148148148148
0,1,0,0,0,0,0,0,0,0,0,0,0,0,0,0,0,0,1,0,0,0,0,2,62.0,0,2023,0,1,0,11,14,0,0,0,1435.483870967742
0,0,0,0,1,0,0,0,0,0,0,0,1,0,0,0,0,0,0,0,0,1,0,1,32.0,0,1975,0,0,1,1,4,1,1,0,1812.46875
0,0,0,0,0,0,1,0,0,0,0,0,1,0,0,0,0,0,0,0,1,0,0,3,62.0,0,1987,0,0,1,9,9,0,0,0,1435.483870967742
0,1,0,0,0,0,0,0,0,0,0,0,0,0,0,0,0,0,0,1,0,0,0,5,291.0,1,2025,0,1,0,4,5,0,0,0,1958.7628865979382
1,0,0,0,0,0,0,0,0,0,0,0,0,0,1,0,0,0,0,0,1,0,0,1,40.0,0,2016,1,0,0,2,3,1,1,0,1425.0
0,0,0,0,1,0,0,0,0,0,0,0,1,0,0,0,0,0,0,0,1,0,0,1,32.1,1,1975,1,0,0,1,4,0,0,0,1588.7850467289718
0,0,0,0,1,0,0,0,0,0,0,0,1,0,0,0,0,0,0,0,1,0,0,2,43.0,0,1975,0,0,1,1,4,0,0,0,1709.3023255813953
0,1,0,0,0,0,0,0,0,0,0,0,1,0,0,0,0,0,1,0,0,0,0,1,43.75,0,2023,0,1,0,4,13,0,0,0,1680.0
0,1,0,0,0,0,0,0,0,0,0,0,0,0,1,0,0,0,1,0,0,0,0,3,81.0,1,2024,1,0,0,5,10,0,0,0,1543.20987654321
0,1,0,0,0,0,0,0,0,0,0,0,1,0,0,0,0,0,0,1,0,0,0,1,42.0,0,2021,0,1,0,8,12,0,1,0,1285.7142857142858
0,1,0,0,0,0,0,0,0,0,0,1,0,0,0,0,0,0,1,0,0,0,0,3,88.0,0,2024,0,1,0,7,9,0,0,0,1556.8181818181818
0,1,0,0,0,0,0,0,0,0,0,0,0,1,0,0,0,0,0,1,0,0,0,2,69.0,1,2023,0,1,0,5,14,1,0,0,1195.6521739130435
0,1,0,0,0,0,0,0,0,0,0,1,0,0,0,0,0,0,1,0,0,0,0,2,80.0,0,2024,1,0,0,5,14,1,0,0,1725.0
1,0,0,0,0,0,0,0,0,0,0,0,0,0,0,0,0,0,0,0,0,0,0,2,55.0,0,2020,1,0,0,3,10,0,0,0,1709.090909090909
0,0,0,1,0,0,0,0,0,0,0,0,1,0,0,0,0,0,1,0,0,0,0,1,29.0,0,1967,1,0,0,1,3,1,1,1,1965.5172413793102
1,0,0,0,0,0,0,0,0,0,0,0,1,0,0,0,0,0,0,0,0,1,0,2,60.0,0,2019,1,0,0,5,6,0,1,0,1416.6666666666667
0,0,0,0,1,0,0,0,0,0,0,0,1,0,0,0,0,0,0,0,0,1,0,3,58.0,0,1996,0,0,1,2,4,0,1,1,1500.0
1,0,0,0,0,0,0,0,0,0,0,0,0,0,0,0,0,0,0,0,0,0,0,1,36.0,0,2025,0,1,0,3,9,0,0,0,1791.6666666666667
0,1,0,0,0,0,0,0,0,0,0,0,1,0,0,0,0,0,1,0,0,0,0,2,82.0,1,2018,1,0,0,5,12,0,1,1,2100.0
0,1,0,0,0,0,0,0,0,0,0,0,1,0,0,0,0,0,0,1,0,0,0,2,71.0,0,2022,0,1,0,7,14,0,0,0,1126.7605633802816
0,1,0,0,0,0,0,0,0,0,0,0,0,0,1,0,0,0,0,0,1,0,0,1,27.0,0,2022,0,1,0,3,4,1,1,0,1777.7777777777778
0,1,0,0,0,0,0,0,0,0,0,0,0,0,0,1,0,0,0,1,0,0,0,3,76.0,0,2025,1,0,0,6,12,0,0,0,1200.0
1,0,0,0,0,0,0,0,0,0,0,0,1,0,0,0,0,0,1,0,0,0,0,2,58.0,0,1990,1,0,0,6,7,0,1,1,1775.8620689655172
0,1,0,0,0,0,0,0,0,0,0,1,0,0,0,0,0,0,0,1,0,0,0,2,60.85,0,2022,0,1,0,2,12,0,0,0,1000.0
0,1,0,0,0,0,0,0,0,0,0,0,1,0,0,0,0,0,1,0,0,0,0,3,100.0,0,2020,0,1,0,10,14,1,0,0,1790.0
0,1,0,0,0,0,0,0,0,0,0,1,0,0,0,0,0,0,1,0,0,0,0,2,46.0,0,2024,1,0,0,2,14,0,0,0,1630.4347826086957
0,0,0,0,0,1,0,0,0,0,0,0,0,1,0,0,0,0,1,0,0,0,0,1,53.0,0,2025,0,0,1,7,10,0,0,0,1235.8490566037735
0,1,0,0,0,0,0,0,0,0,0,0,1,0,0,0,0,0,0,0,1,0,0,1,40.0,0,2017,0,1,0,1,10,0,1,1,1612.5
1,0,0,0,0,0,0,0,0,0,0,0,0,0,1,0,0,0,0,0,1,0,0,3,100.0,0,2005,1,0,0,1,2,1,1,0,1100.0
1,0,0,0,0,0,0,0,0,0,0,0,0,0,0,0,0,0,0,0,0,0,0,2,53.6,0,2017,1,0,0,9,9,0,0,0,1166.044776119403
0,1,0,0,0,0,0,0,0,0,0,1,0,0,0,0,0,0,0,1,0,0,0,2,76.2,0,2024,0,1,0,5,12,0,0,0,1246.719160104987
0,1,0,0,0,0,0,0,0,0,0,0,1,0,0,0,0,0,1,0,0,0,0,2,60.0,1,2023,0,1,0,13,13,1,1,1,1566.6666666666667
0,0,0,0,0,0,1,0,0,0,0,0,0,0,0,0,0,0,0,0,0,0,0,1,30.0,0,1990,0,0,1,5,5,0,0,0,1866.6666666666667
0,1,0,0,0,0,0,0,0,0,0,1,0,0,0,0,0,0,0,1,0,0,0,3,105.0,0,2024,0,1,0,7,12,1,0,0,1200.0
1,0,0,0,0,0,0,0,0,0,0,0,1,0,0,0,0,0,1,0,0,0,0,3,85.0,0,2024,0,1,0,6,12,0,0,0,1470.5882352941176
0,0,0,1,0,0,0,0,0,0,0,0,0,0,0,0,0,0,0,0,0,0,0,1,30.0,0,1971,0,1,0,4,4,0,0,0,2166.6666666666665
0,1,0,0,0,0,0,0,0,0,0,0,1,0,0,0,0,0,1,0,0,0,0,4,165.0,0,2016,0,1,0,5,11,1,1,1,1812.121212121212
0,1,0,0,0,0,0,0,0,0,0,0,1,0,0,0,0,0,1,0,0,0,0,1,52.0,1,2022,0,1,0,15,16,1,0,1,1634.6153846153845
0,1,0,0,0,0,0,0,0,0,0,0,1,0,0,0,0,0,1,0,0,0,0,3,97.3,0,2021,0,1,0,10,10,0,0,0,2106.8859198355603
0,1,0,0,0,0,0,0,0,0,0,1,0,0,0,0,0,0,0,1,0,0,0,2,76.0,1,2025,0,1,0,11,17,0,0,0,920.0
0,1,0,0,0,0,0,0,0,0,0,0,0,0,0,0,0,0,0,1,0,0,0,3,114.0,0,2025,0,1,0,2,18,0,0,0,1649.122807017544
0,1,0,0,0,0,0,0,0,0,0,0,1,0,0,0,0,0,1,0,0,0,0,3,85.0,1,2018,0,1,0,1,12,0,0,0,1494.1176470588234
0,1,0,0,0,0,0,0,0,0,0,0,0,0,0,0,0,0,1,0,0,0,0,1,44.0,1,2024,1,0,0,7,12,0,0,0,1590.909090909091
0,1,0,0,0,0,0,0,0,0,0,1,0,0,0,0,0,0,0,1,0,0,0,4,138.0,0,2022,0,1,0,10,14,0,0,0,1300.0
0,1,0,0,0,0,0,0,0,0,0,0,0,1,0,0,0,0,0,1,0,0,0,1,42.0,0,2023,0,1,0,8,10,0,0,0,1321.4285714285713
0,1,0,0,0,0,0,0,0,0,0,0,1,0,0,0,0,0,1,0,0,0,0,1,49.0,0,2024,0,1,0,2,12,0,0,0,1489.795918367347
0,0,1,0,0,0,0,0,0,0,0,0,1,0,0,0,0,0,1,0,0,0,0,1,40.0,0,2024,0,0,1,9,9,0,1,0,1587.5
0,1,0,0,0,0,0,0,0,0,0,0,0,0,0,0,0,0,1,0,0,0,0,3,72.0,0,2023,0,1,0,0,9,0,0,0,791.6666666666666
0,0,0,0,0,0,1,0,0,0,0,0,1,0,0,0,0,0,0,0,1,0,0,3,63.0,1,1987,0,0,1,3,9,0,1,1,1746.031746031746
0,0,1,0,0,0,0,0,0,0,0,0,1,0,0,0,0,0,1,0,0,0,0,2,55.0,0,1992,0,0,1,9,9,0,1,1,1363.6363636363637
1,0,0,0,0,0,0,0,0,0,0,0,0,0,0,0,0,0,0,0,0,0,0,3,99.5,0,2020,0,1,0,13,16,0,0,0,1296.4824120603016
0,1,0,0,0,0,0,0,0,0,0,1,0,0,0,0,0,0,0,1,0,0,0,1,41.0,0,2023,1,0,0,12,14,0,0,0,1341.4634146341464
1,0,0,0,0,0,0,0,0,0,0,0,0,0,0,0,0,0,0,0,0,0,0,3,82.0,0,2024,1,0,0,4,12,0,0,0,1768.2926829268292
1,0,0,0,0,0,0,0,0,0,0,0,0,0,0,0,0,0,0,0,0,0,0,2,56.0,0,1972,1,0,0,2,5,0,0,0,1803.5714285714287
0,1,0,0,0,0,0,0,0,0,0,0,1,0,0,0,0,0,1,0,0,0,0,3,77.0,0,2020,0,1,0,3,12,0,0,0,1883.1168831168832
1,0,0,0,0,0,0,0,0,0,0,0,0,0,0,0,0,0,0,0,0,0,0,2,46.0,0,1966,1,0,0,5,5,0,0,0,1586.9565217391305
0,1,0,0,0,0,0,0,0,0,0,1,0,0,0,0,0,0,0,1,0,0,0,2,69.0,0,2023,1,0,0,7,14,0,0,0,1057.9710144927535
0,1,0,0,0,0,0,0,0,0,0,0,1,0,0,0,0,0,1,0,0,0,0,4,230.0,0,2017,1,0,0,3,8,0,1,0,1956.5217391304348
0,1,0,0,0,0,0,0,0,0,0,1,0,0,0,0,0,0,0,1,0,0,0,2,82.77,0,2022,0,1,0,12,14,1,0,0,1350.0060408360519
0,0,0,0,1,0,0,0,0,0,0,0,1,0,0,0,0,0,0,0,1,0,0,3,58.0,0,1975,0,0,1,1,4,0,0,0,1431.0344827586207
1,0,0,0,0,0,0,0,0,0,0,0,1,0,0,0,0,0,1,0,0,0,0,1,28.0,0,2019,1,0,0,2,8,0,1,1,1839.2857142857142
0,0,0,0,0,0,0,0,1,0,0,0,1,0,0,0,0,0,0,0,1,0,0,1,18.0,1,1990,1,0,0,4,5,1,1,1,1777.7777777777778
0,1,0,0,0,0,0,0,0,0,0,1,0,0,0,0,0,0,0,0,1,0,0,1,32.0,0,2022,1,0,0,5,9,0,1,1,1781.25
0,1,0,0,0,0,0,0,0,0,0,0,1,0,0,0,0,0,0,0,1,0,0,3,117.0,1,2015,0,1,0,9,10,0,0,0,1511.965811965812
0,1,0,0,0,0,0,0,0,0,0,0,0,1,0,0,0,0,1,0,0,0,0,2,69.0,0,2024,0,1,0,12,14,0,0,0,2014.4927536231885
0,0,0,0,0,0,1,0,0,0,0,0,1,0,0,0,0,0,1,0,0,0,0,1,34.0,0,1987,0,0,1,7,9,0,1,0,1911.764705882353
0,1,0,0,0,0,0,0,0,0,0,0,1,0,0,0,0,0,1,0,0,0,0,2,68.0,0,2021,0,1,0,10,13,1,1,0,1514.6911764705883
0,0,0,1,0,0,0,0,0,0,0,0,1,0,0,0,0,0,0,0,1,0,0,3,54.0,0,1967,1,0,0,4,4,0,1,0,1370.3703703703704
0,1,0,0,0,0,0,0,0,0,0,1,0,0,0,0,0,0,0,0,0,0,1,2,68.91,0,2026,1,0,0,8,14,1,0,0,1201.5672616456247
0,1,0,0,0,0,0,0,0,0,0,1,0,0,0,0,0,0,0,1,0,0,0,2,69.42,0,2022,0,1,0,6,12,0,0,0,1246.0386055891674
0,1,0,0,0,0,0,0,0,0,0,0,1,0,0,0,0,0,0,1,0,0,0,2,82.0,0,2025,0,1,0,9,12,1,0,0,1243.9024390243903
0,1,0,0,0,0,0,0,0,0,0,0,1,0,0,0,0,0,1,0,0,0,0,2,76.0,0,2021,0,1,0,10,10,1,1,0,2276.315789473684
0,1,0,0,0,0,0,0,0,0,0,1,0,0,0,0,0,0,0,1,0,0,0,2,87.3,0,2022,0,0,1,11,14,1,0,1,1489.1179839633448
1,0,0,0,0,0,0,0,0,0,0,0,0,0,0,0,0,0,0,0,0,0,0,3,124.0,0,2021,1,0,0,5,12,0,0,0,1306.4516129032259
0,1,0,0,0,0,0,0,0,0,0,0,1,0,0,0,0,0,0,1,0,0,0,2,75.0,1,2025,0,1,0,8,9,0,0,0,1100.0
0,1,0,0,0,0,0,0,0,0,0,0,0,0,0,0,0,0,0,1,0,0,0,1,37.0,0,2022,0,1,0,3,13,0,0,0,1432.4324324324325
0,1,0,0,0,0,0,0,0,0,0,1,0,0,0,0,0,0,0,0,1,0,0,2,64.0,0,2023,1,0,0,10,12,0,0,0,1968.75
0,1,0,0,0,0,0,0,0,0,0,0,1,0,0,0,0,0,0,1,0,0,0,3,127.0,0,2024,0,1,0,8,10,0,0,0,1550.0
0,1,0,0,0,0,0,0,0,0,0,1,0,0,0,0,0,0,0,1,0,0,0,1,64.0,0,2019,0,1,0,6,9,1,1,0,1437.5
0,1,0,0,0,0,0,0,0,0,0,0,1,0,0,0,0,0,1,0,0,0,0,2,58.0,0,2023,0,1,0,14,16,0,0,0,1465.5172413793102
0,1,0,0,0,0,0,0,0,0,0,0,1,0,0,0,0,0,0,1,0,0,0,3,116.0,1,2023,1,0,0,9,16,0,0,0,1189.655172413793
0,0,0,1,0,0,0,0,0,0,0,0,1,0,0,0,0,0,0,0,1,0,0,3,54.0,0,1967,1,0,0,4,4,0,0,0,1370.3703703703704
1,0,0,0,0,0,0,0,0,0,0,0,0,0,0,0,0,0,0,0,0,0,0,4,146.0,0,2020,0,1,0,12,12,0,0,0,1541.0958904109589
0,0,1,0,0,0,0,0,0,0,0,0,0,0,1,0,0,0,1,0,0,0,0,1,18.0,0,2016,0,0,1,9,9,0,1,1,1416.6666666666667
0,0,0,0,0,0,1,0,0,0,0,0,1,0,0,0,0,0,0,0,1,0,0,1,36.0,0,1990,0,0,1,2,9,0,1,0,1569.4444444444443
0,0,0,1,0,0,0,0,0,0,0,0,0,0,0,0,0,0,0,0,0,0,0,1,28.0,0,1969,1,0,0,1,4,0,0,0,1803.5714285714287
0,0,0,0,0,1,0,0,0,0,0,0,0,0,0,0,0,0,1,0,0,0,0,2,77.0,0,2023,0,0,1,6,9,0,0,0,1240.2597402597403
0,0,0,1,0,0,0,0,0,0,0,0,1,0,0,0,0,0,0,0,1,0,0,2,44.0,0,1967,1,0,0,3,4,0,0,0,1409.090909090909
0,1,0,0,0,0,0,0,0,0,0,0,1,0,0,0,0,0,0,1,0,0,0,2,57.0,0,2024,0,1,0,12,13,0,0,0,1070.1754385964912
0,0,0,0,0,0,1,0,0,0,0,0,0,0,0,0,0,0,0,0,0,0,0,2,50.0,0,1990,0,0,1,8,9,0,0,0,1710.0
0,1,0,0,0,0,0,0,0,0,0,1,0,0,0,0,0,0,1,0,0,0,0,3,96.6,0,2024,0,1,0,4,16,0,0,0,1915.1138716356108
0,1,0,0,0,0,0,0,0,0,0,1,0,0,0,0,0,0,0,1,0,0,0,1,43.0,0,2023,0,1,0,6,12,1,0,0,1255.8139534883721
0,1,0,0,0,0,0,0,0,0,0,0,0,0,0,0,0,0,0,0,0,0,1,1,54.0,0,2025,0,0,1,8,9,0,0,0,962.9629629629629
0,1,0,0,0,0,0,0,0,0,0,0,1,0,0,0,0,0,0,1,0,0,0,1,50.0,0,2025,1,0,0,11,19,1,0,0,1350.0
0,1,0,0,0,0,0,0,0,0,0,1,0,0,0,0,0,0,0,1,0,0,0,2,48.0,0,2023,0,1,0,12,14,0,0,0,1079.1666666666667
0,1,0,0,0,0,0,0,0,0,0,0,0,1,0,0,0,0,1,0,0,0,0,1,46.0,0,2023,1,0,0,9,12,1,0,0,1706.5217391304348
1,0,0,0,0,0,0,0,0,0,0,0,0,0,0,0,0,0,0,0,0,0,0,1,26.7,0,1958,1,0,0,2,4,0,0,0,955.056179775281
1,0,0,0,0,0,0,0,0,0,0,1,0,0,0,0,0,0,1,0,0,0,0,3,108.0,0,2019,1,0,0,3,10,0,0,0,1620.3703703703704
0,0,0,0,0,1,0,0,0,0,0,0,0,1,0,0,0,0,0,1,0,0,0,3,87.66,1,2025,0,0,1,3,5,1,0,0,1002.7378507871322
0,0,0,0,0,0,1,0,0,0,0,0,1,0,0,0,0,0,0,0,1,0,0,2,60.0,0,1987,1,0,0,2,9,0,0,0,1366.6666666666667
0,0,0,0,0,0,1,0,0,0,0,0,0,0,0,0,0,0,0,0,0,0,0,3,62.0,0,1990,0,0,1,2,5,0,0,0,1653.225806451613
0,1,0,0,0,0,0,0,0,0,0,1,0,0,0,0,0,0,0,1,0,0,0,2,60.0,0,2026,1,0,0,8,8,1,0,0,850.0
0,1,0,0,0,0,0,0,0,0,0,1,0,0,0,0,0,0,1,0,0,0,0,2,52.0,1,2023,0,1,0,8,14,0,0,0,1326.923076923077
1,0,0,0,0,0,0,0,0,0,0,1,0,0,0,0,0,0,0,1,0,0,0,1,47.0,0,2024,1,0,0,2,5,0,0,0,1021.2765957446809
0,1,0,0,0,0,0,0,0,0,0,0,1,0,0,0,0,0,0,1,0,0,0,2,70.0,1,2023,0,1,0,11,12,0,0,0,1071.4285714285713
0,0,1,0,0,0,0,0,0,0,0,0,1,0,0,0,0,0,0,0,1,0,0,2,54.0,0,1992,0,0,1,5,9,0,0,0,1444.4444444444443
0,0,0,0,0,0,1,0,0,0,0,0,1,0,0,0,0,0,1,0,0,0,0,1,36.0,0,1987,0,0,1,1,9,0,1,1,1861.111111111111
0,1,0,0,0,0,0,0,0,0,0,0,0,1,0,0,0,0,1,0,0,0,0,2,87.0,0,2021,0,1,0,4,12,0,0,0,1517.2413793103449
1,0,0,0,0,0,0,0,0,0,0,0,1,0,0,0,0,0,0,0,1,0,0,3,72.8,1,1989,0,1,0,9,12,0,0,0,1071.4285714285716
0,1,0,0,0,0,0,0,0,0,0,0,0,0,0,0,0,0,1,0,0,0,0,4,153.0,0,2023,1,0,0,7,8,1,1,1,1732.0261437908496
0,1,0,0,0,0,0,0,0,0,0,0,1,0,0,0,0,0,0,0,1,0,0,1,36.0,0,2023,1,0,0,8,9,0,0,0,1861.111111111111
0,1,0,0,0,0,0,0,0,0,0,0,1,0,0,0,0,0,0,1,0,0,0,3,92.2,0,2025,1,0,0,5,12,0,0,0,1250.0
0,1,0,0,0,0,0,0,0,0,0,1,0,0,0,0,0,0,0,1,0,0,0,2,80.0,0,2021,0,1,0,12,12,0,0,0,1156.25
0,1,0,0,0,0,0,0,0,0,0,0,1,0,0,0,0,0,0,1,0,0,0,4,127.0,0,2023,1,0,0,13,16,0,0,0,1062.992125984252
0,1,0,0,0,0,0,0,0,0,0,0,1,0,0,0,0,0,0,1,0,0,0,2,62.0,0,2024,0,1,0,6,12,1,0,0,1350.0
0,1,0,0,0,0,0,0,0,0,0,0,1,0,0,0,0,0,0,1,0,0,0,3,142.0,0,2023,0,1,0,6,13,0,0,0,964.7887323943662
0,1,0,0,0,0,0,0,0,0,0,0,1,0,0,0,0,0,1,0,0,0,0,2,74.0,0,2022,0,1,0,10,16,1,0,0,1750.0
0,1,0,0,0,0,0,0,0,0,0,0,1,0,0,0,0,0,0,1,0,0,0,3,74.0,0,2023,0,1,0,2,14,0,0,0,1158.1081081081081
0,0,1,0,0,0,0,0,0,0,0,0,0,0,0,0,0,0,0,1,0,0,0,2,67.0,0,2024,0,1,0,8,9,0,0,0,1074.6268656716418
0,1,0,0,0,0,0,0,0,0,0,1,0,0,0,0,0,0,0,1,0,0,0,3,103.0,0,2022,0,1,0,2,14,0,0,0,1572.8155339805826
0,1,0,0,0,0,0,0,0,0,0,0,1,0,0,0,0,0,0,1,0,0,0,1,52.0,0,2023,1,0,0,7,12,0,0,0,1100.0
0,0,0,0,0,0,1,0,0,0,0,0,1,0,0,0,0,0,0,0,0,1,0,1,36.0,0,1987,0,0,1,9,9,0,0,0,1444.4444444444443
0,0,0,1,0,0,0,0,0,0,0,0,1,0,0,0,0,0,0,0,1,0,0,3,70.0,1,1967,1,0,0,4,5,0,0,0,1000.0
0,1,0,0,0,0,0,0,0,0,0,0,1,0,0,0,0,0,0,0,0,1,0,2,81.0,0,2023,1,0,0,3,10,1,1,1,1462.962962962963
0,1,0,0,0,0,0,0,0,0,0,0,0,1,0,0,0,0,1,0,0,0,0,2,75.0,1,2024,1,0,0,13,16,1,0,0,1640.0
0,1,0,0,0,0,0,0,0,0,0,1,0,0,0,0,0,0,0,1,0,0,0,1,52.0,1,2023,1,0,0,7,16,0,0,1,1250.0
0,0,0,0,0,0,1,0,0,0,0,0,1,0,0,0,0,0,0,0,0,1,0,3,81.0,0,1985,0,0,1,8,9,0,1,0,1259.2592592592594
1,0,0,0,0,0,0,0,0,0,0,0,0,0,0,0,0,0,0,0,0,0,0,1,34.0,0,1990,0,0,1,2,2,0,0,0,1176.4705882352941
0,1,0,0,0,0,0,0,0,0,0,0,1,0,0,0,0,0,0,1,0,0,0,1,48.0,1,2023,0,1,0,16,17,0,0,0,1100.0
0,1,0,0,0,0,0,0,0,0,0,0,0,0,0,0,0,0,1,0,0,0,0,1,47.0,0,2023,1,0,0,3,10,1,1,1,1659.5744680851064
1,0,0,0,0,0,0,0,0,0,0,0,0,1,0,0,0,0,0,1,0,0,0,1,61.08,1,2025,0,1,0,16,18,1,1,1,1219.7118533071382
0,1,0,0,0,0,0,0,0,0,0,0,1,0,0,0,0,0,0,1,0,0,0,3,71.79,0,2024,0,1,0,3,5,1,0,0,780.0529321632539
0,1,0,0,0,0,0,0,0,0,0,1,0,0,0,0,0,0,0,1,0,0,0,5,225.0,0,2023,0,1,0,14,14,0,1,1,1450.0
0,1,0,0,0,0,0,0,0,0,0,0,1,0,0,0,0,0,0,1,0,0,0,3,81.0,0,2024,0,1,0,13,14,1,0,0,875.0
0,1,0,0,0,0,0,0,0,0,0,1,0,0,0,0,0,0,0,1,0,0,0,2,58.63,0,2022,0,1,0,11,16,0,0,0,1236.5683097390413
0,1,0,0,0,0,0,0,0,0,0,0,1,0,0,0,0,0,1,0,0,0,0,2,78.0,0,2018,1,0,0,2,10,0,1,0,1200.0
1,0,0,0,0,0,0,0,0,0,0,0,0,0,0,0,0,0,0,0,0,0,0,1,41.0,0,2024,0,1,0,12,16,0,0,0,1500.0
0,1,0,0,0,0,0,0,0,0,0,0,1,0,0,0,0,0,0,1,0,0,0,2,52.0,0,2023,0,1,0,12,12,1,0,0,1201.923076923077
1,0,0,0,0,0,0,0,0,0,0,0,0,0,0,0,0,0,0,0,0,0,0,4,141.14,0,2019,1,0,0,9,16,0,0,0,1169.052005101318
0,0,0,0,1,0,0,0,0,0,0,0,1,0,0,0,0,0,0,0,1,0,0,3,58.0,0,1975,0,0,1,5,5,0,0,0,1370.6896551724137
0,1,0,0,0,0,0,0,0,0,0,1,0,0,0,0,0,0,0,1,0,0,0,3,95.4,1,2023,1,0,0,7,10,0,0,0,1500.62893081761
0,1,0,0,0,0,0,0,0,0,0,0,1,0,0,0,0,0,0,1,0,0,0,3,122.0,0,2022,0,1,0,15,16,0,0,0,1650.0
0,1,0,0,0,0,0,0,0,0,0,0,1,0,0,0,0,0,1,0,0,0,0,1,46.0,0,2023,1,0,0,7,10,0,1,0,1847.8260869565217
0,1,0,0,0,0,0,0,0,0,0,1,0,0,0,0,0,0,1,0,0,0,0,2,75.0,0,2022,1,0,0,13,14,1,0,0,1773.3333333333333
0,1,0,0,0,0,0,0,0,0,0,0,1,0,0,0,0,0,0,0,1,0,0,5,210.0,0,2006,1,0,0,6,7,0,0,0,1404.7619047619048
0,1,0,0,0,0,0,0,0,0,0,1,0,0,0,0,0,0,0,0,1,0,0,4,160.0,0,2023,0,1,0,2,8,1,1,1,2368.75
0,1,0,0,0,0,0,0,0,0,0,1,0,0,0,0,0,0,1,0,0,0,0,1,43.0,0,2023,0,1,0,3,10,1,1,1,1465.1162790697674
0,1,0,0,0,0,0,0,0,0,0,0,1,0,0,0,0,0,0,1,0,0,0,4,164.0,0,2020,0,1,0,7,15,0,1,1,2400.0
0,0,1,0,0,0,0,0,0,0,0,0,0,0,0,0,0,0,0,0,1,0,0,2,67.0,0,2019,0,0,1,1,9,0,1,1,1276.1194029850747
1,0,0,0,0,0,0,0,0,0,0,0,1,0,0,0,0,0,0,0,1,0,0,5,125.0,0,2019,1,0,0,7,7,0,0,0,1720.0
0,1,0,0,0,0,0,0,0,0,0,1,0,0,0,0,0,0,0,1,0,0,0,2,70.0,0,2022,0,1,0,8,12,0,0,0,1285.7142857142858
0,0,1,0,0,0,0,0,0,0,0,0,1,0,0,0,0,0,0,0,1,0,0,3,70.0,0,1992,0,0,1,1,9,0,0,0,1714.2857142857142
1,0,0,0,0,0,0,0,0,0,0,0,0,0,1,0,0,0,1,0,0,0,0,2,74.5,1,2020,1,0,0,12,12,1,1,1,1986.5771812080536
0,1,0,0,0,0,0,0,0,0,0,1,0,0,0,0,0,0,0,1,0,0,0,2,75.88,0,2026,0,1,0,13,14,0,0,0,869.7944122298367
1,0,0,0,0,0,0,0,0,0,0,0,0,0,1,0,0,0,1,0,0,0,0,3,90.0,1,2020,1,0,0,1,3,0,0,0,1666.6666666666667
1,0,0,0,0,0,0,0,0,0,0,0,1,0,0,0,0,0,0,0,1,0,0,2,70.0,0,1990,0,0,1,2,12,0,1,1,1214.2857142857142
0,1,0,0,0,0,0,0,0,0,0,0,0,0,0,0,0,0,0,1,0,0,0,1,43.0,1,2026,1,0,0,3,12,0,0,0,890.0
0,1,0,0,0,0,0,0,0,0,0,1,0,0,0,0,0,0,0,1,0,0,0,2,69.0,0,2021,0,1,0,10,14,0,0,0,1666.6666666666667
1,0,0,0,0,0,0,0,0,0,0,0,1,0,0,0,0,0,0,0,0,1,0,1,36.0,1,1997,1,0,0,3,5,0,1,1,1611.111111111111
0,1,0,0,0,0,0,0,0,0,0,0,1,0,0,0,0,0,1,0,0,0,0,2,70.0,0,2023,0,1,0,6,10,1,1,1,1585.7142857142858
0,0,0,0,1,0,0,0,0,0,0,0,1,0,0,0,0,0,0,0,0,1,0,1,32.0,0,1980,0,0,1,5,5,0,1,1,1875.0
0,0,0,0,0,0,0,1,0,0,0,0,0,0,0,0,0,0,0,1,0,0,0,6,601.0,0,2019,0,1,0,7,7,0,0,0,2000.0
0,1,0,0,0,0,0,0,0,0,0,0,1,0,0,0,0,0,0,0,1,0,0,3,90.0,0,2011,0,1,0,4,9,1,1,0,1666.6666666666667
0,1,0,0,0,0,0,0,0,0,0,1,0,0,0,0,0,0,0,1,0,0,0,2,49.0,0,2023,0,1,0,10,14,0,0,0,1244.8979591836735
1,0,0,0,0,0,0,0,0,0,0,0,0,0,0,0,0,0,0,0,0,0,0,2,53.0,0,2023,0,1,0,3,15,0,0,0,1283.0188679245282
0,1,0,0,0,0,0,0,0,0,0,1,0,0,0,0,0,0,0,1,0,0,0,1,47.94,0,2023,0,1,0,4,14,1,0,0,1429.9958281184815
0,0,1,0,0,0,0,0,0,0,0,0,1,0,0,0,0,0,0,0,1,0,0,1,37.0,0,2019,0,0,1,1,9,0,1,1,2108.108108108108
1,0,0,0,0,0,0,0,0,0,0,0,0,0,0,0,0,0,0,0,0,0,0,3,119.55,0,2024,0,1,0,3,15,0,0,0,1820.0
0,0,0,0,0,0,1,0,0,0,0,0,1,0,0,0,0,0,0,0,1,0,0,1,35.2,0,1987,0,0,1,8,9,0,1,0,1676.1363636363635
1,0,0,0,0,0,0,0,0,0,0,0,0,0,0,0,0,0,0,0,1,0,0,2,47.0,1,2019,1,0,0,3,5,0,0,0,1382.9787234042553
0,1,0,0,0,0,0,0,0,0,0,0,1,0,0,0,0,0,0,1,0,0,0,2,48.0,0,2024,0,1,0,8,14,0,0,0,1118.75
1,0,0,0,0,0,0,0,0,0,0,0,1,0,0,0,0,0,0,0,1,0,0,2,53.0,0,2008,1,0,0,5,5,1,1,1,1433.9622641509434
1,0,0,0,0,0,0,0,0,0,0,0,1,0,0,0,0,0,0,0,0,1,0,2,45.4,0,2019,1,0,0,3,5,0,1,0,1618.942731277533
0,1,0,0,0,0,0,0,0,0,0,1,0,0,0,0,0,0,0,1,0,0,0,2,78.0,0,2022,1,0,0,11,14,0,0,0,1173.076923076923
1,0,0,0,0,0,0,0,0,0,0,1,0,0,0,0,0,0,0,0,1,0,0,3,55.0,0,1960,1,0,0,1,1,0,1,1,2745.4545454545455
0,1,0,0,0,0,0,0,0,0,0,1,0,0,0,0,0,0,0,1,0,0,0,4,110.0,0,2025,0,1,0,16,18,0,0,0,1090.909090909091
0,1,0,0,0,0,0,0,0,0,0,0,1,0,0,0,0,0,1,0,0,0,0,4,159.0,0,2020,0,1,0,7,10,0,0,0,1238.993710691824
0,1,0,0,0,0,0,0,0,0,0,1,0,0,0,0,0,0,0,1,0,0,0,1,43.3,0,2025,0,1,0,8,10,0,0,0,866.0508083140878
1,0,0,0,0,0,0,0,0,0,0,0,0,0,0,0,0,0,0,0,0,1,0,2,52.0,0,2019,0,0,1,4,10,0,0,0,1500.0
0,0,0,0,1,0,0,0,0,0,0,0,0,0,0,0,0,0,0,0,0,1,0,3,58.0,1,1975,0,0,1,2,4,0,1,1,1534.4827586206898
0,1,0,0,0,0,0,0,0,0,0,0,1,0,0,0,0,0,1,0,0,0,0,2,67.0,0,2023,1,0,0,6,10,0,1,0,1417.910447761194
0,1,0,0,0,0,0,0,0,0,0,0,0,0,1,0,0,0,1,0,0,0,0,3,140.0,0,2015,1,0,0,6,10,0,0,0,1357.142857142857
0,1,0,0,0,0,0,0,0,0,0,0,1,0,0,0,0,0,1,0,0,0,0,2,73.0,0,2018,1,0,0,4,11,0,1,1,1787.6712328767123
0,0,0,0,1,0,0,0,0,0,0,0,0,0,0,0,0,0,0,0,0,0,0,3,58.0,0,1980,0,0,1,1,5,0,0,0,1612.0689655172414
0,1,0,0,0,0,0,0,0,0,0,1,0,0,0,0,0,0,1,0,0,0,0,1,50.0,0,2024,1,0,0,3,3,0,0,0,1600.0
0,1,0,0,0,0,0,0,0,0,0,0,1,0,0,0,0,0,0,0,1,0,0,1,51.0,0,2020,1,0,0,7,9,0,0,0,1588.235294117647
0,1,0,0,0,0,0,0,0,0,0,0,1,0,0,0,0,0,1,0,0,0,0,1,55.0,0,2023,1,0,0,4,11,1,0,0,1818.1818181818182
0,1,0,0,0,0,0,0,0,0,0,0,1,0,0,0,0,0,0,0,1,0,0,1,52.0,0,2017,0,1,0,11,11,0,0,1,1288.4615384615386
0,1,0,0,0,0,0,0,0,0,0,1,0,0,0,0,0,0,0,1,0,0,0,2,62.0,0,2023,0,1,0,13,14,0,0,0,1040.3225806451612
0,1,0,0,0,0,0,0,0,0,0,0,1,0,0,0,0,0,0,1,0,0,0,1,43.0,0,2023,1,0,0,10,14,0,1,0,1276.7441860465117
0,0,0,0,1,0,0,0,0,0,0,0,1,0,0,0,0,0,1,0,0,0,0,1,32.0,0,1969,0,0,1,1,5,0,0,0,1765.625
0,1,0,0,0,0,0,0,0,0,0,0,1,0,0,0,0,0,1,0,0,0,0,2,72.0,0,2024,0,1,0,12,12,1,0,0,1330.0
0,0,0,0,1,0,0,0,0,0,0,0,1,0,0,0,0,0,0,0,0,1,0,3,58.0,0,1975,0,0,1,3,5,0,1,1,1413.7931034482758
0,1,0,0,0,0,0,0,0,0,0,0,1,0,0,0,0,0,0,1,0,0,0,1,39.0,0,2024,0,1,0,10,14,1,0,0,1115.3846153846155
0,1,0,0,0,0,0,0,0,0,0,0,0,1,0,0,0,0,0,0,1,0,0,3,131.0,0,2015,0,1,0,3,9,0,1,0,1679.3893129770993
0,1,0,0,0,0,0,0,0,0,0,1,0,0,0,0,0,0,1,0,0,0,0,3,87.0,0,2021,0,1,0,9,9,1,1,1,2126.4367816091954
0,0,1,0,0,0,0,0,0,0,0,0,0,0,1,0,0,0,1,0,0,0,0,2,54.0,1,2019,0,1,0,1,9,0,1,1,1574.0740740740741
0,0,0,0,1,0,0,0,0,0,0,0,1,0,0,0,0,0,1,0,0,0,0,3,58.0,0,1975,0,0,1,3,4,0,1,1,1577.5862068965516
0,1,0,0,0,0,0,0,0,0,0,0,0,0,0,0,0,0,1,0,0,0,0,1,48.0,0,2023,0,1,0,12,14,0,0,0,1187.5
0,1,0,0,0,0,0,0,0,0,0,0,1,0,0,0,0,0,1,0,0,0,0,2,75.0,0,2019,0,1,0,12,15,1,1,1,1826.6666666666667
0,1,0,0,0,0,0,0,0,0,0,0,0,0,0,0,0,0,0,1,0,0,0,2,73.0,0,2023,0,1,0,7,16,0,0,0,1027.3972602739725
0,1,0,0,0,0,0,0,0,0,0,1,0,0,0,0,0,0,1,0,0,0,0,2,49.0,0,2023,1,0,0,10,10,1,0,0,2112.2448979591836
0,1,0,0,0,0,0,0,0,0,0,0,0,1,0,0,0,0,1,0,0,0,0,2,72.0,1,2023,0,1,0,7,10,0,0,0,2083.3333333333335
0,1,0,0,0,0,0,0,0,0,0,0,1,0,0,0,0,0,0,0,1,0,0,2,78.0,1,2020,0,1,0,9,12,0,0,0,1730.7692307692307
0,0,0,0,0,0,0,1,0,0,0,0,1,0,0,0,0,0,0,1,0,0,0,2,81.0,0,2025,1,0,0,4,14,0,0,0,1450.0
0,1,0,0,0,0,0,0,0,0,0,0,1,0,0,0,0,0,1,0,0,0,0,3,105.0,0,2021,0,1,0,7,8,0,1,0,2095.2380952380954
0,1,0,0,0,0,0,0,0,0,0,1,0,0,0,0,0,0,1,0,0,0,0,2,58.0,0,2024,0,1,0,11,12,0,0,0,1724.1379310344828
0,1,0,0,0,0,0,0,0,0,0,1,0,0,0,0,0,0,0,1,0,0,0,2,69.0,0,2024,0,1,0,7,13,0,0,0,1362.3188405797102
0,0,0,1,0,0,0,0,0,0,0,0,1,0,0,0,0,0,0,0,1,0,0,1,28.0,1,1967,1,0,0,1,4,0,0,0,1875.0
0,1,0,0,0,0,0,0,0,0,0,1,0,0,0,0,0,0,1,0,0,0,0,1,48.0,0,2023,0,1,0,8,14,0,0,0,1854.1666666666667
0,0,0,0,0,0,1,0,0,0,0,0,1,0,0,0,0,0,0,0,0,1,0,3,72.0,0,1989,0,0,1,8,9,1,1,0,1416.6666666666667
0,1,0,0,0,0,0,0,0,0,0,1,0,0,0,0,0,0,0,1,0,0,0,3,108.11,1,2024,0,1,0,3,12,0,0,0,1200.0
0,1,0,0,0,0,0,0,0,0,0,0,1,0,0,0,0,0,1,0,0,0,0,1,50.0,0,2020,0,1,0,5,7,0,1,0,1450.0
0,1,0,0,0,0,0,0,0,0,0,0,0,0,0,0,0,0,0,1,0,0,0,3,85.0,0,2024,0,1,0,12,12,0,0,0,1113.129411764706
0,1,0,0,0,0,0,0,0,0,0,1,0,0,0,0,0,0,0,1,0,0,0,1,38.0,0,2023,0,1,0,4,9,1,0,0,1223.6842105263158
0,1,0,0,0,0,0,0,0,0,0,0,1,0,0,0,0,0,0,1,0,0,0,3,116.0,0,2022,0,1,0,8,16,1,0,0,1100.0
1,0,0,0,0,0,0,0,0,0,0,0,0,1,0,0,0,0,0,1,0,0,0,1,37.0,1,2025,1,0,0,5,6,0,0,0,1051.3513513513512
0,0,0,0,1,0,0,0,0,0,0,0,0,0,0,0,0,0,1,0,0,0,0,3,60.0,0,1975,0,0,1,4,4,0,1,1,1516.6666666666667
0,1,0,0,0,0,0,0,0,0,0,0,1,0,0,0,0,0,0,0,1,0,0,3,100.0,0,2017,0,1,0,5,9,0,0,0,1200.0
0,1,0,0,0,0,0,0,0,0,0,0,1,0,0,0,0,0,1,0,0,0,0,3,100.0,0,2023,0,1,0,2,9,1,0,1,1230.0
0,1,0,0,0,0,0,0,0,0,0,0,1,0,0,0,0,0,0,1,0,0,0,3,77.0,0,2024,0,1,0,7,10,1,0,0,1688.3116883116884
1,0,0,0,0,0,0,0,0,0,0,0,0,0,0,0,0,0,0,0,0,0,0,1,43.0,0,2023,0,1,0,12,12,0,0,0,1651.1627906976744
0,1,0,0,0,0,0,0,0,0,0,1,0,0,0,0,0,0,0,0,1,0,0,3,88.0,0,2024,1,0,0,1,13,0,0,0,1250.0
0,0,1,0,0,0,0,0,0,0,0,0,0,0,0,0,0,0,1,0,0,0,0,3,62.0,0,1992,1,0,0,8,9,0,0,0,1854.8387096774193
0,1,0,0,0,0,0,0,0,0,0,1,0,0,0,0,0,0,0,1,0,0,0,1,44.0,0,2024,1,0,0,10,10,0,0,0,1147.7272727272727
1,0,0,0,0,0,0,0,0,0,0,0,0,0,0,0,0,0,0,0,0,0,0,1,52.0,0,2012,0,1,0,5,10,0,0,0,1538.4615384615386
0,1,0,0,0,0,0,0,0,0,0,0,1,0,0,0,0,0,0,0,1,0,0,1,41.0,0,2016,0,1,0,12,13,0,0,0,1524.3902439024391
0,1,0,0,0,0,0,0,0,0,0,0,1,0,0,0,0,0,1,0,0,0,0,1,48.0,0,2023,0,1,0,12,13,0,0,0,1354.1666666666667
0,0,0,0,1,0,0,0,0,0,0,0,1,0,0,0,0,0,0,0,1,0,0,1,37.0,0,1986,0,0,1,1,5,0,1,1,1702.7027027027027
0,0,0,0,0,0,1,0,0,0,0,0,0,1,0,0,0,0,0,1,0,0,0,1,49.0,0,2025,0,0,1,4,5,0,0,0,1071.4285714285713
1,0,0,0,0,0,0,0,0,0,0,0,0,0,0,0,0,0,0,0,0,0,0,2,76.34,0,2025,1,0,0,3,12,0,0,0,949.6987162693214
0,1,0,0,0,0,0,0,0,0,0,1,0,0,0,0,0,0,0,1,0,0,0,1,54.0,0,2023,0,1,0,7,9,1,0,0,916.6666666666666
0,1,0,0,0,0,0,0,0,0,0,1,0,0,0,0,0,0,1,0,0,0,0,3,97.0,1,2024,0,1,0,12,16,1,0,0,1536.0824742268042
0,1,0,0,0,0,0,0,0,0,0,1,0,0,0,0,0,0,0,1,0,0,0,3,103.0,0,2022,0,1,0,6,12,1,0,0,1121.3592233009708
0,1,0,0,0,0,0,0,0,0,0,0,1,0,0,0,0,0,1,0,0,0,0,3,116.0,0,2018,0,1,0,9,10,0,1,0,1560.344827586207
0,1,0,0,0,0,0,0,0,0,0,1,0,0,0,0,0,0,0,1,0,0,0,3,97.5,0,2023,1,0,0,6,12,1,0,0,1300.0
0,1,0,0,0,0,0,0,0,0,0,1,0,0,0,0,0,0,0,1,0,0,0,1,37.0,1,2025,1,0,0,3,15,0,0,0,1366.4864864864865
0,1,0,0,0,0,0,0,0,0,0,1,0,0,0,0,0,0,0,1,0,0,0,3,104.0,0,2024,0,1,0,12,15,0,0,0,1100.0
0,0,0,0,0,0,1,0,0,0,0,0,1,0,0,0,0,0,0,0,1,0,0,3,62.0,0,1987,0,0,1,4,9,0,1,0,1741.9354838709678
0,1,0,0,0,0,0,0,0,0,0,1,0,0,0,0,0,0,0,1,0,0,0,1,40.0,0,2025,0,1,0,2,12,1,0,0,1075.0
0,1,0,0,0,0,0,0,0,0,0,0,1,0,0,0,0,0,1,0,0,0,0,3,152.0,0,2006,1,0,0,1,6,0,1,1,1947.3684210526317
0,0,0,0,0,0,1,0,0,0,0,0,0,0,0,0,0,0,0,0,1,0,0,3,70.0,0,1987,0,0,1,1,5,0,0,0,1514.2857142857142
0,1,0,0,0,0,0,0,0,0,0,1,0,0,0,0,0,0,0,1,0,0,0,2,77.81,0,2023,1,0,0,4,9,0,0,0,1362.2927644261663
0,1,0,0,0,0,0,0,0,0,0,0,1,0,0,0,0,0,0,0,1,0,0,2,82.1,0,2023,1,0,0,7,9,0,0,0,1797.8075517661389
0,1,0,0,0,0,0,0,0,0,0,0,1,0,0,0,0,0,1,0,0,0,0,2,53.0,0,2016,1,0,0,7,12,1,1,1,1773.5849056603774
0,1,0,0,0,0,0,0,0,0,0,0,1,0,0,0,0,0,1,0,0,0,0,1,54.0,0,2017,0,1,0,7,9,0,1,0,1740.7407407407406
0,1,0,0,0,0,0,0,0,0,0,1,0,0,0,0,0,0,0,1,0,0,0,2,58.62,0,2022,0,1,0,7,15,0,0,0,1211.1907198908223
1,0,0,0,0,0,0,0,0,0,0,0,0,0,0,0,0,0,0,0,0,0,0,3,75.7,0,2022,1,0,0,7,10,0,0,0,2311.7569352708056
0,1,0,0,0,0,0,0,0,0,0,0,0,0,0,0,0,0,0,0,1,0,0,2,65.0,0,2023,1,0,0,6,10,0,1,1,1369.2307692307693
0,1,0,0,0,0,0,0,0,0,0,1,0,0,0,0,0,0,0,1,0,0,0,3,112.0,0,2022,0,1,0,5,10,1,1,1,1650.0
0,1,0,0,0,0,0,0,0,0,0,0,1,0,0,0,0,0,1,0,0,0,0,2,67.0,0,2024,1,0,0,6,13,0,0,0,1328.358208955224
0,0,0,0,0,0,1,0,0,0,0,0,0,0,0,0,0,0,0,0,0,0,0,2,48.0,0,1970,0,0,1,4,5,0,0,0,1416.6666666666667
0,0,0,0,0,0,1,0,0,0,0,0,1,0,0,0,0,0,0,0,0,1,0,1,35.0,0,1987,0,0,1,9,9,0,0,0,1571.4285714285713
0,1,0,0,0,0,0,0,0,0,0,1,0,0,0,0,0,0,0,1,0,0,0,1,82.0,0,2023,1,0,0,8,9,0,0,0,695.1219512195122
0,1,0,0,0,0,0,0,0,0,0,1,0,0,0,0,0,0,0,0,0,1,0,2,61.0,0,2020,0,1,0,7,9,0,1,1,1426.2295081967213
0,1,0,0,0,0,0,0,0,0,0,0,1,0,0,0,0,0,1,0,0,0,0,2,78.0,0,2020,0,1,0,4,10,0,1,1,1666.6666666666667
0,1,0,0,0,0,0,0,0,0,0,0,1,0,0,0,0,0,0,1,0,0,0,4,168.0,0,2023,0,1,0,5,12,1,0,0,1309.5238095238096
0,0,0,0,0,0,1,0,0,0,0,0,1,0,0,0,0,0,1,0,0,0,0,2,48.0,0,1987,0,0,1,5,5,0,0,0,1687.5
0,1,0,0,0,0,0,0,0,0,0,1,0,0,0,0,0,0,0,1,0,0,0,2,62.63,0,2025,0,1,0,12,12,1,0,0,1150.0079833945392
0,1,0,0,0,0,0,0,0,0,0,0,0,1,0,0,0,0,0,1,0,0,0,2,82.92,0,2025,0,1,0,4,15,1,0,0,988.9049686444766
0,1,0,0,0,0,0,0,0,0,0,0,0,0,1,0,0,0,1,0,0,0,0,2,80.0,0,2023,1,0,0,3,10,0,0,0,1556.25
0,1,0,0,0,0,0,0,0,0,0,1,0,0,0,0,0,0,0,1,0,0,0,2,73.0,0,2023,1,0,0,5,12,0,0,0,904.1095890410959
0,0,0,1,0,0,0,0,0,0,0,0,1,0,0,0,0,0,0,0,1,0,0,2,42.0,0,1960,1,0,0,1,4,0,1,1,1607.142857142857
1,0,0,0,0,0,0,0,0,0,0,0,0,0,0,0,0,0,0,0,0,0,0,2,58.0,0,2023,1,0,0,12,14,0,0,0,1637.9310344827586
0,1,0,0,0,0,0,0,0,0,0,0,0,0,0,0,0,0,0,1,0,0,0,3,141.0,0,2022,0,1,0,5,10,0,0,0,1219.8581560283687
1,0,0,0,0,0,0,0,0,0,0,0,0,0,0,0,0,0,0,0,0,0,0,3,83.0,0,2010,1,0,0,6,8,0,0,0,2168.6746987951806
0,1,0,0,0,0,0,0,0,0,0,1,0,0,0,0,0,0,0,1,0,0,0,2,72.4,0,2025,0,1,0,9,12,0,0,0,1125.6906077348065
0,1,0,0,0,0,0,0,0,0,0,0,0,0,0,0,0,0,0,1,0,0,0,2,48.91,0,2023,0,1,0,12,14,0,0,0,1059.0881210386424
0,1,0,0,0,0,0,0,0,0,0,1,0,0,0,0,0,0,0,1,0,0,0,3,90.0,0,2024,0,1,0,11,12,0,0,0,944.4444444444445
0,1,0,0,0,0,0,0,0,0,0,0,1,0,0,0,0,0,1,0,0,0,0,2,76.4,0,2018,0,1,0,11,12,0,0,0,1531.413612565445
0,1,0,0,0,0,0,0,0,0,0,1,0,0,0,0,0,0,0,1,0,0,0,3,83.0,0,2022,0,1,0,12,16,0,0,0,1150.6024096385543
0,1,0,0,0,0,0,0,0,0,0,1,0,0,0,0,0,0,0,1,0,0,0,3,149.0,0,2022,0,1,0,13,14,1,0,0,1550.0
0,1,0,0,0,0,0,0,0,0,0,1,0,0,0,0,0,0,0,1,0,0,0,1,52.0,0,2023,0,1,0,6,9,0,0,0,1057.6923076923076
0,1,0,0,0,0,0,0,0,0,0,0,0,0,0,0,0,0,1,0,0,0,0,3,90.0,0,2023,1,0,0,9,11,0,0,0,1522.2222222222222
0,1,0,0,0,0,0,0,0,0,0,1,0,0,0,0,0,0,0,1,0,0,0,3,87.19,0,2022,0,1,0,8,12,0,0,0,900.3326069503383
0,1,0,0,0,0,0,0,0,0,0,0,1,0,0,0,0,0,1,0,0,0,0,2,62.0,0,2019,0,1,0,4,12,0,0,0,2016.1290322580646
0,1,0,0,0,0,0,0,0,0,0,0,0,0,1,0,0,0,0,0,1,0,0,3,189.0,1,2007,1,0,0,9,10,1,1,1,952.3809523809524
0,0,0,0,0,0,1,0,0,0,0,0,1,0,0,0,0,0,0,0,1,0,0,2,58.0,0,1975,0,0,1,1,5,0,0,1,1250.0
0,1,0,0,0,0,0,0,0,0,0,1,0,0,0,0,0,0,1,0,0,0,0,3,105.0,0,2022,0,1,0,14,16,0,0,0,2190.4761904761904
0,1,0,0,0,0,0,0,0,0,0,0,1,0,0,0,0,0,0,1,0,0,0,2,67.0,1,2024,0,1,0,10,16,1,0,1,1380.597014925373
0,1,0,0,0,0,0,0,0,0,0,1,0,0,0,0,0,0,0,1,0,0,0,2,56.0,0,2025,1,0,0,6,12,0,0,0,1071.4285714285713
1,0,0,0,0,0,0,0,0,0,0,0,0,0,0,0,0,0,0,0,0,0,0,2,69.22,0,2024,1,0,0,14,16,0,0,0,1134.0652990465185
0,1,0,0,0,0,0,0,0,0,0,0,0,0,0,0,0,0,1,0,0,0,0,3,108.0,0,2023,1,0,0,7,12,0,0,0,1555.5555555555557
0,1,0,0,0,0,0,0,0,0,0,0,0,1,0,0,0,0,0,0,0,0,1,3,102.17,0,2023,0,1,0,12,14,0,0,0,743.8582754233141
0,1,0,0,0,0,0,0,0,0,0,1,0,0,0,0,0,0,0,1,0,0,0,1,53.0,0,2023,0,0,1,6,9,1,0,0,1125.6603773584907
0,1,0,0,0,0,0,0,0,0,0,0,1,0,0,0,0,0,1,0,0,0,0,2,48.0,0,2024,0,1,0,6,9,1,0,0,1412.5
1,0,0,0,0,0,0,0,0,0,0,0,0,0,0,0,0,0,0,0,0,0,0,4,174.42,0,2025,0,1,0,12,12,0,0,0,1605.3204907694073
0,1,0,0,0,0,0,0,0,0,0,1,0,0,0,0,0,0,1,0,0,0,0,1,43.0,0,2023,0,1,0,15,16,0,0,0,1627.906976744186
0,1,0,0,0,0,0,0,0,0,0,0,1,0,0,0,0,0,1,0,0,0,0,3,77.0,0,2023,0,1,0,8,15,0,0,0,1883.1168831168832
0,1,0,0,0,0,0,0,0,0,0,0,1,0,0,0,0,0,0,1,0,0,0,1,45.0,0,2025,0,1,0,13,14,0,0,0,1011.1111111111111
0,1,0,0,0,0,0,0,0,0,0,0,1,0,0,0,0,0,1,0,0,0,0,2,68.0,1,2018,0,1,0,8,19,0,0,0,2014.7058823529412
0,1,0,0,0,0,0,0,0,0,0,0,1,0,0,0,0,0,0,0,0,1,0,2,68.0,0,2023,0,1,0,6,9,0,1,1,1470.5882352941176
0,0,0,0,0,0,1,0,0,0,0,0,0,0,0,0,0,0,0,0,1,0,0,1,34.0,0,1987,0,0,1,1,9,0,0,0,1647.0588235294117
0,0,0,0,1,0,0,0,0,0,0,0,1,0,0,0,0,0,1,0,0,0,0,1,33.0,0,1980,0,0,1,3,4,0,0,0,1966.6666666666667
1,0,0,0,0,0,0,0,0,0,0,0,0,0,0,0,0,0,0,0,0,0,0,1,25.0,0,2016,1,0,0,2,3,0,0,0,1280.0
0,1,0,0,0,0,0,0,0,0,0,1,0,0,0,0,0,0,0,1,0,0,0,3,88.48,0,2024,0,1,0,12,16,0,0,0,1152.8028933092223
0,1,0,0,0,0,0,0,0,0,0,0,0,1,0,0,0,0,0,1,0,0,0,3,74.61,0,2023,0,1,0,5,5,1,0,0,965.0180940892642
0,1,0,0,0,0,0,0,0,0,0,0,0,1,0,0,0,0,0,1,0,0,0,3,94.0,0,2022,0,1,0,4,12,0,0,0,1200.0
0,0,1,0,0,0,0,0,0,0,0,0,0,0,1,0,0,0,1,0,0,0,0,4,113.0,1,2011,1,0,0,8,9,0,1,1,1300.8849557522124
0,1,0,0,0,0,0,0,0,0,0,0,1,0,0,0,0,0,0,0,1,0,0,3,128.0,0,2023,1,0,0,3,9,0,1,1,1445.3125
0,1,0,0,0,0,0,0,0,0,0,1,0,0,0,0,0,0,1,0,0,0,0,3,82.0,1,2024,1,0,0,1,5,0,1,0,1280.4878048780488
0,1,0,0,0,0,0,0,0,0,0,1,0,0,0,0,0,0,0,0,0,0,1,3,103.0,0,2024,0,1,0,3,14,1,0,0,902.9126213592233
0,1,0,0,0,0,0,0,0,0,0,1,0,0,0,0,0,0,0,1,0,0,0,1,38.0,0,2022,0,1,0,2,14,0,0,0,1381.578947368421
0,1,0,0,0,0,0,0,0,0,0,0,1,0,0,0,0,0,0,1,0,0,0,3,128.0,0,2022,1,0,0,3,13,0,0,0,1900.0
1,0,0,0,0,0,0,0,0,0,0,0,1,0,0,0,0,0,1,0,0,0,0,2,58.0,0,2024,1,0,0,7,9,1,1,0,1206.896551724138
0,0,0,0,1,0,0,0,0,0,0,0,0,0,0,0,0,0,0,0,1,0,0,2,43.0,0,1975,0,0,1,1,4,0,0,0,1976.7441860465117
0,0,1,0,0,0,0,0,0,0,0,0,1,0,0,0,0,0,0,0,0,1,0,1,36.0,0,1999,0,0,1,9,9,0,1,1,1651.361111111111
0,1,0,0,0,0,0,0,0,0,0,1,0,0,0,0,0,0,0,1,0,0,0,2,77.0,0,2024,0,1,0,7,14,1,0,0,1050.0
0,1,0,0,0,0,0,0,0,0,0,0,0,1,0,0,0,0,0,1,0,0,0,4,190.0,0,2022,1,0,0,3,14,1,0,0,1131.578947368421
0,1,0,0,0,0,0,0,0,0,0,0,1,0,0,0,0,0,0,0,1,0,0,3,80.0,0,2023,0,1,0,1,9,0,1,0,1400.0
0,1,0,0,0,0,0,0,0,0,0,1,0,0,0,0,0,0,1,0,0,0,0,1,42.0,1,2023,0,1,0,14,15,0,1,1,1595.2380952380952
0,0,1,0,0,0,0,0,0,0,0,0,1,0,0,0,0,0,0,0,1,0,0,2,56.0,0,1992,1,0,0,9,9,0,1,1,1517.857142857143
0,1,0,0,0,0,0,0,0,0,0,0,0,1,0,0,0,0,1,0,0,0,0,3,94.0,0,2023,1,0,0,6,9,0,1,1,1382.9787234042553
0,1,0,0,0,0,0,0,0,0,0,0,0,0,0,0,0,0,0,1,0,0,0,2,70.0,0,2023,1,0,0,2,12,0,0,0,1028.5714285714287
0,1,0,0,0,0,0,0,0,0,0,0,1,0,0,0,0,0,0,1,0,0,0,1,43.0,0,2015,0,1,0,1,10,1,0,0,930.2325581395348
0,1,0,0,0,0,0,0,0,0,0,0,0,1,0,0,0,0,0,0,1,0,0,2,78.0,0,2023,0,1,0,4,9,0,0,0,1211.5384615384614
0,0,0,0,1,0,0,0,0,0,0,0,1,0,0,0,0,0,1,0,0,0,0,2,40.0,0,1975,1,0,0,2,4,0,1,0,1912.5
0,1,0,0,0,0,0,0,0,0,0,1,0,0,0,0,0,0,0,1,0,0,0,1,53.0,0,2024,0,1,0,7,12,0,0,0,1281.132075471698
0,0,0,0,1,0,0,0,0,0,0,0,1,0,0,0,0,0,0,0,1,0,0,3,65.0,0,1969,0,0,1,1,4,0,1,1,1307.6923076923076
1,0,0,0,0,0,0,0,0,0,0,0,0,0,0,0,0,0,0,0,0,0,0,1,47.25,0,2024,1,0,0,10,10,0,0,0,2169.3121693121693
0,1,0,0,0,0,0,0,0,0,0,1,0,0,0,0,0,0,0,1,0,0,0,3,108.0,0,2024,0,1,0,11,12,1,0,0,1120.0
0,0,1,0,0,0,0,0,0,0,0,0,0,0,0,0,0,0,1,0,0,0,0,2,68.0,0,2016,0,0,1,8,9,0,0,0,1250.0
0,1,0,0,0,0,0,0,0,0,0,0,1,0,0,0,0,0,0,1,0,0,0,3,107.0,0,2021,0,1,0,9,12,0,0,0,1150.0
0,0,1,0,0,0,0,0,0,0,0,0,0,0,0,0,0,0,0,0,0,0,0,1,35.0,0,1986,0,0,1,1,9,0,0,0,2028.5714285714287
0,1,0,0,0,0,0,0,0,0,0,0,0,0,0,0,0,0,0,1,0,0,0,1,50.56,1,2025,1,0,0,8,14,0,0,0,1305.379746835443
0,1,0,0,0,0,0,0,0,0,0,0,0,1,0,0,0,0,0,0,0,0,1,2,73.41,0,2026,0,1,0,5,10,0,0,0,851.3826454161559
0,0,0,1,0,0,0,0,0,0,0,0,1,0,0,0,0,0,0,0,1,0,0,2,44.0,1,1965,1,0,0,2,3,0,1,1,1318.1818181818182
0,1,0,0,0,0,0,0,0,0,0,0,0,0,0,0,0,0,0,1,0,0,0,3,89.0,0,2024,0,1,0,12,16,0,0,0,1250.0
0,1,0,0,0,0,0,0,0,0,0,0,1,0,0,0,0,0,1,0,0,0,0,3,123.0,1,2015,0,1,0,3,12,0,0,1,1799.4552845528456
0,1,0,0,0,0,0,0,0,0,0,0,1,0,0,0,0,0,0,1,0,0,0,2,65.0,0,2026,1,0,0,4,17,0,0,0,1353.8461538461538
1,0,0,0,0,0,0,0,0,0,0,0,0,0,0,0,0,0,0,0,0,0,0,3,105.0,0,2024,0,1,0,12,14,0,0,0,1047.6190476190477
0,1,0,0,0,0,0,0,0,0,0,0,1,0,0,0,0,0,0,0,1,0,0,3,120.0,0,2023,1,0,0,10,10,1,1,1,1541.6666666666667
0,1,0,0,0,0,0,0,0,0,0,0,1,0,0,0,0,0,1,0,0,0,0,1,46.0,1,2020,0,1,0,7,12,1,0,0,2200.0
0,1,0,0,0,0,0,0,0,0,0,0,1,0,0,0,0,0,0,1,0,0,0,2,75.0,0,2025,0,1,0,2,9,1,0,0,986.6666666666666
0,0,0,1,0,0,0,0,0,0,0,0,1,0,0,0,0,0,1,0,0,0,0,2,42.7,0,1962,1,0,0,3,3,0,1,1,1451.9906323185012
0,1,0,0,0,0,0,0,0,0,0,0,0,0,0,0,0,0,1,0,0,0,0,2,68.0,0,2023,1,0,0,7,11,0,0,0,1573.5294117647059
0,1,0,0,0,0,0,0,0,0,0,0,1,0,0,0,0,0,1,0,0,0,0,2,57.0,0,2023,1,0,0,5,8,0,0,0,1508.7719298245613
0,1,0,0,0,0,0,0,0,0,0,0,0,1,0,0,0,0,1,0,0,0,0,2,85.0,0,2016,0,1,0,16,16,0,0,0,1988.235294117647
0,0,0,0,1,0,0,0,0,0,0,0,0,0,0,0,0,0,0,0,0,0,0,3,58.2,0,1980,0,0,1,5,5,0,0,0,1391.7525773195875
0,1,0,0,0,0,0,0,0,0,0,0,1,0,0,0,0,0,0,1,0,0,0,2,53.81,1,2025,1,0,0,14,15,0,0,0,1456.9782568295855
0,1,0,0,0,0,0,0,0,0,0,1,0,0,0,0,0,0,1,0,0,0,0,4,126.0,0,2021,0,1,0,12,14,0,0,0,1895.0
0,1,0,0,0,0,0,0,0,0,0,0,1,0,0,0,0,0,0,1,0,0,0,2,72.0,0,2022,0,1,0,9,12,0,0,0,1388.888888888889
0,1,0,0,0,0,0,0,0,0,0,1,0,0,0,0,0,0,1,0,0,0,0,2,75.0,0,2015,0,1,0,5,10,0,1,0,1426.6666666666667
0,1,0,0,0,0,0,0,0,0,0,0,1,0,0,0,0,0,1,0,0,0,0,1,44.0,0,2023,1,0,0,8,10,0,1,0,1806.8181818181818
0,1,0,0,0,0,0,0,0,0,0,0,1,0,0,0,0,0,0,0,1,0,0,1,60.0,1,2023,1,0,0,4,9,0,0,0,2166.6666666666665
0,0,0,0,1,0,0,0,0,0,0,0,1,0,0,0,0,0,0,0,0,1,0,1,32.0,0,1975,0,0,1,4,4,0,0,0,1812.5
0,1,0,0,0,0,0,0,0,0,0,0,1,0,0,0,0,0,1,0,0,0,0,1,43.0,0,2024,0,1,0,8,12,0,0,0,2023.2558139534883
1,0,0,0,0,0,0,0,0,0,0,0,0,0,1,0,0,0,1,0,0,0,0,2,68.0,0,2019,1,0,0,4,4,1,1,0,1073.5294117647059
0,1,0,0,0,0,0,0,0,0,0,0,0,1,0,0,0,0,1,0,0,0,0,2,80.0,0,2022,0,1,0,6,16,0,0,0,2250.0
0,1,0,0,0,0,0,0,0,0,0,1,0,0,0,0,0,0,0,1,0,0,0,2,68.74,0,2023,0,1,0,8,9,0,0,0,1207.4483561245272
0,0,1,0,0,0,0,0,0,0,0,0,1,0,0,0,0,0,1,0,0,0,0,4,78.0,0,1992,0,0,1,2,9,0,0,0,1410.2564102564102
0,0,0,1,0,0,0,0,0,0,0,0,0,0,0,0,0,0,0,0,0,0,0,1,29.0,0,1965,1,0,0,3,4,0,0,0,1965.5172413793102
0,1,0,0,0,0,0,0,0,0,0,1,0,0,0,0,0,0,0,1,0,0,0,2,83.0,0,2023,1,0,0,12,14,1,0,0,1367.4698795180723
1,0,0,0,0,0,0,0,0,0,0,0,0,0,0,0,0,0,0,0,0,0,0,5,453.0,0,2022,0,1,0,8,10,0,0,0,1081.6777041942605
0,1,0,0,0,0,0,0,0,0,0,1,0,0,0,0,0,0,1,0,0,0,0,2,55.0,0,2025,0,1,0,10,18,0,0,0,1281.8181818181818
0,1,0,0,0,0,0,0,0,0,0,0,1,0,0,0,0,0,0,1,0,0,0,3,101.08,1,2025,0,1,0,5,14,0,0,0,1500.0
0,1,0,0,0,0,0,0,0,0,0,1,0,0,0,0,0,0,0,1,0,0,0,2,72.0,0,2024,0,1,0,2,12,0,0,0,1125.0
0,1,0,0,0,0,0,0,0,0,0,1,0,0,0,0,0,0,1,0,0,0,0,1,42.2,0,2022,0,1,0,5,14,1,0,0,1824.644549763033
0,1,0,0,0,0,0,0,0,0,0,0,1,0,0,0,0,0,0,0,1,0,0,3,65.2,0,2023,1,0,0,8,9,0,0,0,1464.723926380368
1,0,0,0,0,0,0,0,0,0,0,0,0,0,1,0,0,0,1,0,0,0,0,1,35.3,0,2022,1,0,0,1,2,0,0,1,1345.6090651558075
0,0,1,0,0,0,0,0,0,0,0,0,1,0,0,0,0,0,0,0,0,1,0,2,54.0,0,1978,0,0,1,2,9,0,0,0,1490.7407407407406
0,0,0,0,0,0,0,0,1,0,0,0,1,0,0,0,0,0,0,0,0,1,0,1,13.0,0,1990,0,1,0,3,4,0,1,0,1769.2307692307693
0,0,0,0,1,0,0,0,0,0,0,0,1,0,0,0,0,0,1,0,0,0,0,2,42.0,0,1989,1,0,0,4,4,0,1,1,1619.047619047619
0,0,0,0,0,0,0,0,0,1,0,0,1,0,0,0,0,0,0,0,1,0,0,3,77.0,0,1978,1,0,0,1,3,0,1,1,1363.6363636363637
0,0,1,0,0,0,0,0,0,0,0,0,1,0,0,0,0,0,0,0,1,0,0,3,70.0,0,1992,0,0,1,7,9,0,1,0,1542.857142857143
0,1,0,0,0,0,0,0,0,0,0,0,1,0,0,0,0,0,1,0,0,0,0,2,84.0,0,2021,0,1,0,1,12,0,1,1,1738.095238095238
0,1,0,0,0,0,0,0,0,0,0,1,0,0,0,0,0,0,0,1,0,0,0,4,138.0,0,2022,0,1,0,8,14,1,0,0,1230.0
0,1,0,0,0,0,0,0,0,0,0,0,1,0,0,0,0,0,0,1,0,0,0,3,102.0,0,2024,1,0,0,6,10,1,0,0,1029.4117647058824
0,1,0,0,0,0,0,0,0,0,0,0,0,1,0,0,0,0,1,0,0,0,0,2,70.0,0,2023,0,1,0,6,13,0,0,0,1885.7142857142858
0,1,0,0,0,0,0,0,0,0,0,1,0,0,0,0,0,0,0,1,0,0,0,3,108.0,0,2023,1,0,0,11,12,1,0,0,1138.888888888889
0,1,0,0,0,0,0,0,0,0,0,0,1,0,0,0,0,0,1,0,0,0,0,3,93.0,0,2017,0,1,0,2,12,1,1,1,1618.279569892473
1,0,0,0,0,0,0,0,0,0,0,0,1,0,0,0,0,0,0,0,1,0,0,2,63.3,0,1988,1,0,0,11,12,0,0,0,1319.1153238546603
0,1,0,0,0,0,0,0,0,0,0,0,1,0,0,0,0,0,1,0,0,0,0,2,61.0,0,2017,0,1,0,10,11,0,1,1,1442.622950819672
0,1,0,0,0,0,0,0,0,0,0,1,0,0,0,0,0,0,0,1,0,0,0,1,42.0,0,2025,0,1,0,12,14,1,0,0,1119.047619047619
0,1,0,0,0,0,0,0,0,0,0,0,1,0,0,0,0,0,1,0,0,0,0,3,107.0,0,2018,0,1,0,13,14,0,1,1,1635.5140186915887
0,1,0,0,0,0,0,0,0,0,0,0,0,1,0,0,0,0,0,1,0,0,0,3,128.2,0,2023,0,1,0,4,14,1,0,0,1400.0000000000002
1,0,0,0,0,0,0,0,0,0,0,0,1,0,0,0,0,0,1,0,0,0,0,4,92.0,1,2019,1,0,0,1,5,0,0,0,1467.391304347826
0,0,0,0,1,0,0,0,0,0,0,0,1,0,0,0,0,0,0,0,0,1,0,2,44.0,0,1975,0,0,1,4,4,0,1,0,1386.3636363636363
1,0,0,0,0,0,0,0,0,0,0,0,0,0,0,1,0,0,1,0,0,0,0,3,98.0,1,2017,1,0,0,1,9,0,1,0,1112.2448979591836
0,0,0,0,0,0,1,0,0,0,0,0,0,0,0,0,0,0,0,0,0,0,0,2,48.0,0,1990,0,0,1,3,5,0,0,0,1833.3333333333333
0,1,0,0,0,0,0,0,0,0,0,1,0,0,0,0,0,0,1,0,0,0,0,2,64.0,0,2022,0,1,0,13,16,0,0,0,1875.0
0,1,0,0,0,0,0,0,0,0,0,0,1,0,0,0,0,0,1,0,0,0,0,2,77.0,0,2023,1,0,0,12,12,1,0,0,1220.7792207792209
0,0,0,0,0,0,1,0,0,0,0,0,1,0,0,0,0,0,0,0,0,1,0,1,34.0,0,1970,0,0,1,3,5,0,1,1,1617.6470588235295
0,1,0,0,0,0,0,0,0,0,0,0,1,0,0,0,0,0,1,0,0,0,0,5,216.0,0,2012,1,0,0,7,8,1,1,1,810.1851851851852
0,0,0,0,0,0,1,0,0,0,0,0,0,0,0,0,0,0,0,0,0,0,0,3,68.0,0,1980,0,0,1,6,9,0,0,0,1423.5294117647059
0,1,0,0,0,0,0,0,0,0,0,0,0,0,1,0,0,0,1,0,0,0,0,2,88.0,0,2023,1,0,0,2,11,0,1,0,1653.409090909091
0,1,0,0,0,0,0,0,0,0,0,0,1,0,0,0,0,0,0,1,0,0,0,2,67.0,0,2023,0,1,0,16,16,0,0,0,1194.0298507462687
1,0,0,0,0,0,0,0,0,0,0,0,0,0,0,0,0,0,1,0,0,0,0,3,93.0,0,2019,1,0,0,6,9,0,0,0,1129.032258064516
0,1,0,0,0,0,0,0,0,0,0,0,1,0,0,0,0,0,0,0,1,0,0,3,91.0,0,2023,0,1,0,5,10,0,0,0,1010.989010989011
0,1,0,0,0,0,0,0,0,0,0,1,0,0,0,0,0,0,0,1,0,0,0,2,72.0,0,2022,0,1,0,13,14,0,0,0,916.6666666666666
0,1,0,0,0,0,0,0,0,0,0,1,0,0,0,0,0,0,1,0,0,0,0,1,43.0,0,2024,0,1,0,15,17,0,0,0,1569.7674418604652
0,1,0,0,0,0,0,0,0,0,0,0,0,0,0,0,0,0,0,1,0,0,0,2,74.0,0,2025,0,1,0,4,15,0,0,0,1336.2162162162163
0,0,0,1,0,0,0,0,0,0,0,0,1,0,0,0,0,0,0,0,0,1,0,2,42.0,0,1965,1,0,0,3,4,0,1,0,1428.5714285714287
0,1,0,0,0,0,0,0,0,0,0,0,0,0,0,0,0,0,0,1,0,0,0,2,73.0,0,2023,1,0,0,7,12,0,0,0,950.0
0,1,0,0,0,0,0,0,0,0,0,0,0,1,0,0,0,0,0,1,0,0,0,4,155.0,0,2022,0,0,1,4,14,0,0,0,1483.8709677419354
0,1,0,0,0,0,0,0,0,0,0,0,1,0,0,0,0,0,1,0,0,0,0,1,48.0,0,2024,0,1,0,11,13,1,0,0,1395.8333333333333
0,1,0,0,0,0,0,0,0,0,0,0,0,0,0,0,0,0,0,1,0,0,0,2,74.0,0,2026,1,0,0,14,17,1,0,0,1050.0
0,0,0,1,0,0,0,0,0,0,0,0,1,0,0,0,0,0,0,0,1,0,0,3,53.0,0,1967,1,0,0,3,4,0,0,0,1320.754716981132
0,1,0,0,0,0,0,0,0,0,0,1,0,0,0,0,0,0,0,1,0,0,0,3,127.0,0,2022,0,0,1,9,14,1,0,0,1650.0
0,0,1,0,0,0,0,0,0,0,0,0,1,0,0,0,0,0,0,0,1,0,0,3,70.0,0,1992,0,0,1,7,9,0,0,0,1280.0
0,1,0,0,0,0,0,0,0,0,0,0,1,0,0,0,0,0,1,0,0,0,0,3,102.0,0,2023,1,0,0,6,9,1,1,0,1274.5098039215686
0,1,0,0,0,0,0,0,0,0,0,1,0,0,0,0,0,0,0,1,0,0,0,4,152.0,0,2024,1,0,0,7,15,1,0,0,1600.0
0,1,0,0,0,0,0,0,0,0,0,0,1,0,0,0,0,0,0,1,0,0,0,1,48.0,0,2023,1,0,0,6,10,0,0,0,895.8333333333334
0,1,0,0,0,0,0,0,0,0,0,0,1,0,0,0,0,0,1,0,0,0,0,2,68.0,0,2016,0,0,1,8,9,1,1,0,1205.8823529411766
0,1,0,0,0,0,0,0,0,0,0,0,1,0,0,0,0,0,0,0,0,0,1,2,65.0,1,2023,0,1,0,11,14,0,0,0,1169.2307692307693
0,1,0,0,0,0,0,0,0,0,0,1,0,0,0,0,0,0,0,1,0,0,0,2,79.1,0,2025,0,1,0,3,15,0,0,0,1099.873577749684
0,1,0,0,0,0,0,0,0,0,0,0,0,1,0,0,0,0,1,0,0,0,0,3,105.0,0,2021,0,1,0,6,8,1,1,1,2142.8571428571427
0,1,0,0,0,0,0,0,0,0,0,1,0,0,0,0,0,0,0,1,0,0,0,2,76.0,0,2024,0,1,0,14,14,1,0,0,1200.0
0,1,0,0,0,0,0,0,0,0,0,0,0,1,0,0,0,0,1,0,0,0,0,3,92.0,0,2022,0,1,0,11,12,0,0,0,1630.4347826086957
0,0,1,0,0,0,0,0,0,0,0,0,0,0,0,0,0,0,0,0,0,0,0,3,70.0,0,1990,0,0,1,8,9,0,0,0,1785.7142857142858
0,1,0,0,0,0,0,0,0,0,0,1,0,0,0,0,0,0,0,0,1,0,0,2,70.0,0,2022,0,1,0,6,9,1,0,0,1614.2857142857142
0,1,0,0,0,0,0,0,0,0,0,0,1,0,0,0,0,0,1,0,0,0,0,4,200.0,0,2018,0,1,0,12,12,1,1,1,2499.43
0,0,0,1,0,0,0,0,0,0,0,0,1,0,0,0,0,0,1,0,0,0,0,1,29.0,0,1967,0,1,0,3,4,0,1,1,1965.5172413793102
0,0,0,0,1,0,0,0,0,0,0,0,1,0,0,0,0,0,0,0,1,0,0,2,46.0,0,1975,0,0,1,3,4,0,1,0,1608.695652173913
1,0,0,0,0,0,0,0,0,0,0,0,0,0,1,0,0,0,1,0,0,0,0,4,74.0,0,2019,1,0,0,10,10,1,1,1,1256.7567567567567
0,1,0,0,0,0,0,0,0,0,0,1,0,0,0,0,0,0,0,1,0,0,0,1,55.0,0,2026,1,0,0,15,16,0,0,0,963.6363636363636
0,1,0,0,0,0,0,0,0,0,0,0,0,0,0,0,0,0,0,1,0,0,0,3,85.0,0,2022,0,1,0,9,15,0,0,0,1400.0
0,0,0,0,0,0,1,0,0,0,0,0,1,0,0,0,0,0,0,0,1,0,0,1,33.0,0,1987,0,0,1,5,5,0,1,0,1696.969696969697
0,1,0,0,0,0,0,0,0,0,0,0,0,0,0,0,0,0,0,1,0,0,0,2,66.0,0,2023,0,1,0,12,14,0,0,0,1045.4545454545455
0,1,0,0,0,0,0,0,0,0,0,0,0,0,0,0,0,0,1,0,0,0,0,4,123.0,0,2023,1,0,0,3,13,0,0,0,1260.1626016260163
0,0,0,0,0,0,1,0,0,0,0,0,1,0,0,0,0,0,1,0,0,0,0,1,33.0,1,2025,0,0,1,2,5,0,1,1,2030.3030303030303
0,1,0,0,0,0,0,0,0,0,0,1,0,0,0,0,0,0,0,1,0,0,0,3,80.0,1,2021,1,0,0,13,13,0,0,0,1375.0
0,1,0,0,0,0,0,0,0,0,0,1,0,0,0,0,0,0,1,0,0,0,0,2,74.0,0,2022,0,1,0,2,14,1,0,0,1635.1351351351352
0,1,0,0,0,0,0,0,0,0,0,0,0,0,0,0,0,0,0,0,1,0,0,3,63.0,0,2023,0,0,1,6,9,0,1,1,1325.3968253968253
0,1,0,0,0,0,0,0,0,0,0,0,0,0,0,0,0,0,0,1,0,0,0,2,80.0,0,2025,0,1,0,12,18,0,0,0,1780.0
0,1,0,0,0,0,0,0,0,0,0,1,0,0,0,0,0,0,0,1,0,0,0,3,139.0,0,2021,0,1,0,3,12,0,0,0,1244.6043165467627
0,1,0,0,0,0,0,0,0,0,0,1,0,0,0,0,0,0,1,0,0,0,0,1,55.0,0,2022,1,0,0,12,14,0,0,0,1772.7272727272727
0,1,0,0,0,0,0,0,0,0,0,1,0,0,0,0,0,0,1,0,0,0,0,1,50.0,1,2023,0,1,0,5,9,0,0,0,1290.0
0,0,1,0,0,0,0,0,0,0,0,1,0,0,0,0,0,0,1,0,0,0,0,3,68.0,1,2019,0,0,1,9,9,0,1,0,1250.0
0,1,0,0,0,0,0,0,0,0,0,1,0,0,0,0,0,0,1,0,0,0,0,1,47.0,1,2023,0,1,0,3,12,0,0,0,1531.9148936170213
0,1,0,0,0,0,0,0,0,0,0,1,0,0,0,0,0,0,0,1,0,0,0,2,44.0,0,2023,1,0,0,10,14,1,0,0,1231.8181818181818
0,1,0,0,0,0,0,0,0,0,0,1,0,0,0,0,0,0,0,1,0,0,0,2,60.18,0,2022,0,1,0,2,16,0,0,0,1213.027583914922
1,0,0,0,0,0,0,0,0,0,0,0,0,0,0,0,0,0,0,0,0,0,0,2,57.4,0,2020,1,0,0,4,13,0,0,0,1794.425087108014
0,1,0,0,0,0,0,0,0,0,0,0,0,0,0,0,0,0,1,0,0,0,0,4,154.0,0,2021,0,1,0,12,14,0,0,0,1948.051948051948
0,1,0,0,0,0,0,0,0,0,0,0,1,0,0,0,0,0,1,0,0,0,0,3,127.0,0,2015,0,1,0,1,10,0,1,0,1141.732283464567
0,1,0,0,0,0,0,0,0,0,0,1,0,0,0,0,0,0,1,0,0,0,0,4,97.0,0,2022,1,0,0,9,12,0,0,0,1597.9381443298969
0,0,0,0,1,0,0,0,0,0,0,0,1,0,0,0,0,0,0,0,1,0,0,2,46.0,0,1969,0,0,1,1,4,0,1,1,1463.0434782608695
1,0,0,0,0,0,0,0,0,0,0,0,1,0,0,0,0,0,0,0,0,1,0,1,38.0,0,2019,1,0,0,11,12,0,1,1,1407.8947368421052
0,0,1,0,0,0,0,0,0,0,0,0,1,0,0,0,0,0,0,0,1,0,0,1,36.0,0,1990,0,0,1,9,9,0,0,1,1908.3333333333333
0,1,0,0,0,0,0,0,0,0,0,0,1,0,0,0,0,0,0,1,0,0,0,1,49.56,0,2022,0,1,0,9,11,0,0,0,1271.186440677966
0,1,0,0,0,0,0,0,0,0,0,1,0,0,0,0,0,0,0,0,1,0,0,3,100.177,0,2023,0,1,0,11,12,0,0,0,818.551164438943
1,0,0,0,0,0,0,0,0,0,0,0,0,0,0,0,0,0,0,0,0,0,0,2,86.0,0,2019,0,1,0,9,10,0,0,0,1453.4883720930231
1,0,0,0,0,0,0,0,0,0,0,0,1,0,0,0,0,0,0,0,1,0,0,2,44.2,0,2019,0,0,1,2,4,0,0,0,1538.4615384615383
0,1,0,0,0,0,0,0,0,0,0,1,0,0,0,0,0,0,0,1,0,0,0,2,61.0,0,2024,0,1,0,2,12,1,0,0,1065.5737704918033
1,0,0,0,0,0,0,0,0,0,0,0,0,0,0,0,0,0,0,0,0,0,0,4,172.5,0,2018,1,0,0,6,10,0,0,0,2840.5797101449275
0,1,0,0,0,0,0,0,0,0,0,0,1,0,0,0,0,0,1,0,0,0,0,2,66.0,0,2022,0,1,0,6,16,0,0,0,1507.5757575757575
0,1,0,0,0,0,0,0,0,0,0,1,0,0,0,0,0,0,0,1,0,0,0,3,127.0,0,2027,1,0,0,6,12,1,0,0,1200.0
0,1,0,0,0,0,0,0,0,0,0,1,0,0,0,0,0,0,0,1,0,0,0,2,75.0,0,2025,0,1,0,8,9,1,0,0,1146.6666666666667
0,1,0,0,0,0,0,0,0,0,0,0,1,0,0,0,0,0,0,0,1,0,0,3,98.0,0,2025,0,1,0,5,17,0,0,0,1377.5510204081634
1,0,0,0,0,0,0,0,0,0,0,0,1,0,0,0,0,0,0,0,1,0,0,3,69.0,0,2019,1,0,0,5,5,0,1,1,1442.0289855072465
0,1,0,0,0,0,0,0,0,0,0,0,1,0,0,0,0,0,1,0,0,0,0,3,106.0,0,2017,0,1,0,14,16,0,1,0,1575.4716981132076
0,1,0,0,0,0,0,0,0,0,0,0,1,0,0,0,0,0,0,0,0,1,0,3,96.0,0,2023,1,0,0,9,14,0,0,0,1302.0833333333333
0,1,0,0,0,0,0,0,0,0,0,1,0,0,0,0,0,0,0,1,0,0,0,1,38.0,0,2024,0,1,0,2,9,1,0,0,1223.6842105263158
0,1,0,0,0,0,0,0,0,0,0,0,1,0,0,0,0,0,0,1,0,0,0,2,80.0,0,2021,0,1,0,11,12,0,0,0,1162.5
0,1,0,0,0,0,0,0,0,0,0,0,0,0,0,0,0,0,0,1,0,0,0,2,72.0,0,2023,1,0,0,8,12,0,0,0,1150.0
0,0,1,0,0,0,0,0,0,0,0,0,1,0,0,0,0,0,0,0,1,0,0,2,52.2,0,2019,0,0,1,5,9,0,0,0,1580.4597701149423
0,0,0,0,1,0,0,0,0,0,0,0,1,0,0,0,0,0,1,0,0,0,0,1,32.0,0,1975,0,0,1,1,4,0,1,1,1984.375
1,0,0,0,0,0,0,0,0,0,0,0,0,0,0,0,0,0,0,0,0,0,0,3,128.0,0,2022,0,1,0,10,15,0,0,0,1867.1875
1,0,0,0,0,0,0,0,0,0,0,0,1,0,0,0,0,0,1,0,0,0,0,2,56.0,0,1970,1,0,0,2,5,0,1,1,1848.2142857142858
0,1,0,0,0,0,0,0,0,0,0,1,0,0,0,0,0,0,0,1,0,0,0,2,85.0,0,2024,0,1,0,12,12,1,0,0,1105.8823529411766
0,0,0,0,0,0,1,0,0,0,0,0,1,0,0,0,0,0,1,0,0,0,0,2,52.0,1,1993,0,0,1,5,5,0,0,1,1528.8461538461538
0,1,0,0,0,0,0,0,0,0,0,0,1,0,0,0,0,0,1,0,0,0,0,5,154.9,1,2014,1,0,0,9,10,0,1,1,1284.6998063266624
0,1,0,0,0,0,0,0,0,0,0,0,1,0,0,0,0,0,1,0,0,0,0,3,105.0,0,2018,0,1,0,8,19,0,0,0,2238.095238095238
0,1,0,0,0,0,0,0,0,0,0,0,1,0,0,0,0,0,1,0,0,0,0,1,53.0,0,2021,0,1,0,6,12,1,0,0,1415.0943396226414
0,0,0,0,0,0,1,0,0,0,0,0,1,0,0,0,0,0,1,0,0,0,0,3,65.0,1,1987,0,0,1,4,5,0,1,0,1369.2307692307693
0,1,0,0,0,0,0,0,0,0,0,0,0,1,0,0,0,0,1,0,0,0,0,1,46.0,0,2023,0,1,0,3,5,1,0,0,1304.3260869565217
0,1,0,0,0,0,0,0,0,0,0,0,1,0,0,0,0,0,0,0,1,0,0,2,82.0,0,2022,0,1,0,12,16,0,0,0,1707.3170731707316
0,1,0,0,0,0,0,0,0,0,0,1,0,0,0,0,0,0,1,0,0,0,0,1,46.0,0,2024,0,1,0,11,12,1,0,0,1434.7608695652175
0,1,0,0,0,0,0,0,0,0,0,1,0,0,0,0,0,0,0,1,0,0,0,3,104.0,0,2024,0,1,0,4,12,0,0,1,1201.923076923077
0,1,0,0,0,0,0,0,0,0,0,0,0,1,0,0,0,0,1,0,0,0,0,3,100.0,1,2022,0,1,0,3,14,0,0,0,1450.0
0,1,0,0,0,0,0,0,0,0,0,1,0,0,0,0,0,0,0,1,0,0,0,2,61.7,0,2023,0,1,0,15,25,0,0,0,1500.0
0,0,0,0,0,0,0,0,1,0,0,0,1,0,0,0,0,0,1,0,0,0,0,1,13.0,0,1990,1,0,0,3,6,0,1,0,2307.6923076923076
0,1,0,0,0,0,0,0,0,0,0,1,0,0,0,0,0,0,0,1,0,0,0,3,119.0,1,2025,0,1,0,7,12,1,0,0,1300.0
0,1,0,0,0,0,0,0,0,0,0,0,1,0,0,0,0,0,1,0,0,0,0,2,65.0,0,2017,1,0,0,14,14,0,1,1,1361.5384615384614
0,1,0,0,0,0,0,0,0,0,0,0,0,1,0,0,0,0,0,1,0,0,0,2,78.0,0,2025,1,0,0,7,16,0,0,0,1410.2564102564102
0,1,0,0,0,0,0,0,0,0,0,1,0,0,0,0,0,0,0,1,0,0,0,3,74.29,0,2022,0,1,0,2,16,0,0,0,1245.120473818818
0,1,0,0,0,0,0,0,0,0,0,1,0,0,0,0,0,0,1,0,0,0,0,2,62.0,0,2023,0,1,0,9,13,0,0,0,1806.4516129032259
0,1,0,0,0,0,0,0,0,0,0,0,1,0,0,0,0,0,0,1,0,0,0,5,225.0,0,2019,0,1,0,14,14,1,1,0,1450.0
0,1,0,0,0,0,0,0,0,0,0,1,0,0,0,0,0,0,0,1,0,0,0,1,36.0,0,2023,0,1,0,8,10,0,0,0,1263.888888888889
0,1,0,0,0,0,0,0,0,0,0,1,0,0,0,0,0,0,1,0,0,0,0,2,62.0,1,2019,0,1,0,3,9,0,0,1,1854.8387096774193
1,0,0,0,0,0,0,0,0,0,0,0,1,0,0,0,0,0,0,0,0,1,0,2,43.0,0,1975,1,0,0,4,4,1,1,1,1593.5581395348838
0,0,0,0,1,0,0,0,0,0,0,0,1,0,0,0,0,0,0,0,1,0,0,1,32.0,0,1975,0,0,1,4,4,0,0,0,2028.125
0,0,0,0,1,0,0,0,0,0,0,0,0,0,0,0,0,0,0,0,0,0,0,3,58.0,0,1989,0,0,1,5,5,0,0,0,1353.448275862069
1,0,0,0,0,0,0,0,0,0,0,0,1,0,0,0,0,0,0,0,0,1,0,2,51.0,0,2019,1,0,0,2,5,0,1,1,1598.0392156862745
0,1,0,0,0,0,0,0,0,0,0,1,0,0,0,0,0,0,0,0,1,0,0,2,60.0,0,2023,0,1,0,9,10,0,0,0,1441.6666666666667
0,1,0,0,0,0,0,0,0,0,0,1,0,0,0,0,0,0,1,0,0,0,0,1,27.0,0,2023,0,1,0,5,16,1,0,0,1574.6296296296296
0,0,1,0,0,0,0,0,0,0,0,0,0,0,0,0,0,0,0,0,0,0,0,1,45.0,0,2015,0,0,1,6,9,0,0,0,1533.3333333333333
0,1,0,0,0,0,0,0,0,0,0,1,0,0,0,0,0,0,1,0,0,0,0,2,83.0,0,2023,0,1,0,7,7,0,0,0,1674.698795180723
0,1,0,0,0,0,0,0,0,0,0,0,1,0,0,0,0,0,1,0,0,0,0,2,67.0,1,2023,1,0,0,1,14,1,1,1,1417.910447761194
0,1,0,0,0,0,0,0,0,0,0,0,1,0,0,0,0,0,0,1,0,0,0,2,60.8,0,2021,0,1,0,10,16,1,0,0,1200.0
0,0,1,0,0,0,0,0,0,0,0,0,1,0,0,0,0,0,0,0,1,0,0,3,65.0,1,1992,0,0,1,6,9,0,1,0,1923.076923076923
1,0,0,0,0,0,0,0,0,0,0,0,0,0,0,0,0,0,0,0,0,0,0,1,57.0,0,2020,1,0,0,10,11,0,0,0,1438.5964912280701
0,1,0,0,0,0,0,0,0,0,0,0,1,0,0,0,0,0,0,1,0,0,0,3,77.0,0,2025,1,0,0,11,15,0,0,0,1246.7532467532467
0,1,0,0,0,0,0,0,0,0,0,1,0,0,0,0,0,0,0,1,0,0,0,3,104.0,0,2024,1,0,0,9,12,0,0,0,1076.923076923077
0,1,0,0,0,0,0,0,0,0,0,1,0,0,0,0,0,0,0,1,0,0,0,1,38.0,0,2022,0,1,0,3,12,0,0,0,1184.2105263157894
0,0,0,0,1,0,0,0,0,0,0,0,1,0,0,0,0,0,0,0,1,0,0,2,46.0,1,1970,0,0,1,3,4,0,0,0,1445.6521739130435
0,1,0,0,0,0,0,0,0,0,0,1,0,0,0,0,0,0,0,1,0,0,0,1,41.0,0,2024,1,0,0,1,5,0,0,0,987.8048780487804
0,1,0,0,0,0,0,0,0,0,0,0,1,0,0,0,0,0,0,1,0,0,0,1,56.4,1,2024,1,0,0,14,16,1,0,0,1279.9645390070923
0,1,0,0,0,0,0,0,0,0,0,0,0,1,0,0,0,0,0,1,0,0,0,3,94.0,1,2025,0,1,0,12,12,0,0,0,1159.5744680851064
0,1,0,0,0,0,0,0,0,0,0,1,0,0,0,0,0,0,0,1,0,0,0,1,42.0,0,2024,0,1,0,12,14,0,0,0,1130.952380952381
0,1,0,0,0,0,0,0,0,0,0,0,1,0,0,0,0,0,1,0,0,0,0,1,51.0,0,2022,0,1,0,16,16,1,0,0,1350.0
1,0,0,0,0,0,0,0,0,0,0,0,1,0,0,0,0,0,0,0,1,0,0,3,72.0,0,1986,0,1,0,2,17,0,1,0,1555.5555555555557
0,1,0,0,0,0,0,0,0,0,0,1,0,0,0,0,0,0,0,1,0,0,0,3,101.0,0,2026,1,0,0,5,10,0,0,0,940.5940594059406
0,1,0,0,0,0,0,0,0,0,0,0,1,0,0,0,0,0,1,0,0,0,0,3,94.0,1,2019,0,1,0,9,10,0,1,0,1914.8936170212767
0,1,0,0,0,0,0,0,0,0,0,1,0,0,0,0,0,0,0,1,0,0,0,3,109.0,0,2023,0,1,0,10,12,0,0,0,1650.0
0,1,0,0,0,0,0,0,0,0,0,0,0,0,1,0,0,0,1,0,0,0,0,4,98.0,0,2023,1,0,0,3,10,1,0,0,1632.6530612244899
0,1,0,0,0,0,0,0,0,0,0,1,0,0,0,0,0,0,0,1,0,0,0,1,64.0,0,2019,0,1,0,6,9,0,0,0,1390.625
0,1,0,0,0,0,0,0,0,0,0,1,0,0,0,0,0,0,0,1,0,0,0,1,43.22,0,2023,0,1,0,7,12,0,0,0,1064.322073114299
0,1,0,0,0,0,0,0,0,0,0,0,0,0,0,0,0,0,0,1,0,0,0,1,39.0,0,2023,0,1,0,6,14,1,1,1,1410.2564102564102
0,1,0,0,0,0,0,0,0,0,0,0,0,0,0,0,0,0,0,1,0,0,0,2,63.0,0,2023,0,1,0,9,10,0,0,0,1063.4920634920634
0,0,1,0,0,0,0,0,0,0,0,0,1,0,0,0,0,0,1,0,0,0,0,3,68.0,0,1992,0,0,1,5,9,0,0,0,1691.1764705882354
0,1,0,0,0,0,0,0,0,0,0,0,0,0,0,0,0,0,1,0,0,0,0,3,63.0,1,2021,0,1,0,11,15,0,0,0,1476.1904761904761
0,1,0,0,0,0,0,0,0,0,0,0,1,0,0,0,0,0,1,0,0,0,0,1,57.0,0,2019,1,0,0,6,14,1,1,0,1561.4035087719299
1,0,0,0,0,0,0,0,0,0,0,0,0,0,0,0,0,0,0,0,0,0,0,2,77.0,0,2021,0,1,0,3,12,0,0,0,1844.155844155844
0,0,0,1,0,0,0,0,0,0,0,0,1,0,0,0,0,0,1,0,0,0,0,1,31.0,1,1967,1,0,0,4,5,0,1,1,2032.258064516129
0,1,0,0,0,0,0,0,0,0,0,0,1,0,0,0,0,0,1,0,0,0,0,3,85.0,0,2020,0,1,0,4,12,0,0,0,2135.294117647059
0,0,0,0,0,0,1,0,0,0,0,0,1,0,0,0,0,0,0,0,1,0,0,3,62.0,0,1987,0,0,1,4,9,0,0,0,1725.8064516129032
0,0,0,0,0,0,1,0,0,0,0,0,1,0,0,0,0,0,0,0,1,0,0,3,62.0,0,1987,1,0,0,3,5,0,0,0,1548.3870967741937
0,1,0,0,0,0,0,0,0,0,0,0,1,0,0,0,0,0,0,1,0,0,0,3,107.0,0,2021,0,1,0,4,14,1,0,0,1177.5700934579438
1,0,0,0,0,0,0,0,0,0,0,0,0,0,0,0,0,0,0,0,0,0,0,4,183.6,0,2019,1,0,0,12,12,0,0,0,942.2657952069717
0,1,0,0,0,0,0,0,0,0,0,0,1,0,0,0,0,0,0,1,0,0,0,2,65.63,0,2017,0,1,0,5,10,0,0,0,950.784702117934
0,1,0,0,0,0,0,0,0,0,0,1,0,0,0,0,0,0,0,1,0,0,0,3,73.0,0,2022,0,1,0,16,18,0,0,0,1068.4931506849316
0,1,0,0,0,0,0,0,0,0,0,1,0,0,0,0,0,0,0,1,0,0,0,1,58.0,1,2024,0,1,0,4,12,0,0,0,931.0344827586207
0,0,1,0,0,0,0,0,0,0,0,0,0,0,0,0,0,0,1,0,0,0,0,3,80.0,0,1992,0,0,1,8,9,0,0,0,1587.5
0,1,0,0,0,0,0,0,0,0,0,0,0,1,0,0,0,0,0,1,0,0,0,2,67.44,0,2025,0,1,0,10,10,0,0,0,904.5077105575326
0,1,0,0,0,0,0,0,0,0,0,0,0,1,0,0,0,0,1,0,0,0,0,4,132.0,0,2017,0,1,0,9,10,1,1,1,1613.6363636363637
0,1,0,0,0,0,0,0,0,0,0,0,1,0,0,0,0,0,0,0,1,0,0,3,137.0,1,2022,1,0,0,5,12,0,0,0,1167.8832116788321
0,0,0,0,0,0,1,0,0,0,0,0,0,0,0,0,0,0,0,0,1,0,0,3,62.0,0,1987,1,0,0,3,5,0,0,0,1370.967741935484
0,1,0,0,0,0,0,0,0,0,0,0,1,0,0,0,0,0,1,0,0,0,0,3,85.0,0,2024,0,1,0,3,14,1,0,0,1547.0588235294117
0,1,0,0,0,0,0,0,0,0,0,0,0,0,0,0,0,0,0,1,0,0,0,1,51.0,0,2027,1,0,0,13,15,1,0,0,850.0
0,1,0,0,0,0,0,0,0,0,0,0,1,0,0,0,0,0,1,0,0,0,0,2,88.0,0,2015,0,1,0,2,10,0,1,1,1556.8181818181818
0,0,0,0,0,0,0,0,1,0,0,0,1,0,0,0,0,0,0,0,1,0,0,1,18.0,1,1990,1,0,0,2,5,0,0,0,1638.888888888889
0,1,0,0,0,0,0,0,0,0,0,0,0,1,0,0,0,0,1,0,0,0,0,2,60.0,0,2023,0,1,0,9,10,0,1,0,1558.3333333333333
1,0,0,0,0,0,0,0,0,0,0,0,1,0,0,0,0,0,0,0,0,1,0,1,37.0,0,2019,0,0,1,2,3,1,1,1,1270.2702702702702
1,0,0,0,0,0,0,0,0,0,0,0,0,0,0,0,0,0,0,0,0,0,0,2,73.57,0,2024,1,0,0,8,10,0,0,0,1699.0621177110236
0,1,0,0,0,0,0,0,0,0,0,1,0,0,0,0,0,0,0,1,0,0,0,2,52.18,0,2023,0,1,0,5,14,1,0,0,1054.0436949022614
0,1,0,0,0,0,0,0,0,0,0,0,1,0,0,0,0,0,0,0,1,0,0,1,49.0,0,2021,0,1,0,10,12,0,1,0,1530.6122448979593
0,1,0,0,0,0,0,0,0,0,0,0,0,1,0,0,0,0,0,1,0,0,0,2,122.0,0,2022,0,1,0,15,15,1,0,0,1711.4754098360656
0,1,0,0,0,0,0,0,0,0,0,0,0,1,0,0,0,0,0,1,0,0,0,3,137.0,0,2024,0,1,0,4,16,0,0,0,923.3576642335767
0,1,0,0,0,0,0,0,0,0,0,0,0,1,0,0,0,0,0,1,0,0,0,2,66.4,1,2023,0,1,0,12,12,1,0,1,1099.3975903614457
0,0,0,0,0,1,0,0,0,0,0,0,0,0,0,0,0,0,0,1,0,0,0,1,54.0,0,2023,0,1,0,7,9,0,0,0,1148.148148148148
0,1,0,0,0,0,0,0,0,0,0,0,0,0,0,0,0,0,0,1,0,0,0,1,48.59,0,2023,0,1,0,10,10,0,0,0,1173.080880839679
0,1,0,0,0,0,0,0,0,0,0,0,0,1,0,0,0,0,1,0,0,0,0,2,54.0,0,2023,0,1,0,10,14,0,0,0,1638.888888888889
0,1,0,0,0,0,0,0,0,0,0,0,1,0,0,0,0,0,0,1,0,0,0,3,104.0,0,2024,0,1,0,5,10,1,0,0,1567.3076923076924
0,1,0,0,0,0,0,0,0,0,0,0,1,0,0,0,0,0,0,1,0,0,0,3,96.0,0,2023,1,0,0,5,14,0,1,0,1718.75
0,1,0,0,0,0,0,0,0,0,0,0,0,0,0,0,0,0,0,1,0,0,0,2,78.0,0,2025,0,1,0,13,17,0,0,0,1250.0
0,0,0,1,0,0,0,0,0,0,0,0,1,0,0,0,0,0,0,0,1,0,0,1,29.0,0,1967,1,0,0,3,4,0,0,0,1603.448275862069
0,0,1,0,0,0,0,0,0,0,0,0,0,0,1,0,0,0,1,0,0,0,0,1,26.0,1,2023,0,1,0,6,9,0,1,0,1730.7692307692307
0,0,1,0,0,0,0,0,0,0,0,1,0,0,0,0,0,0,0,1,0,0,0,3,83.0,0,2024,0,1,0,2,9,1,0,0,951.8072289156627
0,0,0,1,0,0,0,0,0,0,0,0,1,0,0,0,0,0,0,1,0,0,0,3,83.0,0,2024,0,1,0,4,14,0,0,0,915.6626506024096
0,1,0,0,0,0,0,0,0,0,0,1,0,0,0,0,0,0,1,0,0,0,0,1,42.0,0,2025,1,0,0,6,9,0,0,0,1321.4285714285713
0,1,0,0,0,0,0,0,0,0,0,0,1,0,0,0,0,0,1,0,0,0,0,2,68.0,0,2020,0,1,0,8,9,1,1,0,1323.5294117647059
0,1,0,0,0,0,0,0,0,0,0,1,0,0,0,0,0,0,0,1,0,0,0,2,80.0,1,2025,0,1,0,9,10,0,0,0,1750.0
1,0,0,0,0,0,0,0,0,0,0,0,1,0,0,0,0,0,0,0,1,0,0,3,76.0,0,2019,1,0,0,9,9,0,1,1,1578.9473684210527
0,0,0,0,0,0,1,0,0,0,0,0,0,0,0,0,0,0,0,0,0,0,0,2,52.0,0,2016,0,0,1,8,9,0,0,0,1288.4615384615386
0,1,0,0,0,0,0,0,0,0,0,0,0,1,0,0,0,0,1,0,0,0,0,1,41.0,0,2022,0,1,0,4,9,0,0,0,1621.9512195121952
0,1,0,0,0,0,0,0,0,0,0,0,1,0,0,0,0,0,0,1,0,0,0,3,93.88,0,2023,0,1,0,3,12,0,0,0,1200.0
0,0,0,0,0,0,0,0,1,0,0,0,0,0,0,0,0,0,0,0,0,0,0,1,21.8,0,2023,0,1,0,1,2,0,0,0,1467.8899082568807
0,1,0,0,0,0,0,0,0,0,0,0,1,0,0,0,0,0,0,1,0,0,0,1,41.0,0,2025,1,0,0,2,12,0,0,0,1085.3658536585365
1,0,0,0,0,0,0,0,0,0,0,0,1,0,0,0,0,0,0,0,1,0,0,1,32.9,1,1972,1,0,0,2,5,0,0,0,1975.6838905775078
0,1,0,0,0,0,0,0,0,0,0,0,1,0,0,0,0,0,1,0,0,0,0,1,42.0,0,2017,0,1,0,9,12,0,0,0,1809.5238095238096
0,0,0,0,1,0,0,0,0,0,0,0,1,0,0,0,0,0,0,0,1,0,0,3,58.0,1,1975,0,0,1,1,4,0,0,0,1500.0
0,0,0,0,1,0,0,0,0,0,0,0,1,0,0,0,0,0,1,0,0,0,0,3,58.0,0,1975,1,0,0,3,4,0,0,0,1637.9310344827586
0,1,0,0,0,0,0,0,0,0,0,1,0,0,0,0,0,0,0,1,0,0,0,2,53.0,0,2023,0,1,0,10,14,1,0,0,1113.2075471698113
0,0,0,0,1,0,0,0,0,0,0,0,1,0,0,0,0,0,0,0,1,0,0,2,43.0,0,1975,0,0,1,3,4,0,0,0,1697.6744186046512
0,1,0,0,0,0,0,0,0,0,0,0,1,0,0,0,0,0,1,0,0,0,0,3,95.0,0,2020,0,0,1,11,16,0,1,1,1252.6315789473683
0,1,0,0,0,0,0,0,0,0,0,0,0,0,0,0,0,0,0,1,0,0,0,1,40.0,0,2024,0,1,0,10,12,1,0,0,1050.0
0,1,0,0,0,0,0,0,0,0,0,1,0,0,0,0,0,0,1,0,0,0,0,3,95.0,0,2023,0,1,0,10,14,0,1,0,1521.0526315789473
0,1,0,0,0,0,0,0,0,0,0,0,1,0,0,0,0,0,0,1,0,0,0,3,69.0,0,2023,1,0,0,10,12,0,0,0,1065.2173913043478
0,0,0,0,1,0,0,0,0,0,0,0,0,0,0,0,0,0,0,0,0,0,0,1,32.0,0,1980,1,0,0,5,5,0,0,0,1875.0
0,1,0,0,0,0,0,0,0,0,0,0,0,0,0,0,0,0,1,0,0,0,0,2,73.0,0,2023,1,0,0,8,12,0,0,0,1260.2739726027398
0,1,0,0,0,0,0,0,0,0,0,0,1,0,0,0,0,0,1,0,0,0,0,2,70.0,1,2018,1,0,0,19,19,1,1,1,2492.8571428571427
1,0,0,0,0,0,0,0,0,0,0,0,0,0,0,0,0,0,0,0,0,0,0,3,132.0,0,2020,1,0,0,7,12,0,0,0,1992.4242424242425
0,1,0,0,0,0,0,0,0,0,0,0,1,0,0,0,0,0,0,1,0,0,0,1,56.9,0,2023,0,1,0,16,16,0,0,0,1353.2513181019333
1,0,0,0,0,0,0,0,0,0,0,0,1,0,0,0,0,0,1,0,0,0,0,2,57.0,0,2019,1,0,0,3,9,0,1,1,1368.421052631579
1,0,0,0,0,0,0,0,0,0,0,0,0,0,0,0,0,0,0,0,0,0,0,2,78.22,0,2025,1,0,0,7,12,0,0,0,952.4418307338277
0,1,0,0,0,0,0,0,0,0,0,0,0,1,0,0,0,0,0,1,0,0,0,1,41.0,0,2024,1,0,0,14,14,1,0,0,1158.5365853658536
0,1,0,0,0,0,0,0,0,0,0,0,0,0,0,0,0,0,0,1,0,0,0,3,123.0,0,2024,0,1,0,4,18,0,0,0,1420.0
0,1,0,0,0,0,0,0,0,0,0,1,0,0,0,0,0,0,1,0,0,0,0,1,47.0,0,2022,0,1,0,7,14,0,0,0,1627.659574468085
0,1,0,0,0,0,0,0,0,0,0,0,1,0,0,0,0,0,1,0,0,0,0,1,37.5,0,2019,0,1,0,6,12,0,0,0,1933.3333333333333
0,1,0,0,0,0,0,0,0,0,0,0,1,0,0,0,0,0,1,0,0,0,0,3,136.0,0,2023,1,0,0,9,9,1,1,0,1544.1176470588234
0,1,0,0,0,0,0,0,0,0,0,0,0,1,0,0,0,0,0,1,0,0,0,2,84.0,0,2025,0,1,0,8,12,0,0,0,1232.142857142857
0,1,0,0,0,0,0,0,0,0,0,0,0,0,0,0,0,0,0,1,0,0,0,1,40.0,0,2023,0,1,0,3,9,0,0,0,1275.0
1,0,0,0,0,0,0,0,0,0,0,0,1,0,0,0,0,0,0,0,1,0,0,3,75.0,0,2019,1,0,0,5,5,0,0,0,1066.6666666666667
0,1,0,0,0,0,0,0,0,0,0,0,0,1,0,0,0,0,0,1,0,0,0,3,77.0,0,2022,0,1,0,8,12,0,0,0,1629.8701298701299
1,0,0,0,0,0,0,0,0,0,0,0,0,0,0,0,0,0,0,0,0,0,0,4,118.3,0,2020,0,1,0,5,5,0,0,0,1344.0405748098055
0,0,0,0,1,0,0,0,0,0,0,0,1,0,0,0,0,0,0,0,0,1,0,2,43.0,0,1975,0,0,1,4,5,0,0,0,1662.7906976744187
0,1,0,0,0,0,0,0,0,0,0,0,0,1,0,0,0,0,1,0,0,0,0,2,71.0,0,2023,1,0,0,2,6,0,0,0,1281.6901408450703
0,1,0,0,0,0,0,0,0,0,0,1,0,0,0,0,0,0,0,1,0,0,0,3,104.0,0,2024,0,1,0,11,14,1,0,0,1127.4038461538462
0,1,0,0,0,0,0,0,0,0,0,0,0,1,0,0,0,0,0,1,0,0,0,3,95.0,1,2025,1,0,0,6,10,1,0,0,1505.2631578947369
0,0,1,0,0,0,0,0,0,0,0,0,1,0,0,0,0,0,0,0,1,0,0,1,42.0,1,1992,0,0,1,8,9,0,0,0,1500.0
0,1,0,0,0,0,0,0,0,0,0,0,1,0,0,0,0,0,1,0,0,0,0,2,68.0,0,2023,0,1,0,10,14,0,0,0,1911.764705882353
0,0,0,0,1,0,0,0,0,0,0,0,1,0,0,0,0,0,1,0,0,0,0,3,59.0,1,1975,0,0,1,5,5,0,1,1,1559.322033898305
0,1,0,0,0,0,0,0,0,0,0,0,1,0,0,0,0,0,1,0,0,0,0,1,50.0,0,2018,0,1,0,13,13,0,0,0,1600.0
0,1,0,0,0,0,0,0,0,0,0,0,0,1,0,0,0,0,1,0,0,0,0,2,54.0,0,2022,0,1,0,10,14,0,0,0,1611.111111111111
0,1,0,0,0,0,0,0,0,0,0,0,1,0,0,0,0,0,0,1,0,0,0,2,52.4,1,2023,0,1,0,3,11,0,0,0,1526.7175572519084
0,1,0,0,0,0,0,0,0,0,0,0,0,1,0,0,0,0,1,0,0,0,0,2,59.0,0,2023,0,1,0,8,10,1,0,0,1745.7627118644068
0,1,0,0,0,0,0,0,0,0,0,0,1,0,0,0,0,0,1,0,0,0,0,2,138.8,1,2018,0,1,0,16,16,0,1,1,1368.8760806916425
0,0,1,0,0,0,0,0,0,0,0,0,1,0,0,0,0,0,0,0,0,1,0,2,52.0,0,1992,0,0,1,4,9,0,1,0,1576.923076923077
0,1,0,0,0,0,0,0,0,0,0,0,1,0,0,0,0,0,1,0,0,0,0,1,74.0,0,2018,0,1,0,6,10,0,1,1,1513.5135135135135
0,1,0,0,0,0,0,0,0,0,0,0,0,1,0,0,0,0,1,0,0,0,0,2,74.0,0,2022,0,1,0,10,16,1,1,0,1750.0
0,1,0,0,0,0,0,0,0,0,0,0,1,0,0,0,0,0,0,0,1,0,0,1,35.0,0,2022,0,1,0,10,14,0,0,0,2014.2857142857142
0,1,0,0,0,0,0,0,0,0,0,0,0,0,0,0,0,0,1,0,0,0,0,2,47.0,0,2023,0,1,0,2,12,0,0,0,1659.5744680851064
0,0,0,0,0,0,1,0,0,0,0,0,1,0,0,0,0,0,1,0,0,0,0,2,50.0,0,1987,0,0,1,5,5,0,1,1,1550.0
0,1,0,0,0,0,0,0,0,0,0,0,1,0,0,0,0,0,1,0,0,0,0,3,103.0,1,2019,0,1,0,10,12,0,1,0,1699.0291262135922
0,1,0,0,0,0,0,0,0,0,0,0,0,0,0,0,0,0,0,1,0,0,0,3,97.0,0,2023,1,0,0,9,17,1,0,0,1100.0
1,0,0,0,0,0,0,0,0,0,0,0,0,0,0,0,0,0,0,0,0,0,0,4,155.8,0,2024,0,1,0,8,20,0,0,0,1508.344030808729
0,1,0,0,0,0,0,0,0,0,0,1,0,0,0,0,0,0,1,0,0,0,0,1,42.0,0,2023,0,1,0,8,10,0,0,0,1583.3333333333333
0,0,0,1,0,0,0,0,0,0,0,0,1,0,0,0,0,0,0,0,0,1,0,2,36.0,0,1965,1,0,0,2,4,0,1,1,1750.0
0,0,0,0,1,0,0,0,0,0,0,0,0,0,0,0,0,0,0,0,0,0,0,3,58.0,0,1975,0,1,0,5,5,0,0,0,1362.0689655172414
0,1,0,0,0,0,0,0,0,0,0,0,1,0,0,0,0,0,0,1,0,0,0,2,67.0,1,2025,0,1,0,8,13,1,0,0,1149.2537313432836
1,0,0,0,0,0,0,0,0,0,0,0,0,0,0,0,0,0,0,0,0,0,0,4,161.1,0,2018,1,0,0,1,4,0,0,0,1551.8311607697083
1,0,0,0,0,0,0,0,0,0,0,0,0,0,0,0,0,0,0,0,0,0,0,2,79.8,0,2021,0,1,0,5,10,0,0,0,1528.8220551378447
0,1,0,0,0,0,0,0,0,0,0,1,0,0,0,0,0,0,0,1,0,0,0,2,72.0,1,2022,1,0,0,7,10,1,1,1,1041.6666666666667
0,1,0,0,0,0,0,0,0,0,0,1,0,0,0,0,0,0,1,0,0,0,0,1,41.0,0,2023,0,1,0,13,13,1,0,0,1365.8536585365853
0,1,0,0,0,0,0,0,0,0,0,1,0,0,0,0,0,0,1,0,0,0,0,2,77.0,0,2018,0,1,0,2,10,0,0,0,1519.4805194805194
0,1,0,0,0,0,0,0,0,0,0,0,1,0,0,0,0,0,1,0,0,0,0,2,53.0,0,2021,0,1,0,6,12,0,0,0,1367.9245283018868
0,1,0,0,0,0,0,0,0,0,0,1,0,0,0,0,0,0,0,1,0,0,0,2,43.0,0,2023,1,0,0,11,14,1,0,0,1220.9302325581396
0,1,0,0,0,0,0,0,0,0,0,1,0,0,0,0,0,0,1,0,0,0,0,1,28.0,0,2025,0,1,0,5,9,0,0,0,1607.142857142857
0,0,1,0,0,0,0,0,0,0,0,0,0,0,1,0,0,0,0,0,1,0,0,1,45.5,1,2014,0,0,1,4,9,0,1,1,1318.6813186813188
0,1,0,0,0,0,0,0,0,0,0,1,0,0,0,0,0,0,1,0,0,0,0,3,95.0,1,2025,0,1,0,14,14,0,0,0,852.6315789473684
0,1,0,0,0,0,0,0,0,0,0,1,0,0,0,0,0,0,0,1,0,0,0,3,100.0,1,2024,0,1,0,6,12,1,0,0,1250.0
0,0,0,0,0,1,0,0,0,0,0,1,0,0,0,0,0,0,1,0,0,0,0,1,25.0,0,2023,0,1,0,5,9,0,0,0,1860.0
0,1,0,0,0,0,0,0,0,0,0,1,0,0,0,0,0,0,0,1,0,0,0,1,38.0,0,2025,1,0,0,9,16,0,0,0,1092.1052631578948
0,1,0,0,0,0,0,0,0,0,0,1,0,0,0,0,0,0,0,1,0,0,0,2,77.0,0,2024,0,1,0,4,15,1,0,0,1227.2727272727273
0,0,1,0,0,0,0,0,0,0,0,0,1,0,0,0,0,0,0,0,0,1,0,1,36.0,1,1992,1,0,0,7,9,0,1,1,1552.7777777777778
1,0,0,0,0,0,0,0,0,0,0,0,0,0,0,0,0,0,0,0,0,0,0,1,52.0,0,2024,1,0,0,3,9,0,0,0,1019.2307692307693
0,1,0,0,0,0,0,0,0,0,0,0,1,0,0,0,0,0,1,0,0,0,0,3,100.0,0,2015,0,1,0,5,9,1,1,1,3200.0
0,1,0,0,0,0,0,0,0,0,0,0,1,0,0,0,0,0,1,0,0,0,0,1,42.0,0,2018,0,1,0,2,10,0,1,1,1904.7619047619048
0,0,0,0,1,0,0,0,0,0,0,0,1,0,0,0,0,0,0,0,1,0,0,2,45.0,0,1975,0,0,1,2,4,0,0,0,1777.7777777777778
0,0,0,0,1,0,0,0,0,0,0,0,1,0,0,0,0,0,1,0,0,0,0,3,60.0,1,1975,0,0,1,4,4,0,1,1,1466.6666666666667
0,1,0,0,0,0,0,0,0,0,0,0,0,0,0,0,0,0,1,0,0,0,0,1,42.0,0,2023,0,1,0,13,13,1,0,0,1690.4761904761904
0,0,0,0,0,0,0,0,1,0,0,0,0,0,0,0,0,0,0,0,0,0,0,1,35.0,0,2009,0,0,1,6,9,0,0,0,2057.1428571428573
0,0,0,1,0,0,0,0,0,0,0,0,1,0,0,0,0,0,0,0,0,1,0,2,40.0,0,1967,1,0,0,1,3,0,1,1,1497.5
0,0,0,0,0,0,0,0,1,0,0,0,0,0,1,0,0,0,0,0,0,1,0,1,17.0,0,1990,1,0,0,2,5,0,1,1,1441.1764705882354
0,1,0,0,0,0,0,0,0,0,0,1,0,0,0,0,0,0,1,0,0,0,0,1,46.0,0,2022,0,1,0,9,12,0,0,0,1706.5217391304348
0,1,0,0,0,0,0,0,0,0,0,1,0,0,0,0,0,0,1,0,0,0,0,1,54.0,0,2023,0,0,1,1,9,1,0,0,1166.6666666666667
0,1,0,0,0,0,0,0,0,0,0,1,0,0,0,0,0,0,0,1,0,0,0,2,82.0,0,2024,1,0,0,2,9,0,0,0,1012.1951219512196
1,0,0,0,0,0,0,0,0,0,0,0,1,0,0,0,0,0,0,0,1,0,0,2,50.0,0,2019,1,0,0,1,4,0,1,1,1470.0
0,1,0,0,0,0,0,0,0,0,0,0,1,0,0,0,0,0,0,1,0,0,0,2,78.0,0,2023,0,1,0,15,16,1,0,0,1089.7435897435898
0,1,0,0,0,0,0,0,0,0,0,0,1,0,0,0,0,0,1,0,0,0,0,3,125.0,1,2019,0,1,0,12,12,0,0,0,1824.0
1,0,0,0,0,0,0,0,0,0,0,0,0,0,1,0,0,0,0,0,0,1,0,3,52.0,0,1970,0,0,1,1,2,0,1,1,1673.076923076923
0,1,0,0,0,0,0,0,0,0,0,1,0,0,0,0,0,0,0,0,0,0,1,1,52.0,0,2027,0,1,0,5,14,1,0,0,1100.0
0,1,0,0,0,0,0,0,0,0,0,0,1,0,0,0,0,0,1,0,0,0,0,3,96.9,1,2015,1,0,0,7,10,0,1,1,1620.2270381836945
0,0,0,0,0,0,1,0,0,0,0,0,1,0,0,0,0,0,0,0,1,0,0,2,49.0,1,1989,0,0,1,3,5,0,0,1,1530.6122448979593
0,1,0,0,0,0,0,0,0,0,0,1,0,0,0,0,0,0,0,1,0,0,0,3,100.0,0,2022,0,1,0,7,16,0,0,0,1060.0
1,0,0,0,0,0,0,0,0,0,0,0,0,1,0,0,0,0,0,0,0,1,0,4,129.0,0,2013,1,0,0,1,1,0,0,0,1567.4573643410852
0,1,0,0,0,0,0,0,0,0,0,0,1,0,0,0,0,0,0,0,1,0,0,1,49.0,0,2023,1,0,0,10,12,0,0,0,1530.6122448979593
0,1,0,0,0,0,0,0,0,0,0,0,1,0,0,0,0,0,1,0,0,0,0,2,68.0,0,2023,0,1,0,10,10,1,1,0,1514.7058823529412
0,1,0,0,0,0,0,0,0,0,0,1,0,0,0,0,0,0,0,1,0,0,0,3,63.3,0,2024,1,0,0,2,12,1,0,0,950.0
0,1,0,0,0,0,0,0,0,0,0,1,0,0,0,0,0,0,0,1,0,0,0,3,106.0,0,2021,0,1,0,6,14,1,0,0,1042.4528301886792
0,0,0,1,0,0,0,0,0,0,0,0,1,0,0,0,0,0,0,0,1,0,0,1,31.0,0,1967,1,0,0,2,5,0,1,0,1790.3225806451612
0,1,0,0,0,0,0,0,0,0,0,1,0,0,0,0,0,0,0,1,0,0,0,3,104.0,0,2024,0,1,0,9,12,1,0,0,1076.923076923077
0,1,0,0,0,0,0,0,0,0,0,0,0,0,0,0,0,0,0,0,1,0,0,3,75.4,0,2023,1,0,0,6,8,0,0,0,1286.472148541114
0,0,0,1,0,0,0,0,0,0,0,0,1,0,0,0,0,0,0,0,1,0,0,2,42.0,0,1967,1,0,0,4,4,0,1,0,1547.6190476190477
0,1,0,0,0,0,0,0,0,0,0,0,0,0,0,0,0,0,1,0,0,0,0,1,44.0,0,2022,0,1,0,11,17,0,0,0,1534.090909090909
1,0,0,0,0,0,0,0,0,0,0,0,0,0,0,0,0,0,0,0,0,0,0,1,53.0,0,2024,0,1,0,5,12,0,0,0,1283.0188679245282
0,0,0,0,1,0,0,0,0,0,0,0,1,0,0,0,0,0,1,0,0,0,0,2,43.0,1,1975,0,0,1,3,4,0,0,1,1511.6279069767443
0,0,0,0,0,0,1,0,0,0,0,0,1,0,0,0,0,0,1,0,0,0,0,1,34.0,0,1980,1,0,0,9,9,0,0,0,1661.764705882353
0,0,1,0,0,0,0,0,0,0,0,0,0,0,0,0,0,0,1,0,0,0,0,3,100.0,0,2019,0,0,1,9,9,0,0,0,1125.0
0,0,0,0,0,0,1,0,0,0,0,0,0,0,0,0,0,0,1,0,0,0,0,1,47.0,0,2014,0,1,0,1,9,0,0,0,1372.340425531915
1,0,0,0,0,0,0,0,0,0,0,0,0,0,0,0,0,0,0,0,0,0,0,3,103.9,0,2009,1,0,0,3,5,0,0,0,1347.4494706448506
0,1,0,0,0,0,0,0,0,0,0,1,0,0,0,0,0,0,0,1,0,0,0,2,62.0,1,2025,1,0,0,9,10,1,0,0,1400.0
0,0,0,0,1,0,0,0,0,0,0,0,1,0,0,0,0,0,0,0,0,1,0,3,58.0,0,1975,0,0,1,4,4,0,1,1,1206.896551724138
0,1,0,0,0,0,0,0,0,0,0,0,1,0,0,0,0,0,1,0,0,0,0,3,103.0,0,2025,0,1,0,7,16,0,0,0,1922.3300970873786
0,1,0,0,0,0,0,0,0,0,0,0,1,0,0,0,0,0,0,0,1,0,0,2,54.0,0,2023,0,0,1,9,9,0,0,0,1759.2592592592594
0,0,0,0,1,0,0,0,0,0,0,0,0,1,0,0,0,0,0,1,0,0,0,1,39.69,1,1975,1,0,0,5,9,0,0,0,969.9924414210129
0,1,0,0,0,0,0,0,0,0,0,1,0,0,0,0,0,0,0,1,0,0,0,2,77.0,0,2024,0,1,0,12,12,1,0,0,1207.7922077922078
0,1,0,0,0,0,0,0,0,0,0,0,1,0,0,0,0,0,0,0,0,0,1,3,83.0,0,2026,0,1,0,7,12,0,0,0,880.0
0,0,0,0,0,1,0,0,0,0,0,0,0,0,0,0,0,0,0,1,0,0,0,1,53.0,0,2024,0,1,0,3,9,0,0,0,1037.7358490566037
0,1,0,0,0,0,0,0,0,0,0,1,0,0,0,0,0,0,0,1,0,0,0,2,59.0,1,2025,0,1,0,3,10,0,0,0,1220.3389830508474
0,1,0,0,0,0,0,0,0,0,0,0,0,0,0,0,0,0,0,1,0,0,0,3,118.0,0,2022,0,1,0,3,5,0,0,0,1991.5254237288136
0,0,0,0,0,1,0,0,0,0,0,0,0,1,0,0,0,0,1,0,0,0,0,5,118.0,0,2022,0,1,0,7,9,0,0,0,1508.4745762711864
0,0,0,0,0,0,1,0,0,0,0,0,0,0,0,0,0,0,0,0,0,0,0,3,62.0,0,1983,0,0,1,9,9,0,0,0,1362.9032258064517
0,0,0,0,0,0,0,0,1,0,0,0,1,0,0,0,0,0,1,0,0,0,0,1,18.0,1,1990,1,0,0,2,5,0,1,1,1555.5555555555557
0,1,0,0,0,0,0,0,0,0,0,0,1,0,0,0,0,0,1,0,0,0,0,2,53.0,1,2024,1,0,0,12,12,1,0,0,1386.7924528301887
0,0,0,0,1,0,0,0,0,0,0,0,1,0,0,0,0,0,0,0,1,0,0,2,44.0,0,1975,0,0,1,2,4,0,0,0,1602.2727272727273
0,1,0,0,0,0,0,0,0,0,0,0,1,0,0,0,0,0,0,1,0,0,0,3,136.0,0,2024,0,1,0,15,16,0,0,0,1144.8529411764705
0,1,0,0,0,0,0,0,0,0,0,0,1,0,0,0,0,0,1,0,0,0,0,4,112.0,0,2023,0,1,0,10,13,0,0,0,1629.4642857142858
0,1,0,0,0,0,0,0,0,0,0,1,0,0,0,0,0,0,1,0,0,0,0,2,80.0,0,2022,1,0,0,5,14,0,0,0,2037.5
0,1,0,0,0,0,0,0,0,0,0,0,0,0,0,0,0,0,0,1,0,0,0,2,76.0,0,2023,0,1,0,16,16,0,0,0,1105.2631578947369
0,1,0,0,0,0,0,0,0,0,0,1,0,0,0,0,0,0,0,1,0,0,0,3,70.0,0,2025,0,1,0,10,12,1,0,0,1192.857142857143
0,1,0,0,0,0,0,0,0,0,0,1,0,0,0,0,0,0,1,0,0,0,0,2,74.0,0,2020,0,1,0,10,10,1,1,1,1594.5945945945946
0,0,1,0,0,0,0,0,0,0,0,0,1,0,0,0,0,0,1,0,0,0,0,3,81.0,0,2019,0,0,1,1,9,0,0,0,1209.8765432098764
0,1,0,0,0,0,0,0,0,0,0,0,0,0,0,0,0,0,0,1,0,0,0,3,119.0,0,2025,0,1,0,14,14,1,0,0,1210.0840336134454
0,1,0,0,0,0,0,0,0,0,0,0,1,0,0,0,0,0,1,0,0,0,0,3,87.0,0,2016,0,1,0,9,10,0,1,1,1586.2068965517242
0,0,1,0,0,0,0,0,0,0,0,0,0,0,0,0,0,0,0,0,1,0,0,2,54.0,0,2019,0,0,1,7,9,0,1,1,1537.037037037037
0,1,0,0,0,0,0,0,0,0,0,0,1,0,0,0,0,0,1,0,0,0,0,1,50.0,0,2024,0,1,0,3,12,0,0,0,1490.0
0,1,0,0,0,0,0,0,0,0,0,1,0,0,0,0,0,0,0,1,0,0,0,2,72.0,0,2021,1,0,0,7,12,1,1,1,1027.7777777777778
0,1,0,0,0,0,0,0,0,0,0,1,0,0,0,0,0,0,0,1,0,0,0,3,100.0,0,2026,1,0,0,6,19,1,0,0,1100.0
0,1,0,0,0,0,0,0,0,0,0,0,1,0,0,0,0,0,1,0,0,0,0,2,62.6,1,2017,1,0,0,11,12,0,0,0,2316.29392971246
0,1,0,0,0,0,0,0,0,0,0,0,0,0,0,0,0,0,1,0,0,0,0,1,43.0,0,2023,0,1,0,2,12,0,0,0,1767.4418604651162
0,1,0,0,0,0,0,0,0,0,0,0,0,1,0,0,0,0,1,0,0,0,0,1,40.0,0,2023,0,1,0,5,5,1,0,0,1425.0
0,1,0,0,0,0,0,0,0,0,0,1,0,0,0,0,0,0,0,0,0,0,1,1,46.25,0,2023,0,1,0,6,12,1,0,0,1059.4594594594594
0,0,0,1,0,0,0,0,0,0,0,0,1,0,0,0,0,0,0,0,1,0,0,2,42.0,0,1967,1,0,0,3,4,0,0,0,1583.3333333333333
0,1,0,0,0,0,0,0,0,0,0,0,1,0,0,0,0,0,0,1,0,0,0,2,77.0,0,2023,0,1,0,11,14,1,0,0,1993.5064935064936
0,1,0,0,0,0,0,0,0,0,0,0,1,0,0,0,0,0,1,0,0,0,0,2,75.0,0,2023,1,0,0,12,15,0,1,1,1826.6666666666667
1,0,0,0,0,0,0,0,0,0,0,0,1,0,0,0,0,0,1,0,0,0,0,3,70.0,0,2019,0,0,1,1,4,0,0,0,1642.857142857143
0,1,0,0,0,0,0,0,0,0,0,0,1,0,0,0,0,0,0,0,1,0,0,1,50.0,0,2019,0,1,0,2,14,0,0,0,1378.0
0,1,0,0,0,0,0,0,0,0,0,1,0,0,0,0,0,0,0,1,0,0,0,1,39.0,0,2024,0,1,0,7,12,0,0,0,1243.5897435897436
0,1,0,0,0,0,0,0,0,0,0,0,1,0,0,0,0,0,1,0,0,0,0,2,102.0,0,2021,0,1,0,11,14,0,0,0,1843.137254901961
0,1,0,0,0,0,0,0,0,0,0,1,0,0,0,0,0,0,0,1,0,0,0,1,46.0,0,2024,0,1,0,12,14,0,0,1,1347.8260869565217
1,0,0,0,0,0,0,0,0,0,0,0,0,0,0,0,0,0,0,0,0,0,0,3,74.0,0,2018,0,1,0,8,13,0,0,0,1472.972972972973
1,0,0,0,0,0,0,0,0,0,0,0,1,0,0,0,0,0,0,0,1,0,0,2,45.0,0,2019,1,0,0,3,5,1,1,1,1644.4444444444443
0,1,0,0,0,0,0,0,0,0,0,1,0,0,0,0,0,0,0,1,0,0,0,2,68.0,0,2026,0,1,0,12,12,0,0,0,820.0
1,0,0,0,0,0,0,0,0,0,0,0,0,0,0,0,0,0,0,0,0,0,0,3,140.0,0,2024,0,1,0,16,16,0,0,0,1442.142857142857
0,1,0,0,0,0,0,0,0,0,0,1,0,0,0,0,0,0,1,0,0,0,0,3,117.0,0,2025,0,1,0,2,12,0,0,0,1324.7863247863247
0,1,0,0,0,0,0,0,0,0,0,0,1,0,0,0,0,0,1,0,0,0,0,1,46.0,0,2020,0,1,0,2,10,0,1,1,1434.7826086956522
0,0,0,0,0,1,0,0,0,0,0,0,0,1,0,0,0,0,1,0,0,0,0,1,48.0,0,2022,0,1,0,1,9,0,0,0,1666.6666666666667
0,1,0,0,0,0,0,0,0,0,0,1,0,0,0,0,0,0,1,0,0,0,0,1,40.0,0,2025,1,0,0,3,9,0,0,0,1450.0
1,0,0,0,0,0,0,0,0,0,0,0,0,0,0,0,0,0,0,0,0,0,0,3,107.3,0,2024,0,1,0,7,12,0,0,0,1118.3597390493942
0,1,0,0,0,0,0,0,0,0,0,0,0,0,0,0,0,0,1,0,0,0,0,6,457.0,0,2019,0,1,0,9,9,1,1,0,1500.0
0,1,0,0,0,0,0,0,0,0,0,1,0,0,0,0,0,0,1,0,0,0,0,3,86.0,0,2022,1,0,0,11,14,0,0,0,2000.0
1,0,0,0,0,0,0,0,0,0,0,0,0,0,0,0,0,0,0,0,0,0,0,3,102.4,0,2005,0,1,0,10,10,0,0,0,1230.46875
0,1,0,0,0,0,0,0,0,0,0,1,0,0,0,0,0,0,1,0,0,0,0,3,131.0,1,2024,1,0,0,8,14,0,0,0,1793.8931297709923
0,1,0,0,0,0,0,0,0,0,0,1,0,0,0,0,0,0,0,1,0,0,0,4,183.0,0,2021,1,0,0,11,14,0,0,0,1510.0
0,0,0,0,0,0,1,0,0,0,0,0,1,0,0,0,0,0,0,0,0,1,0,1,34.0,0,1990,0,0,1,4,9,0,1,0,1676.4705882352941
0,1,0,0,0,0,0,0,0,0,0,0,0,0,0,0,0,0,0,1,0,0,0,2,68.0,0,2025,0,1,0,8,12,1,0,0,850.0
0,1,0,0,0,0,0,0,0,0,0,0,1,0,0,0,0,0,1,0,0,0,0,2,60.0,0,2021,0,1,0,14,15,0,0,0,1700.0
0,1,0,0,0,0,0,0,0,0,0,0,1,0,0,0,0,0,1,0,0,0,0,1,42.0,0,2024,0,1,0,8,14,1,0,0,1595.2380952380952
1,0,0,0,0,0,0,0,0,0,0,0,0,0,0,0,0,1,0,0,1,0,0,1,30.0,1,2022,1,0,0,1,2,1,1,0,1233.3
0,1,0,0,0,0,0,0,0,0,0,1,0,0,0,0,0,0,1,0,0,0,0,2,62.0,0,2023,0,1,0,11,14,1,0,0,1435.467741935484
0,0,0,0,1,0,0,0,0,0,0,0,1,0,0,0,0,0,1,0,0,0,0,3,58.0,1,1975,0,0,1,4,4,0,1,0,1450.0
0,1,0,0,0,0,0,0,0,0,0,0,0,1,0,0,0,0,1,0,0,0,0,2,39.0,0,2023,1,0,0,2,5,0,0,0,1458.974358974359
0,1,0,0,0,0,0,0,0,0,0,1,0,0,0,0,0,0,1,0,0,0,0,1,49.0,0,2024,1,0,0,11,12,0,0,0,1326.530612244898
0,1,0,0,0,0,0,0,0,0,0,0,0,1,0,0,0,0,0,1,0,0,0,3,92.0,1,2024,0,1,0,8,14,1,1,1,1027.1739130434783
0,1,0,0,0,0,0,0,0,0,0,0,0,0,1,0,0,0,1,0,0,0,0,1,49.0,0,2020,0,0,1,4,12,0,0,0,1112.2448979591836
0,1,0,0,0,0,0,0,0,0,0,0,1,0,0,0,0,0,0,1,0,0,0,3,75.0,0,2023,0,1,0,7,10,0,0,0,1089.3333333333333
0,1,0,0,0,0,0,0,0,0,0,0,1,0,0,0,0,0,1,0,0,0,0,2,66.0,0,2024,0,1,0,12,12,1,0,0,1787.878787878788
0,0,0,0,0,1,0,0,0,0,0,0,0,1,0,0,0,0,0,1,0,0,0,1,39.0,0,2025,0,0,1,4,10,1,0,0,1271.7948717948718
1,0,0,0,0,0,0,0,0,0,0,0,0,0,0,0,0,0,1,0,0,0,0,1,38.0,0,2019,1,0,0,3,3,1,0,0,1184.2105263157894
0,0,1,0,0,0,0,0,0,0,0,0,1,0,0,0,0,0,1,0,0,0,0,4,100.0,0,2015,0,0,1,5,9,1,1,1,1365.0
1,0,0,0,0,0,0,0,0,0,0,0,0,0,0,0,0,0,0,0,0,0,0,3,108.11,0,2025,0,1,0,11,15,0,0,0,1137.73008972343
0,1,0,0,0,0,0,0,0,0,0,0,0,1,0,0,0,0,1,0,0,0,0,4,154.0,1,2024,1,0,0,2,12,0,1,1,1480.5194805194806
0,1,0,0,0,0,0,0,0,0,0,0,1,0,0,0,0,0,0,1,0,0,0,2,72.0,0,2023,0,1,0,8,12,1,0,0,1277.7777777777778
1,0,0,0,0,0,0,0,0,0,0,0,0,0,0,0,0,0,0,0,0,0,0,2,83.0,0,2022,0,1,0,4,10,0,0,0,759.0361445783133
0,1,0,0,0,0,0,0,0,0,0,1,0,0,0,0,0,0,0,1,0,0,0,3,93.0,0,2024,0,1,0,13,15,0,0,0,1000.0
0,1,0,0,0,0,0,0,0,0,0,1,0,0,0,0,0,0,0,1,0,0,0,1,51.0,0,2026,0,1,0,16,16,1,0,0,880.0
0,1,0,0,0,0,0,0,0,0,0,1,0,0,0,0,0,0,0,1,0,0,0,3,120.0,0,2024,1,0,0,3,15,0,0,0,1663.75
0,1,0,0,0,0,0,0,0,0,0,0,1,0,0,0,0,0,0,1,0,0,0,3,77.0,0,2024,0,1,0,8,10,1,0,0,1584.4155844155844
1,0,0,0,0,0,0,0,0,0,0,0,0,1,0,0,0,0,1,0,0,0,0,1,42.0,1,2023,1,0,0,2,2,0,0,0,1071.4285714285713
0,1,0,0,0,0,0,0,0,0,0,0,1,0,0,0,0,0,0,0,1,0,0,3,100.0,0,2017,0,1,0,2,9,1,1,1,1320.0
0,1,0,0,0,0,0,0,0,0,0,1,0,0,0,0,0,0,0,1,0,0,0,3,95.0,0,2023,0,1,0,9,9,1,0,0,968.421052631579
0,1,0,0,0,0,0,0,0,0,0,0,0,0,0,0,0,0,0,1,0,0,0,3,99.0,0,2022,0,1,0,8,16,0,0,0,1025.2525252525252
0,0,0,0,1,0,0,0,0,0,0,0,1,0,0,0,0,0,1,0,0,0,0,3,59.0,0,1975,0,0,1,4,4,0,0,0,1440.677966101695
0,1,0,0,0,0,0,0,0,0,0,0,1,0,0,0,0,0,0,1,0,0,0,2,56.0,0,2024,0,1,0,6,12,0,0,0,1000.0
0,1,0,0,0,0,0,0,0,0,0,1,0,0,0,0,0,0,0,0,1,0,0,1,42.0,0,2023,0,1,0,9,14,0,1,0,1619.047619047619
1,0,0,0,0,0,0,0,0,0,0,0,0,0,0,0,0,0,0,0,0,0,0,5,186.0,0,2018,1,0,0,4,13,0,0,0,1505.3763440860216
0,1,0,0,0,0,0,0,0,0,0,0,0,1,0,0,0,0,0,1,0,0,0,4,179.0,0,2016,0,1,0,13,15,1,1,1,1700.0
0,0,1,0,0,0,0,0,0,0,0,0,0,0,1,0,0,0,1,0,0,0,0,2,62.0,0,2019,0,0,1,1,9,0,1,1,1451.6129032258063
1,0,0,0,0,0,0,0,0,0,0,0,0,0,0,0,0,0,0,0,0,0,0,2,82.92,0,2025,1,0,0,6,12,0,0,0,952.7255185721177
0,1,0,0,0,0,0,0,0,0,0,0,0,1,0,0,0,0,0,1,0,0,0,3,103.19,0,2025,0,1,0,3,15,1,0,0,1000.0
0,0,0,1,0,0,0,0,0,0,0,0,1,0,0,0,0,0,0,0,1,0,0,2,44.0,1,1960,1,0,0,2,3,0,1,0,1250.0
0,1,0,0,0,0,0,0,0,0,0,0,1,0,0,0,0,0,0,1,0,0,0,2,66.0,0,2024,0,1,0,10,16,0,0,0,1350.0
1,0,0,0,0,0,0,0,0,0,0,0,0,0,0,0,0,0,0,0,0,0,0,3,85.9,0,2017,1,0,0,4,9,0,0,0,1396.9732246798603
0,1,0,0,0,0,0,0,0,0,0,0,1,0,0,0,0,0,1,0,0,0,0,2,56.0,0,2023,1,0,0,15,16,0,0,1,1678.5714285714287
0,1,0,0,0,0,0,0,0,0,0,0,0,1,0,0,0,0,0,1,0,0,0,2,70.0,0,2023,0,1,0,3,12,1,0,0,1171.4285714285713
0,1,0,0,0,0,0,0,0,0,0,1,0,0,0,0,0,0,1,0,0,0,0,3,122.0,0,2019,0,1,0,7,14,0,0,0,1967.2131147540983
1,0,0,0,0,0,0,0,0,0,0,0,1,0,0,0,0,0,0,0,0,1,0,4,80.0,0,1973,1,0,0,5,6,0,1,1,1437.5
0,1,0,0,0,0,0,0,0,0,0,0,1,0,0,0,0,0,1,0,0,0,0,2,78.0,0,2022,0,1,0,10,14,0,0,0,1666.6666666666667
0,0,0,0,0,0,1,0,0,0,0,0,1,0,0,0,0,0,0,0,1,0,0,1,34.0,0,1987,0,0,1,6,9,0,0,0,1602.9411764705883
0,1,0,0,0,0,0,0,0,0,0,0,1,0,0,0,0,0,1,0,0,0,0,2,57.0,0,2025,1,0,0,14,16,1,0,1,1394.7368421052631
0,1,0,0,0,0,0,0,0,0,0,0,1,0,0,0,0,0,0,1,0,0,0,1,49.2,0,2025,0,1,0,9,14,1,0,0,1178.861788617886
0,1,0,0,0,0,0,0,0,0,0,1,0,0,0,0,0,0,1,0,0,0,0,2,74.0,0,2022,1,0,0,13,14,0,0,0,1729.7297297297298
0,1,0,0,0,0,0,0,0,0,0,0,1,0,0,0,0,0,1,0,0,0,0,1,47.0,0,2023,0,1,0,12,12,0,0,0,1436.1702127659576
0,1,0,0,0,0,0,0,0,0,0,0,0,1,0,0,0,0,0,1,0,0,0,2,81.0,0,2023,0,1,0,6,14,0,0,0,1358.0246913580247
0,1,0,0,0,0,0,0,0,0,0,1,0,0,0,0,0,0,0,1,0,0,0,2,77.0,0,2024,0,1,0,4,12,1,0,0,1168.8311688311687
0,0,0,0,0,0,1,0,0,0,0,0,1,0,0,0,0,0,0,0,1,0,0,1,32.0,0,1987,1,0,0,7,9,0,0,0,1796.875
0,0,0,1,0,0,0,0,0,0,0,0,1,0,0,0,0,0,0,0,1,0,0,1,30.0,1,1967,1,0,0,1,4,0,1,0,1833.3333333333333
0,1,0,0,0,0,0,0,0,0,0,0,1,0,0,0,0,0,0,1,0,0,0,3,85.0,0,2024,0,1,0,7,12,1,0,0,1150.0
0,1,0,0,0,0,0,0,0,0,0,0,0,1,0,0,0,0,0,1,0,0,0,3,100.0,0,2022,0,0,1,5,14,0,0,0,1480.0
1,0,0,0,0,0,0,0,0,0,0,0,0,0,0,0,0,0,0,0,0,0,0,2,69.9,0,2025,0,1,0,6,10,0,0,0,1373.390557939914
1,0,0,0,0,0,0,0,0,0,0,0,0,0,0,0,0,0,1,0,0,0,0,3,69.0,0,2019,1,0,0,3,5,0,0,0,1811.5942028985507
1,0,0,0,0,0,0,0,0,0,0,0,0,0,0,0,0,0,0,0,0,0,0,2,74.78,0,2019,1,0,0,11,15,0,0,0,989.5694035838459
0,0,0,1,0,0,0,0,0,0,0,0,1,0,0,0,0,0,0,0,1,0,0,1,29.0,0,1967,1,0,0,1,4,0,0,0,1931.0344827586207
0,1,0,0,0,0,0,0,0,0,0,1,0,0,0,0,0,0,0,0,0,0,1,2,80.78,0,2023,1,0,0,11,16,1,0,0,903.6890319385986
0,1,0,0,0,0,0,0,0,0,0,1,0,0,0,0,0,0,0,1,0,0,0,1,41.0,0,2024,1,0,0,12,14,0,0,0,1060.9756097560976
0,1,0,0,0,0,0,0,0,0,0,0,1,0,0,0,0,0,0,1,0,0,0,2,80.0,0,2021,0,1,0,8,12,0,0,0,1150.0
0,1,0,0,0,0,0,0,0,0,0,1,0,0,0,0,0,0,1,0,0,0,0,2,60.0,0,2019,0,1,0,5,12,0,0,0,2108.3333333333335
1,0,0,0,0,0,0,0,0,0,0,0,0,0,0,0,0,0,0,0,0,0,0,2,88.9,0,2022,0,1,0,10,13,0,0,0,1799.7750281214846
0,1,0,0,0,0,0,0,0,0,0,0,1,0,0,0,0,0,1,0,0,0,0,1,48.0,0,2016,0,1,0,11,12,1,1,1,1500.0
0,1,0,0,0,0,0,0,0,0,0,0,0,0,0,0,0,0,0,1,0,0,0,3,126.0,0,2024,0,1,0,14,18,0,0,0,1031.7460317460318
0,1,0,0,0,0,0,0,0,0,0,0,0,0,0,0,0,0,0,1,0,0,0,2,73.0,0,2024,0,1,0,8,16,0,0,0,1219.1780821917807
0,1,0,0,0,0,0,0,0,0,0,1,0,0,0,0,0,0,1,0,0,0,0,3,102.0,0,2022,0,1,0,14,15,0,1,0,1656.862745098039
1,0,0,0,0,0,0,0,0,0,0,0,0,0,0,0,0,0,0,0,0,0,0,3,68.4,0,1969,1,0,0,5,5,0,0,0,1147.6608187134502
0,1,0,0,0,0,0,0,0,0,0,0,1,0,0,0,0,0,0,1,0,0,0,1,42.0,0,2025,1,0,0,7,10,1,0,0,1166.0
1,0,0,0,0,0,0,0,0,0,0,0,0,0,0,0,0,0,1,0,0,0,0,2,52.0,0,2019,1,0,0,4,5,0,0,0,1413.4615384615386
1,0,0,0,0,0,0,0,0,0,0,0,0,0,1,0,0,0,0,0,1,0,0,3,58.0,0,2005,1,0,0,1,1,1,1,1,689.6551724137931
0,1,0,0,0,0,0,0,0,0,0,1,0,0,0,0,0,0,0,1,0,0,0,1,48.0,0,2025,0,1,0,12,17,1,0,0,975.0
0,0,0,0,0,1,0,0,0,0,0,1,0,0,0,0,0,0,0,1,0,0,0,3,89.0,1,2025,0,0,1,4,9,0,0,0,1101.123595505618
1,0,0,0,0,0,0,0,0,0,0,0,1,0,0,0,0,0,0,0,1,0,0,2,60.0,0,2015,1,0,0,2,2,0,0,0,1116.6666666666667
0,1,0,0,0,0,0,0,0,0,0,1,0,0,0,0,0,0,0,1,0,0,0,1,53.0,0,2023,0,1,0,8,16,0,0,0,1009.433962264151
0,1,0,0,0,0,0,0,0,0,0,0,0,0,0,0,0,0,0,1,0,0,0,3,107.47,0,2020,0,1,0,3,8,0,0,0,1300.0
1,0,0,0,0,0,0,0,0,0,0,0,0,0,0,0,0,0,0,0,0,0,0,1,50.0,0,2022,0,1,0,12,13,0,0,0,1500.0
0,1,0,0,0,0,0,0,0,0,0,0,1,0,0,0,0,0,0,0,0,0,1,1,48.11,0,2023,0,1,0,17,18,1,0,0,1205.5705674495946
0,1,0,0,0,0,0,0,0,0,0,1,0,0,0,0,0,0,1,0,0,0,0,3,77.0,0,2020,0,1,0,5,12,1,1,1,2331.1688311688313
0,1,0,0,0,0,0,0,0,0,0,0,1,0,0,0,0,0,1,0,0,0,0,3,58.0,0,2023,1,0,0,1,4,0,1,0,1482.7586206896551
0,1,0,0,0,0,0,0,0,0,0,1,0,0,0,0,0,0,0,1,0,0,0,3,96.0,0,2023,0,1,0,10,14,0,0,0,1005.2083333333334
0,1,0,0,0,0,0,0,0,0,0,0,0,0,0,0,0,0,0,1,0,0,0,4,155.0,1,2023,0,0,1,4,14,0,0,0,1496.774193548387
0,1,0,0,0,0,0,0,0,0,0,1,0,0,0,0,0,0,0,0,1,0,0,3,73.0,0,2023,1,0,0,3,13,0,0,0,1876.7123287671234
0,1,0,0,0,0,0,0,0,0,0,1,0,0,0,0,0,0,1,0,0,0,0,2,53.0,0,2023,0,1,0,6,9,1,0,0,1415.0943396226414
0,0,0,0,0,0,1,0,0,0,0,0,1,0,0,0,0,0,0,0,1,0,0,2,35.0,0,1987,0,0,1,8,9,1,1,1,1828.5714285714287
0,1,0,0,0,0,0,0,0,0,0,0,1,0,0,0,0,0,1,0,0,0,0,2,67.0,0,2023,0,1,0,7,13,0,0,0,1388.0597014925372
0,1,0,0,0,0,0,0,0,0,0,1,0,0,0,0,0,0,0,1,0,0,0,2,54.8,1,2023,0,1,0,6,18,1,0,0,1441.6058394160584
0,1,0,0,0,0,0,0,0,0,0,0,1,0,0,0,0,0,1,0,0,0,0,1,39.0,0,2018,0,1,0,7,12,0,1,0,1948.7179487179487
1,0,0,0,0,0,0,0,0,0,0,0,0,0,0,0,0,0,0,0,0,0,0,2,44.2,0,1972,1,0,0,4,5,0,0,0,1640.2714932126696
0,1,0,0,0,0,0,0,0,0,0,1,0,0,0,0,0,0,0,1,0,0,0,4,130.0,0,2022,0,1,0,13,15,1,0,0,1055.3307692307692
0,1,0,0,0,0,0,0,0,0,0,1,0,0,0,0,0,0,0,1,0,0,0,2,80.0,0,2021,0,1,0,7,12,0,0,0,1200.0
0,1,0,0,0,0,0,0,0,0,0,1,0,0,0,0,0,0,0,1,0,0,0,2,86.0,0,2023,1,0,0,14,16,0,0,0,1700.0
0,1,0,0,0,0,0,0,0,0,0,0,1,0,0,0,0,0,0,1,0,0,0,1,48.0,0,2023,0,1,0,10,10,1,0,1,1250.0
0,1,0,0,0,0,0,0,0,0,0,0,1,0,0,0,0,0,1,0,0,0,0,3,95.0,0,2015,0,1,0,3,12,0,0,0,1431.578947368421
0,1,0,0,0,0,0,0,0,0,0,0,1,0,0,0,0,0,0,1,0,0,0,2,54.0,1,2023,0,1,0,9,13,0,0,0,1600.0
0,1,0,0,0,0,0,0,0,0,0,0,1,0,0,0,0,0,0,1,0,0,0,2,72.24,0,2024,0,1,0,5,14,0,0,0,970.0027685492803
0,1,0,0,0,0,0,0,0,0,0,0,1,0,0,0,0,0,1,0,0,0,0,1,45.0,0,2021,0,1,0,10,10,1,1,0,2000.0
0,1,0,0,0,0,0,0,0,0,0,1,0,0,0,0,0,0,0,1,0,0,0,4,126.0,0,2025,0,1,0,13,15,1,0,0,1103.1746031746031
0,0,0,0,0,0,0,0,0,1,0,0,1,0,0,0,0,0,1,0,0,0,0,1,36.0,0,1960,1,0,0,3,3,0,1,1,1583.3333333333333
0,1,0,0,0,0,0,0,0,0,0,0,0,0,0,0,0,0,1,0,0,0,0,2,60.0,0,2023,0,1,0,4,10,1,1,1,1566.6666666666667
0,1,0,0,0,0,0,0,0,0,0,0,0,1,0,0,0,0,1,0,0,0,0,4,272.3,0,2014,1,0,0,4,9,0,1,1,1300.0
0,1,0,0,0,0,0,0,0,0,0,1,0,0,0,0,0,0,0,1,0,0,0,1,43.0,0,2023,1,0,0,6,12,0,0,0,1255.8139534883721
0,1,0,0,0,0,0,0,0,0,0,1,0,0,0,0,0,0,1,0,0,0,0,2,67.0,0,2023,0,1,0,6,14,0,0,0,1574.6268656716418
0,0,1,0,0,0,0,0,0,0,0,1,0,0,0,0,0,0,1,0,0,0,0,1,46.0,0,2016,0,0,1,1,9,1,1,0,1456.5217391304348
0,1,0,0,0,0,0,0,0,0,0,0,0,0,0,0,0,0,0,1,0,0,0,2,70.88,0,2023,1,0,0,3,16,0,0,0,1100.451467268623
1,0,0,0,0,0,0,0,0,0,0,1,0,0,0,0,0,0,0,1,0,0,0,2,66.0,0,2025,0,1,0,2,5,0,0,0,1800.0
0,0,0,0,1,0,0,0,0,0,0,0,1,0,0,0,0,0,0,0,0,1,0,1,30.0,0,1975,0,0,1,1,4,0,0,0,1933.3333333333333
0,1,0,0,0,0,0,0,0,0,0,1,0,0,0,0,0,0,1,0,0,0,0,1,46.0,0,2023,1,0,0,8,12,1,0,0,1771.7391304347825
0,1,0,0,0,0,0,0,0,0,0,1,0,0,0,0,0,0,1,0,0,0,0,2,47.5,0,2021,1,0,0,3,10,0,0,1,1705.2631578947369
1,0,0,0,0,0,0,0,0,0,0,0,0,0,0,0,0,0,0,0,0,0,0,3,135.0,0,2021,1,0,0,12,12,0,0,0,1100.0
0,1,0,0,0,0,0,0,0,0,0,0,0,1,0,0,0,0,0,1,0,0,0,2,68.91,0,2026,1,0,0,13,14,1,0,0,1001.306051371354
0,1,0,0,0,0,0,0,0,0,0,1,0,0,0,0,0,0,0,0,0,0,1,3,112.0,0,2023,1,0,0,3,12,0,0,0,1100.0
0,0,1,0,0,0,0,0,0,0,0,0,1,0,0,0,0,0,0,0,1,0,0,2,52.2,0,2019,0,0,1,5,9,0,0,0,1580.4597701149423
0,0,0,0,0,0,0,0,0,1,0,0,1,0,0,0,0,0,0,0,1,0,0,2,52.0,0,1960,1,0,0,3,3,0,0,0,1384.6153846153845
1,0,0,0,0,0,0,0,0,0,0,0,0,0,0,0,0,0,0,0,0,0,0,4,154.0,0,2023,0,1,0,13,15,0,0,0,2012.987012987013
0,1,0,0,0,0,0,0,0,0,0,0,1,0,0,0,0,0,0,1,0,0,0,1,54.0,0,2023,1,0,0,9,13,0,0,1,1600.0
0,1,0,0,0,0,0,0,0,0,0,0,0,1,0,0,0,0,0,1,0,0,0,1,44.0,0,2023,1,0,0,10,14,0,0,0,1477.2727272727273
0,1,0,0,0,0,0,0,0,0,0,1,0,0,0,0,0,0,0,1,0,0,0,2,55.0,0,2025,0,1,0,4,18,0,0,0,1500.0
1,0,0,0,0,0,0,0,0,0,0,0,1,0,0,0,0,0,0,0,1,0,0,2,56.0,0,2019,1,0,0,1,3,0,1,1,1250.0
0,0,0,0,1,0,0,0,0,0,0,0,1,0,0,0,0,0,0,0,1,0,0,3,59.0,0,1990,0,0,1,2,4,0,0,0,1415.2542372881355
0,1,0,0,0,0,0,0,0,0,0,0,1,0,0,0,0,0,1,0,0,0,0,2,60.0,0,2023,0,1,0,2,12,0,1,0,1500.0
0,1,0,0,0,0,0,0,0,0,0,0,1,0,0,0,0,0,0,0,1,0,0,2,87.6,0,2023,0,1,0,3,9,1,1,1,1506.8493150684933
0,1,0,0,0,0,0,0,0,0,0,0,0,0,1,0,0,0,0,1,0,0,0,1,42.0,0,2024,1,0,0,3,4,1,0,0,952.3809523809524
0,0,0,1,0,0,0,0,0,0,0,0,1,0,0,0,0,0,0,0,0,1,0,1,30.0,0,1967,1,0,0,3,4,0,0,0,1716.6666666666667
0,1,0,0,0,0,0,0,0,0,0,0,1,0,0,0,0,0,1,0,0,0,0,1,47.0,0,2023,1,0,0,6,9,0,0,0,1457.4468085106382
0,1,0,0,0,0,0,0,0,0,0,1,0,0,0,0,0,0,0,1,0,0,0,2,69.8,0,2024,0,1,0,7,14,0,0,0,1045.8452722063037
0,1,0,0,0,0,0,0,0,0,0,1,0,0,0,0,0,0,1,0,0,0,0,2,85.0,0,2021,0,1,0,9,12,0,0,0,1764.7058823529412
0,1,0,0,0,0,0,0,0,0,0,0,1,0,0,0,0,0,0,0,1,0,0,1,50.0,0,2021,1,0,0,7,10,0,1,1,1358.0
0,1,0,0,0,0,0,0,0,0,0,0,1,0,0,0,0,0,0,1,0,0,0,2,89.0,0,2024,0,1,0,10,13,0,0,0,1800.0
0,1,0,0,0,0,0,0,0,0,0,0,0,1,0,0,0,0,0,0,0,0,1,2,60.0,0,2025,0,1,0,12,16,1,0,0,1608.3333333333333
0,1,0,0,0,0,0,0,0,0,0,0,1,0,0,0,0,0,0,1,0,0,0,2,88.0,0,2024,0,1,0,10,13,1,0,0,1818.1818181818182
1,0,0,0,0,0,0,0,0,0,0,0,0,0,0,0,0,0,0,0,0,0,0,3,93.0,0,2021,0,1,0,6,12,0,0,0,1688.1720430107528
0,0,0,0,0,0,1,0,0,0,0,0,1,0,0,0,0,0,1,0,0,0,0,1,45.0,0,1990,0,0,1,3,9,0,1,0,1377.7777777777778
0,1,0,0,0,0,0,0,0,0,0,0,1,0,0,0,0,0,0,1,0,0,0,3,88.37,1,2024,0,1,0,7,13,1,0,1,1800.0
0,1,0,0,0,0,0,0,0,0,0,0,1,0,0,0,0,0,1,0,0,0,0,4,195.0,0,2022,0,1,0,6,13,0,1,0,2923.076923076923
0,0,0,1,0,0,0,0,0,0,0,0,1,0,0,0,0,0,1,0,0,0,0,1,28.0,1,1966,1,0,0,3,3,0,1,1,1857.142857142857
0,1,0,0,0,0,0,0,0,0,0,0,1,0,0,0,0,0,0,1,0,0,0,3,81.94,0,2024,0,1,0,1,14,0,0,0,925.0671222845986
0,1,0,0,0,0,0,0,0,0,0,0,0,1,0,0,0,0,1,0,0,0,0,2,67.5,0,2016,0,1,0,9,12,0,1,0,1570.3703703703704
0,1,0,0,0,0,0,0,0,0,0,0,0,0,0,0,0,0,1,0,0,0,0,1,46.0,1,2022,0,1,0,5,14,0,0,0,1554.3478260869565
0,1,0,0,0,0,0,0,0,0,0,1,0,0,0,0,0,0,1,0,0,0,0,1,40.0,1,2023,0,1,0,6,14,0,0,0,1675.0
0,0,0,0,1,0,0,0,0,0,0,0,1,0,0,0,0,0,0,0,0,1,0,2,43.0,1,1975,0,0,1,1,4,0,0,0,1604.6511627906978
1,0,0,0,0,0,0,0,0,0,0,0,1,0,0,0,0,0,0,0,1,0,0,4,76.0,0,1989,1,0,0,4,4,0,1,1,1578.9473684210527
1,0,0,0,0,0,0,0,0,0,0,0,0,0,0,0,0,0,0,0,0,0,0,1,63.48,0,2023,0,1,0,2,15,0,0,0,1370.5103969754255
0,1,0,0,0,0,0,0,0,0,0,0,1,0,0,0,0,0,1,0,0,0,0,2,48.0,0,2022,0,1,0,14,15,1,1,1,1812.5
0,1,0,0,0,0,0,0,0,0,0,0,1,0,0,0,0,0,1,0,0,0,0,1,48.0,0,2020,0,1,0,7,10,0,1,0,1708.3333333333333
0,1,0,0,0,0,0,0,0,0,0,0,1,0,0,0,0,0,0,1,0,0,0,1,54.0,0,2023,1,0,0,9,13,0,0,0,1611.111111111111
1,0,0,0,0,0,0,0,0,0,0,0,1,0,0,0,0,0,1,0,0,0,0,4,137.0,0,2019,0,0,1,8,12,1,1,0,1156.934306569343
1,0,0,0,0,0,0,0,0,0,0,0,0,0,0,0,0,0,0,0,1,0,0,3,79.0,0,2019,1,0,0,3,5,0,1,0,1316.4556962025317
0,1,0,0,0,0,0,0,0,0,0,1,0,0,0,0,0,0,0,1,0,0,0,1,38.1,1,2025,0,1,0,9,12,0,0,0,1181.1023622047244
1,0,0,0,0,0,0,0,0,0,0,0,0,0,0,0,0,0,1,0,0,0,0,3,68.0,0,2019,1,0,0,1,1,0,1,1,1647.0588235294117
0,0,0,0,1,0,0,0,0,0,0,0,1,0,0,0,0,0,1,0,0,0,0,3,64.0,1,1975,0,0,1,4,4,0,0,0,1406.25
0,0,1,0,0,0,0,0,0,0,0,0,0,0,1,0,0,0,0,0,1,0,0,3,82.0,0,2019,0,0,1,7,9,0,1,0,1579.2682926829268
0,0,0,1,0,0,0,0,0,0,0,0,1,0,0,0,0,0,0,0,0,1,0,2,46.0,1,1970,1,0,0,3,4,0,0,0,1304.3478260869565
0,0,0,0,1,0,0,0,0,0,0,0,1,0,0,0,0,0,0,0,1,0,0,3,58.0,0,1975,0,0,1,1,4,0,0,0,1422.4137931034484
0,1,0,0,0,0,0,0,0,0,0,1,0,0,0,0,0,0,0,1,0,0,0,3,99.44,0,2022,0,1,0,13,16,1,0,0,1000.603378921963
0,1,0,0,0,0,0,0,0,0,0,0,0,0,0,0,0,0,1,0,0,0,0,3,86.0,0,2023,0,1,0,13,14,0,0,0,1488.3720930232557
0,1,0,0,0,0,0,0,0,0,0,0,1,0,0,0,0,0,1,0,0,0,0,3,118.0,1,2020,0,1,0,4,10,0,1,1,1652.542372881356
0,0,0,0,1,0,0,0,0,0,0,0,0,0,0,0,0,0,0,0,0,0,0,2,44.4,0,1969,0,0,1,2,5,0,0,0,1542.7927927927929
0,1,0,0,0,0,0,0,0,0,0,0,1,0,0,0,0,0,0,1,0,0,0,2,78.0,0,2025,0,1,0,13,17,1,0,0,1270.0
0,1,0,0,0,0,0,0,0,0,0,0,0,0,0,0,0,0,0,1,0,0,0,2,72.0,0,2022,0,1,0,12,12,1,0,0,1361.111111111111
0,1,0,0,0,0,0,0,0,0,0,1,0,0,0,0,0,0,0,1,0,0,0,2,81.72,0,2025,1,0,0,10,10,1,0,0,1052.3739598629465
0,1,0,0,0,0,0,0,0,0,0,0,0,1,0,0,0,0,1,0,0,0,0,1,51.0,0,2021,0,1,0,5,12,0,0,0,1921.5686274509803
0,1,0,0,0,0,0,0,0,0,0,0,1,0,0,0,0,0,0,1,0,0,0,4,153.0,0,2023,0,1,0,13,13,0,1,1,1330.0
0,1,0,0,0,0,0,0,0,0,0,0,0,1,0,0,0,0,0,1,0,0,0,1,49.0,0,2023,0,1,0,5,14,1,0,1,1469.3877551020407
0,1,0,0,0,0,0,0,0,0,0,1,0,0,0,0,0,0,0,0,0,0,1,1,51.0,1,2025,0,1,0,13,15,0,0,0,1350.0
0,1,0,0,0,0,0,0,0,0,0,1,0,0,0,0,0,0,0,1,0,0,0,3,104.0,0,2024,0,1,0,4,12,0,0,0,1200.0
0,1,0,0,0,0,0,0,0,0,0,1,0,0,0,0,0,0,0,1,0,0,0,1,49.0,0,2023,0,1,0,12,14,0,0,0,1132.6530612244899
0,0,0,0,0,0,0,0,1,0,0,0,0,0,0,0,0,0,0,0,0,1,0,1,15.0,0,1990,1,0,0,3,4,0,1,1,1666.6666666666667
1,0,0,0,0,0,0,0,0,0,0,0,0,0,0,0,0,0,0,0,0,0,0,2,99.6,0,2020,1,0,0,10,12,0,0,0,1837.3493975903616
0,0,1,0,0,0,0,0,0,0,0,0,0,0,1,0,0,0,0,0,1,0,0,1,45.0,0,2024,0,0,1,6,9,0,0,0,1333.3333333333333
0,1,0,0,0,0,0,0,0,0,0,1,0,0,0,0,0,0,0,1,0,0,0,2,74.0,1,2023,0,1,0,6,10,0,0,0,628.0
1,0,0,0,0,0,0,0,0,0,0,0,1,0,0,0,0,0,0,0,1,0,0,3,72.0,0,2019,1,0,0,3,4,0,0,0,1736.111111111111
0,1,0,0,0,0,0,0,0,0,0,0,1,0,0,0,0,0,0,0,0,0,1,2,67.0,1,2025,0,1,0,11,16,0,0,0,1208.955223880597
0,1,0,0,0,0,0,0,0,0,0,0,1,0,0,0,0,0,1,0,0,0,0,2,70.5,0,2023,0,1,0,12,14,0,0,0,1829.787234042553
0,0,0,0,0,0,1,0,0,0,0,0,1,0,0,0,0,0,0,0,1,0,0,3,68.0,0,1987,0,0,1,3,5,0,1,0,1617.6470588235295
0,0,1,0,0,0,0,0,0,0,0,0,1,0,0,0,0,0,0,0,0,1,0,2,60.0,0,1992,0,0,1,0,4,0,1,1,950.0
0,0,0,0,0,0,1,0,0,0,0,0,0,0,0,0,0,0,0,0,0,1,0,3,62.0,0,1987,0,0,1,6,9,0,0,0,1346.774193548387
0,0,0,1,0,0,0,0,0,0,0,0,1,0,0,0,0,0,1,0,0,0,0,2,45.0,0,1965,1,0,0,4,4,0,1,1,1462.2222222222222
0,1,0,0,0,0,0,0,0,0,0,0,1,0,0,0,0,0,0,1,0,0,0,1,43.0,0,2024,0,1,0,3,12,0,0,0,1476.7441860465117
0,0,0,0,0,1,0,0,0,0,0,0,0,1,0,0,0,0,0,1,0,0,0,2,67.12,0,2025,0,0,1,5,5,0,0,0,975.8641239570917
0,1,0,0,0,0,0,0,0,0,0,0,0,1,0,0,0,0,1,0,0,0,0,2,56.0,0,2022,1,0,0,13,15,0,0,0,1642.857142857143
0,1,0,0,0,0,0,0,0,0,0,1,0,0,0,0,0,0,0,0,1,0,0,1,50.0,0,2024,0,1,0,10,12,0,0,0,1320.0
0,0,0,0,0,0,1,0,0,0,0,0,1,0,0,0,0,0,0,0,1,0,0,3,65.0,0,1987,1,0,0,9,9,0,0,0,1469.2307692307693
0,1,0,0,0,0,0,0,0,0,0,0,1,0,0,0,0,0,1,0,0,0,0,2,74.0,0,2022,0,1,0,10,16,0,0,0,1797.2972972972973
0,1,0,0,0,0,0,0,0,0,0,0,1,0,0,0,0,0,1,0,0,0,0,1,45.0,1,2025,0,1,0,16,17,0,0,0,1544.4444444444443
0,1,0,0,0,0,0,0,0,0,0,1,0,0,0,0,0,0,1,0,0,0,0,2,52.0,0,2023,0,1,0,7,9,0,0,0,1730.7692307692307
0,1,0,0,0,0,0,0,0,0,0,0,1,0,0,0,0,0,0,1,0,0,0,3,108.0,0,2020,0,1,0,10,12,1,1,0,1287.037037037037
0,1,0,0,0,0,0,0,0,0,0,0,1,0,0,0,0,0,0,1,0,0,0,3,87.0,0,2021,0,1,0,14,15,0,0,0,1143.6781609195402
0,1,0,0,0,0,0,0,0,0,0,0,0,0,0,0,0,0,0,1,0,0,0,3,94.0,1,2026,1,0,0,3,15,0,0,0,2000.0
0,0,0,0,0,0,1,0,0,0,0,0,0,1,0,0,0,0,0,1,0,0,0,1,49.0,0,2025,0,0,1,4,5,0,0,0,1040.8163265306123
1,0,0,0,0,0,0,0,0,0,0,0,0,0,0,0,0,0,0,0,1,0,0,4,78.0,0,2019,0,0,1,2,5,0,0,0,1961.5384615384614
0,1,0,0,0,0,0,0,0,0,0,1,0,0,0,0,0,0,1,0,0,0,0,1,39.0,0,2023,0,1,0,4,5,0,0,0,1384.6153846153845
0,0,0,0,0,0,0,1,0,0,0,1,0,0,0,0,0,0,0,1,0,0,0,2,525.0,0,2015,1,0,0,3,4,0,0,0,1180.952380952381
0,1,0,0,0,0,0,0,0,0,0,0,1,0,0,0,0,0,0,0,1,0,0,2,67.0,0,2024,1,0,0,4,10,1,0,0,1328.358208955224
0,1,0,0,0,0,0,0,0,0,0,0,1,0,0,0,0,0,0,1,0,0,0,1,57.0,0,2024,0,1,0,10,16,0,0,0,1438.5964912280701
1,0,0,0,0,0,0,0,0,0,0,0,0,0,0,0,0,0,0,0,0,0,0,1,42.44,0,2024,0,1,0,8,12,0,0,0,1708.2940622054666
0,1,0,0,0,0,0,0,0,0,0,0,0,1,0,0,0,0,1,0,0,0,0,3,53.0,0,2022,0,1,0,10,14,1,0,0,1886.7924528301887
0,1,0,0,0,0,0,0,0,0,0,0,0,0,0,0,0,0,0,1,0,0,0,1,42.0,0,2024,1,0,0,2,12,1,0,0,1166.6666666666667
0,1,0,0,0,0,0,0,0,0,0,0,1,0,0,0,0,0,1,0,0,0,0,1,32.0,1,2024,1,0,0,2,10,1,0,0,1687.5
0,1,0,0,0,0,0,0,0,0,0,0,0,1,0,0,0,0,0,1,0,0,0,3,116.3,0,2025,0,1,0,10,16,1,0,0,1298.3662940670679
1,0,0,0,0,0,0,0,0,0,0,0,1,0,0,0,0,0,0,0,1,0,0,2,47.0,0,2019,1,0,0,5,5,0,0,1,1808.5106382978724
0,1,0,0,0,0,0,0,0,0,0,1,0,0,0,0,0,0,1,0,0,0,0,1,45.0,0,2024,0,1,0,4,9,0,1,1,1566.6666666666667
0,0,0,0,0,0,1,0,0,0,0,0,0,0,0,0,0,0,0,0,1,0,0,3,62.0,0,1987,0,0,1,9,9,0,0,0,1346.774193548387
0,1,0,0,0,0,0,0,0,0,0,1,0,0,0,0,0,0,0,1,0,0,0,2,80.0,0,2023,1,0,0,3,16,0,0,0,1100.0
0,0,0,0,0,0,1,0,0,0,0,0,1,0,0,0,0,0,1,0,0,0,0,1,38.0,0,1987,0,0,1,9,9,0,1,1,1418.421052631579
0,0,0,0,0,0,1,0,0,0,0,0,0,1,0,0,0,0,0,1,0,0,0,1,44.6,1,2025,0,0,1,1,5,1,1,0,1031.3901345291479
0,1,0,0,0,0,0,0,0,0,0,1,0,0,0,0,0,0,0,0,0,0,1,2,58.6,0,2022,0,1,0,5,14,1,0,0,1228.668941979522
0,1,0,0,0,0,0,0,0,0,0,0,0,1,0,0,0,0,0,1,0,0,0,3,137.0,1,2025,0,1,0,9,10,0,0,0,1649.6350364963503
0,1,0,0,0,0,0,0,0,0,0,0,1,0,0,0,0,0,1,0,0,0,0,2,54.0,0,2023,1,0,0,6,12,1,1,0,1481.4814814814815
0,1,0,0,0,0,0,0,0,0,0,0,0,1,0,0,0,0,0,1,0,0,0,2,72.0,0,2022,0,1,0,6,9,0,0,0,930.5555555555555
1,0,0,0,0,0,0,0,0,0,0,0,1,0,0,0,0,0,0,0,0,1,0,1,45.0,1,2019,1,0,0,1,5,0,0,0,1111.111111111111
0,0,0,1,0,0,0,0,0,0,0,0,1,0,0,0,0,0,0,0,1,0,0,2,44.0,1,1968,1,0,0,3,4,0,0,0,1509.090909090909
0,1,0,0,0,0,0,0,0,0,0,1,0,0,0,0,0,0,1,0,0,0,0,2,69.0,0,2025,1,0,0,13,16,0,0,0,1724.6376811594203
0,1,0,0,0,0,0,0,0,0,0,0,0,0,0,0,0,0,0,1,0,0,0,2,72.0,0,2025,1,0,0,8,12,1,0,0,1150.0
0,1,0,0,0,0,0,0,0,0,0,1,0,0,0,0,0,0,0,1,0,0,0,2,80.0,0,2023,1,0,0,2,9,0,0,0,1300.0
0,1,0,0,0,0,0,0,0,0,0,1,0,0,0,0,0,0,0,1,0,0,0,2,60.0,0,2022,0,1,0,2,14,1,0,0,1233.3333333333333
0,1,0,0,0,0,0,0,0,0,0,0,1,0,0,0,0,0,1,0,0,0,0,3,84.0,1,2024,0,1,0,12,14,1,0,1,1488.095238095238
0,1,0,0,0,0,0,0,0,0,0,0,0,1,0,0,0,0,0,1,0,0,0,3,121.63,0,2022,0,0,1,11,14,0,0,0,1335.1969086574036
0,0,1,0,0,0,0,0,0,0,0,0,0,0,0,0,0,0,0,0,0,0,0,3,70.0,0,1985,0,0,1,7,9,0,0,0,1714.2857142857142
1,0,0,0,0,0,0,0,0,0,0,0,0,0,0,0,0,0,0,0,0,0,0,5,268.0,0,2015,1,0,0,7,9,0,0,0,951.4925373134329
0,1,0,0,0,0,0,0,0,0,0,0,1,0,0,0,0,0,0,1,0,0,0,3,166.2,1,2015,0,1,0,2,9,0,1,1,3000.0
0,1,0,0,0,0,0,0,0,0,0,0,1,0,0,0,0,0,1,0,0,0,0,3,98.0,0,2022,0,1,0,8,13,0,0,0,1632.6530612244899
0,1,0,0,0,0,0,0,0,0,0,1,0,0,0,0,0,0,0,1,0,0,0,1,38.0,0,2023,1,0,0,9,14,0,0,0,1289.4736842105262
0,1,0,0,0,0,0,0,0,0,0,1,0,0,0,0,0,0,0,1,0,0,0,2,86.0,0,2025,1,0,0,3,15,0,0,0,1220.9302325581396
0,1,0,0,0,0,0,0,0,0,0,1,0,0,0,0,0,0,1,0,0,0,0,2,53.0,0,2023,0,1,0,6,9,0,0,0,1433.9622641509434
0,0,1,0,0,0,0,0,0,0,0,0,1,0,0,0,0,0,1,0,0,0,0,1,45.0,0,2019,0,0,1,9,9,1,0,0,1411.111111111111
0,0,0,0,1,0,0,0,0,0,0,0,1,0,0,0,0,0,0,0,0,1,0,3,62.0,0,1975,0,0,1,2,4,1,1,1,1322.5806451612902
0,0,0,0,1,0,0,0,0,0,0,0,1,0,0,0,0,0,0,0,0,1,0,1,29.0,0,1975,1,0,0,4,4,0,1,0,1882.4137931034484
0,0,0,0,0,0,1,0,0,0,0,0,1,0,0,0,0,0,0,0,1,0,0,3,60.0,1,1987,0,0,1,8,9,0,1,0,1633.3333333333333
1,0,0,0,0,0,0,0,0,0,0,0,0,0,0,0,0,0,0,0,0,0,0,3,73.3,0,2018,1,0,0,8,13,0,0,0,1459.7544338335608
0,1,0,0,0,0,0,0,0,0,0,0,0,1,0,0,0,0,0,1,0,0,0,3,77.6,0,2023,0,1,0,5,5,0,0,0,863.4020618556701
0,0,0,0,1,0,0,0,0,0,0,0,1,0,0,0,0,0,0,0,1,0,0,2,44.0,0,1975,0,0,1,4,4,0,1,1,1750.0
0,1,0,0,0,0,0,0,0,0,0,1,0,0,0,0,0,0,0,1,0,0,0,2,77.0,0,2024,0,1,0,7,12,0,0,0,1220.0
0,0,0,0,0,0,0,0,0,0,1,0,1,0,0,0,0,0,0,0,1,0,0,3,105.0,0,2018,0,0,1,5,9,1,1,1,1228.5714285714287
0,1,0,0,0,0,0,0,0,0,0,1,0,0,0,0,0,0,1,0,0,0,0,2,85.0,0,2021,0,1,0,10,14,0,0,0,1900.0
0,1,0,0,0,0,0,0,0,0,0,0,1,0,0,0,0,0,0,1,0,0,0,2,66.9,0,2026,0,0,1,14,16,0,0,0,1081.6143497757846
0,1,0,0,0,0,0,0,0,0,0,0,0,0,0,0,0,0,0,1,0,0,0,4,137.0,0,2024,0,1,0,4,16,0,0,0,919.7080291970802
0,1,0,0,0,0,0,0,0,0,0,1,0,0,0,0,0,0,0,1,0,0,0,1,59.0,0,2025,0,1,0,11,14,1,0,0,1313.5593220338983
0,0,0,0,0,0,1,0,0,0,0,0,1,0,0,0,0,0,0,0,1,0,0,3,62.0,1,1985,0,1,0,8,9,1,0,0,1693.5483870967741
1,0,0,0,0,0,0,0,0,0,0,0,0,0,0,0,0,0,0,0,0,0,0,1,33.5,0,2019,0,1,0,9,9,0,0,0,1671.641791044776
0,1,0,0,0,0,0,0,0,0,0,1,0,0,0,0,0,0,0,1,0,0,0,2,59.0,0,2026,0,1,0,3,12,0,0,0,1237.2881355932204
0,1,0,0,0,0,0,0,0,0,0,0,0,0,0,0,0,0,0,1,0,0,0,3,100.0,0,2023,0,1,0,12,12,0,0,0,840.0
0,1,0,0,0,0,0,0,0,0,0,0,0,0,0,0,0,0,0,1,0,0,0,1,38.0,0,2023,0,1,0,5,14,1,0,0,1513.157894736842
0,1,0,0,0,0,0,0,0,0,0,1,0,0,0,0,0,0,0,1,0,0,0,3,125.0,0,2024,0,1,0,10,11,1,0,0,1400.0
0,1,0,0,0,0,0,0,0,0,0,0,0,1,0,0,0,0,0,1,0,0,0,1,40.0,0,2023,0,1,0,12,14,0,0,0,1212.5
0,1,0,0,0,0,0,0,0,0,0,1,0,0,0,0,0,0,0,1,0,0,0,2,66.0,0,2023,0,1,0,5,14,0,0,0,1128.7878787878788
0,1,0,0,0,0,0,0,0,0,0,1,0,0,0,0,0,0,0,1,0,0,0,1,52.34,0,2023,0,1,0,3,9,1,0,0,1031.7157050057317
0,0,1,0,0,0,0,0,0,0,0,0,1,0,0,0,0,0,1,0,0,0,0,3,70.0,0,1992,0,0,1,3,9,0,0,0,1428.5714285714287
0,1,0,0,0,0,0,0,0,0,0,1,0,0,0,0,0,0,1,0,0,0,0,3,92.0,1,2023,1,0,0,12,12,1,0,0,1369.5652173913043
0,1,0,0,0,0,0,0,0,0,0,0,1,0,0,0,0,0,1,0,0,0,0,2,85.0,0,2024,1,0,0,12,13,0,1,1,2176.470588235294
0,1,0,0,0,0,0,0,0,0,0,0,1,0,0,0,0,0,1,0,0,0,0,2,50.0,0,2020,0,1,0,2,10,0,1,1,1640.0
0,1,0,0,0,0,0,0,0,0,0,0,1,0,0,0,0,0,1,0,0,0,0,1,56.0,1,2021,0,1,0,15,16,0,0,0,1660.7142857142858
0,1,0,0,0,0,0,0,0,0,0,0,1,0,0,0,0,0,1,0,0,0,0,2,61.0,0,2019,0,1,0,8,12,0,1,0,2049.1803278688526
0,0,1,0,0,0,0,0,0,0,0,0,1,0,0,0,0,0,1,0,0,0,0,3,63.0,0,1992,0,0,1,6,9,0,0,0,1744.4444444444443
0,1,0,0,0,0,0,0,0,0,0,0,1,0,0,0,0,0,1,0,0,0,0,3,93.0,0,2022,0,1,0,15,16,1,0,0,1365.5913978494623
0,1,0,0,0,0,0,0,0,0,0,1,0,0,0,0,0,0,1,0,0,0,0,2,70.0,0,2023,1,0,0,4,9,0,1,0,1392.857142857143
0,1,0,0,0,0,0,0,0,0,0,0,1,0,0,0,0,0,0,1,0,0,0,1,33.0,0,2024,0,1,0,1,10,1,0,0,1303.030303030303
1,0,0,0,0,0,0,0,0,0,0,0,1,0,0,0,0,0,0,0,1,0,0,2,75.5,0,2014,1,0,0,6,7,1,1,1,1152.317880794702
0,1,0,0,0,0,0,0,0,0,0,1,0,0,0,0,0,0,0,1,0,0,0,2,79.0,0,2026,1,0,0,6,17,0,0,0,1200.0
1,0,0,0,0,0,0,0,0,0,0,1,0,0,0,0,0,0,1,0,0,0,0,2,69.0,1,2019,1,0,0,6,6,0,1,1,1043.4782608695652
0,1,0,0,0,0,0,0,0,0,0,1,0,0,0,0,0,0,1,0,0,0,0,3,83.0,0,2024,0,1,0,10,12,1,0,0,1313.2530120481927
0,1,0,0,0,0,0,0,0,0,0,0,0,1,0,0,0,0,1,0,0,0,0,3,105.0,0,2017,1,0,0,5,14,1,1,1,2428.5714285714284
0,1,0,0,0,0,0,0,0,0,0,0,1,0,0,0,0,0,0,1,0,0,0,2,80.45,0,2024,0,1,0,10,10,1,0,0,907.3958980733374
0,1,0,0,0,0,0,0,0,0,0,1,0,0,0,0,0,0,1,0,0,0,0,1,33.0,1,2020,1,0,0,7,10,0,1,0,1545.4545454545455
0,1,0,0,0,0,0,0,0,0,0,1,0,0,0,0,0,0,1,0,0,0,0,1,46.0,0,2024,0,1,0,6,9,1,1,0,1597.8260869565217
0,1,0,0,0,0,0,0,0,0,0,0,1,0,0,0,0,0,0,1,0,0,0,3,77.0,0,2024,0,1,0,8,10,0,0,0,1597.4025974025974
0,0,1,0,0,0,0,0,0,0,0,0,1,0,0,0,0,0,0,0,0,1,0,4,93.6,1,1992,0,0,1,1,9,0,1,0,1442.3076923076924
0,1,0,0,0,0,0,0,0,0,0,1,0,0,0,0,0,0,1,0,0,0,0,1,42.0,0,2025,1,0,0,2,12,0,0,0,1635.7142857142858
0,1,0,0,0,0,0,0,0,0,0,0,1,0,0,0,0,0,1,0,0,0,0,2,100.0,0,2022,0,1,0,2,11,0,0,0,1700.0
0,1,0,0,0,0,0,0,0,0,0,0,1,0,0,0,0,0,1,0,0,0,0,3,85.0,0,2016,0,1,0,4,10,0,1,0,1529.4117647058824
0,1,0,0,0,0,0,0,0,0,0,0,1,0,0,0,0,0,1,0,0,0,0,2,69.0,0,2024,0,1,0,10,12,0,0,0,1369.5652173913043
0,0,0,1,0,0,0,0,0,0,0,0,1,0,0,0,0,0,1,0,0,0,0,2,44.0,0,1964,1,0,0,1,4,0,1,1,1520.4545454545455
0,1,0,0,0,0,0,0,0,0,0,0,1,0,0,0,0,0,1,0,0,0,0,4,210.0,0,2018,0,1,0,9,10,0,0,0,2285.714285714286
1,0,0,0,0,0,0,0,0,0,0,0,1,0,0,0,0,0,0,0,1,0,0,3,72.0,1,1992,1,0,0,1,6,0,0,0,1329.1666666666667
1,0,0,0,0,0,0,0,0,0,0,0,0,0,0,0,0,0,1,0,0,0,0,2,74.3,0,2025,0,1,0,2,15,0,0,0,1250.0
1,0,0,0,0,0,0,0,0,0,0,0,0,0,0,0,0,0,0,0,0,0,0,2,60.0,0,2015,1,0,0,4,12,0,0,0,1475.0
1,0,0,0,0,0,0,0,0,0,0,0,0,0,0,0,0,0,0,0,0,0,0,5,166.26,0,2023,1,0,0,5,7,0,0,0,2255.503428365211
0,1,0,0,0,0,0,0,0,0,0,0,1,0,0,0,0,0,1,0,0,0,0,2,60.0,0,2022,0,1,0,2,9,1,0,0,1500.0
0,0,1,0,0,0,0,0,0,0,0,0,1,0,0,0,0,0,0,0,1,0,0,1,46.2,1,2014,0,0,1,4,9,0,1,1,1623.3766233766232
0,1,0,0,0,0,0,0,0,0,0,0,0,0,1,0,0,0,1,0,0,0,0,3,109.0,0,2019,0,1,0,7,12,0,0,0,1651.3761467889908
0,1,0,0,0,0,0,0,0,0,0,1,0,0,0,0,0,0,0,1,0,0,0,3,90.0,0,2024,0,1,0,3,16,0,0,0,1200.0
0,1,0,0,0,0,0,0,0,0,0,0,0,1,0,0,0,0,0,0,0,0,1,3,93.0,0,2025,0,1,0,4,16,1,0,0,1698.9247311827958
0,1,0,0,0,0,0,0,0,0,0,0,1,0,0,0,0,0,0,1,0,0,0,2,69.8,0,2025,1,0,0,10,14,0,0,0,1088.8252148997135
0,1,0,0,0,0,0,0,0,0,0,0,0,1,0,0,0,0,0,1,0,0,0,2,74.0,0,2024,0,1,0,15,16,0,0,0,1100.0
0,1,0,0,0,0,0,0,0,0,0,0,0,1,0,0,0,0,0,1,0,0,0,3,123.0,0,2024,0,1,0,4,18,0,0,0,1480.0
0,1,0,0,0,0,0,0,0,0,0,0,0,0,0,0,0,0,0,1,0,0,0,1,43.14,1,2023,0,1,0,12,19,0,0,0,1205.377839592026
0,1,0,0,0,0,0,0,0,0,0,0,0,1,0,0,0,0,0,1,0,0,0,1,42.6,0,2023,1,0,0,12,14,0,0,0,1138.4976525821596
0,1,0,0,0,0,0,0,0,0,0,1,0,0,0,0,0,0,0,1,0,0,0,1,46.0,0,2024,0,1,0,5,9,0,0,0,1600.0
0,0,0,0,1,0,0,0,0,0,0,0,1,0,0,0,0,0,0,0,1,0,0,3,58.0,0,1975,0,0,1,3,4,0,0,0,1482.7586206896551
0,1,0,0,0,0,0,0,0,0,0,0,1,0,0,0,0,0,0,1,0,0,0,1,47.0,0,2023,0,1,0,9,13,0,0,0,1170.212765957447
0,1,0,0,0,0,0,0,0,0,0,0,1,0,0,0,0,0,1,0,0,0,0,2,58.0,0,2023,1,0,0,7,10,1,0,0,1198.2758620689656
0,1,0,0,0,0,0,0,0,0,0,1,0,0,0,0,0,0,0,1,0,0,0,1,56.0,0,2026,1,0,0,11,14,0,0,0,1410.7142857142858
0,0,0,0,0,0,0,0,0,1,0,0,1,0,0,0,0,0,0,1,0,0,0,1,43.19,0,2026,0,1,0,4,9,0,0,0,1231.7666126418153
1,0,0,0,0,0,0,0,0,0,0,1,0,0,0,0,0,0,0,0,0,1,0,1,32.5,0,2019,1,0,0,2,2,0,0,0,1076.923076923077
0,1,0,0,0,0,0,0,0,0,0,0,0,1,0,0,0,0,1,0,0,0,0,3,68.0,0,2023,0,1,0,10,12,0,0,0,1375.0
0,1,0,0,0,0,0,0,0,0,0,0,0,1,0,0,0,0,0,1,0,0,0,2,70.0,0,2025,1,0,0,9,12,1,0,0,1050.0
0,1,0,0,0,0,0,0,0,0,0,1,0,0,0,0,0,0,0,1,0,0,0,4,120.0,0,2027,0,1,0,14,14,0,0,0,970.0
0,1,0,0,0,0,0,0,0,0,0,1,0,0,0,0,0,0,0,1,0,0,0,4,125.0,0,2023,0,1,0,14,15,0,0,0,1232.0
0,1,0,0,0,0,0,0,0,0,0,1,0,0,0,0,0,0,0,1,0,0,0,3,145.0,0,2025,0,1,0,5,9,1,0,0,1241.3793103448277
1,0,0,0,0,0,0,0,0,0,0,0,0,0,0,0,0,0,1,0,0,0,0,2,62.0,0,2019,1,0,0,3,3,0,0,0,1359.6774193548388
0,1,0,0,0,0,0,0,0,0,0,0,1,0,0,0,0,0,1,0,0,0,0,2,88.0,0,2021,0,1,0,10,13,0,0,0,1795.4545454545455
0,0,0,0,0,0,1,0,0,0,0,0,1,0,0,0,0,0,0,0,1,0,0,3,62.0,0,1990,0,0,1,2,9,0,1,0,1588.7096774193549
0,1,0,0,0,0,0,0,0,0,0,0,0,0,1,0,0,0,1,0,0,0,0,2,75.0,0,2022,0,1,0,4,13,0,1,0,2033.3333333333333
0,1,0,0,0,0,0,0,0,0,0,0,1,0,0,0,0,0,0,1,0,0,0,1,43.27,0,2024,0,1,0,14,15,1,0,0,1190.2010630922116
0,1,0,0,0,0,0,0,0,0,0,0,1,0,0,0,0,0,1,0,0,0,0,3,80.0,0,2019,0,1,0,8,17,0,0,0,2812.5
0,1,0,0,0,0,0,0,0,0,0,0,1,0,0,0,0,0,0,1,0,0,0,1,47.0,0,2025,1,0,0,9,12,1,0,0,1145.0
0,0,0,0,1,0,0,0,0,0,0,0,1,0,0,0,0,0,0,0,1,0,0,3,59.0,0,1975,0,0,1,4,4,0,0,1,1466.1016949152543
1,0,0,0,0,0,0,0,0,0,0,0,0,0,0,0,0,0,0,0,0,0,0,1,42.0,0,2025,1,0,0,6,9,0,0,0,1452.3809523809523
0,1,0,0,0,0,0,0,0,0,0,0,1,0,0,0,0,0,0,1,0,0,0,3,94.0,0,2023,0,1,0,3,12,0,0,0,914.8936170212766
0,1,0,0,0,0,0,0,0,0,0,0,1,0,0,0,0,0,1,0,0,0,0,3,81.0,0,2020,0,1,0,12,12,1,0,1,2098.7654320987654
0,1,0,0,0,0,0,0,0,0,0,1,0,0,0,0,0,0,1,0,0,0,0,1,53.0,0,2023,0,1,0,5,9,1,0,0,1283.0188679245282
0,1,0,0,0,0,0,0,0,0,0,0,1,0,0,0,0,0,1,0,0,0,0,4,145.0,0,2016,0,1,0,2,10,0,1,1,1875.8620689655172
0,1,0,0,0,0,0,0,0,0,0,1,0,0,0,0,0,0,0,1,0,0,0,1,44.19,1,2024,1,0,0,7,14,0,0,1,1244.6254808780268
0,1,0,0,0,0,0,0,0,0,0,0,1,0,0,0,0,0,1,0,0,0,0,2,59.2,1,2018,1,0,0,6,7,0,0,1,2069.2567567567567
0,1,0,0,0,0,0,0,0,0,0,0,1,0,0,0,0,0,0,1,0,0,0,1,52.0,0,2025,1,0,0,5,9,0,0,0,1020.0
0,1,0,0,0,0,0,0,0,0,0,1,0,0,0,0,0,0,1,0,0,0,0,2,58.0,0,2023,0,1,0,14,16,0,0,0,1500.0
0,1,0,0,0,0,0,0,0,0,0,0,1,0,0,0,0,0,0,0,0,0,1,2,59.7,0,2023,0,1,0,11,17,1,0,0,1423.7855946398658
0,1,0,0,0,0,0,0,0,0,0,0,1,0,0,0,0,0,1,0,0,0,0,3,74.0,0,2015,0,1,0,10,10,0,0,0,1108.1081081081081
0,0,0,0,0,0,1,0,0,0,0,0,0,0,0,0,0,0,0,0,1,0,0,3,58.0,0,1987,0,0,1,4,5,0,0,0,1775.8620689655172
0,1,0,0,0,0,0,0,0,0,0,1,0,0,0,0,0,0,0,1,0,0,0,2,70.0,0,2025,0,1,0,2,12,1,0,0,1185.7142857142858
0,1,0,0,0,0,0,0,0,0,0,0,1,0,0,0,0,0,1,0,0,0,0,2,42.0,0,2024,0,1,0,9,9,0,0,0,1369.047619047619
0,1,0,0,0,0,0,0,0,0,0,0,1,0,0,0,0,0,1,0,0,0,0,5,280.0,0,2019,0,1,0,1,5,0,0,0,1607.142857142857
0,1,0,0,0,0,0,0,0,0,0,0,0,1,0,0,0,0,0,1,0,0,0,3,103.0,0,2025,0,1,0,14,16,0,0,0,1350.0
0,1,0,0,0,0,0,0,0,0,0,0,0,0,0,0,0,0,0,1,0,0,0,3,123.0,0,2025,0,1,0,8,18,1,0,0,1600.0
0,0,1,0,0,0,0,0,0,0,0,0,1,0,0,0,0,0,1,0,0,0,0,3,99.0,0,1992,0,1,0,8,9,1,1,1,1131.3131313131314
0,1,0,0,0,0,0,0,0,0,0,0,1,0,0,0,0,0,0,1,0,0,0,1,41.0,0,2025,0,1,0,9,10,1,0,0,1165.8536585365853
0,1,0,0,0,0,0,0,0,0,0,0,0,1,0,0,0,0,1,0,0,0,0,2,67.0,0,2022,0,1,0,5,16,0,1,1,1716.4179104477612
0,1,0,0,0,0,0,0,0,0,0,1,0,0,0,0,0,0,0,1,0,0,0,2,59.0,0,2022,0,1,0,10,12,0,0,0,1228.8135593220338
0,1,0,0,0,0,0,0,0,0,0,0,0,1,0,0,0,0,1,0,0,0,0,3,137.0,0,2014,1,0,0,4,6,0,1,1,1204.3795620437957
1,0,0,0,0,0,0,0,0,0,0,0,1,0,0,0,0,0,0,0,0,1,0,2,49.6,0,2019,1,0,0,4,4,0,0,0,1078.6290322580644
0,1,0,0,0,0,0,0,0,0,0,0,1,0,0,0,0,0,0,1,0,0,0,3,98.0,0,2025,0,1,0,5,17,1,0,1,1377.5510204081634
0,1,0,0,0,0,0,0,0,0,0,1,0,0,0,0,0,0,0,1,0,0,0,3,112.0,0,2025,0,1,0,15,20,1,0,0,1200.0
0,1,0,0,0,0,0,0,0,0,0,1,0,0,0,0,0,0,0,1,0,0,0,2,52.78,0,2026,0,1,0,5,9,0,0,0,1477.8325123152708
0,0,0,0,0,0,1,0,0,0,0,0,1,0,0,0,0,0,1,0,0,0,0,3,63.0,0,1987,0,0,1,5,5,0,0,0,1363.4920634920634
0,1,0,0,0,0,0,0,0,0,0,1,0,0,0,0,0,0,1,0,0,0,0,4,117.0,0,2019,0,1,0,8,10,0,1,1,1923.076923076923
1,0,0,0,0,0,0,0,0,0,0,0,1,0,0,0,0,0,0,0,0,1,0,2,43.0,0,2019,1,0,0,4,5,0,1,1,1546.5116279069769
0,0,0,0,0,0,1,0,0,0,0,0,1,0,0,0,0,0,0,0,1,0,0,1,38.0,0,1987,0,0,1,4,9,0,1,0,1578.9473684210527
0,1,0,0,0,0,0,0,0,0,0,1,0,0,0,0,0,0,1,0,0,0,0,2,70.0,0,2024,1,0,0,4,12,1,0,0,1928.5714285714287
0,1,0,0,0,0,0,0,0,0,0,0,1,0,0,0,0,0,1,0,0,0,0,2,48.0,0,2024,0,1,0,8,9,0,0,0,1354.1666666666667
0,1,0,0,0,0,0,0,0,0,0,0,1,0,0,0,0,0,0,1,0,0,0,1,44.0,1,2026,0,1,0,11,16,0,0,0,1090.909090909091
0,1,0,0,0,0,0,0,0,0,0,0,1,0,0,0,0,0,0,0,1,0,0,2,78.0,0,2023,0,1,0,13,13,0,0,0,1371.7948717948718
1,0,0,0,0,0,0,0,0,0,0,0,0,0,0,0,0,0,0,0,0,0,0,3,58.0,0,1975,1,0,0,3,4,0,0,0,1465.5172413793102
0,0,0,0,1,0,0,0,0,0,0,0,1,0,0,0,0,0,0,0,1,0,0,2,45.0,1,1975,1,0,0,4,5,0,0,1,1555.5555555555557
1,0,0,0,0,0,0,0,0,0,0,0,1,0,0,0,0,0,1,0,0,0,0,2,49.0,0,2019,1,0,0,4,5,0,0,0,1918.3673469387754
1,0,0,0,0,0,0,0,0,0,0,0,0,0,0,0,0,0,0,0,0,0,0,3,104.2,0,2021,1,0,0,11,16,0,0,0,2207.2936660268715
0,1,0,0,0,0,0,0,0,0,0,0,1,0,0,0,0,0,0,1,0,0,0,4,167.9,1,2025,0,1,0,11,12,0,0,0,1191.1852293031566
0,1,0,0,0,0,0,0,0,0,0,0,0,1,0,0,0,0,0,1,0,0,0,1,41.0,0,2023,0,1,0,13,14,0,0,0,1121.9512195121952
0,1,0,0,0,0,0,0,0,0,0,0,0,1,0,0,0,0,1,0,0,0,0,1,41.0,0,2023,0,1,0,8,14,1,0,0,1407.3170731707316
0,1,0,0,0,0,0,0,0,0,0,1,0,0,0,0,0,0,0,1,0,0,0,3,132.0,0,2023,0,1,0,13,16,0,0,0,1500.0
0,0,0,0,0,0,1,0,0,0,0,0,1,0,0,0,0,0,0,0,0,1,0,2,50.0,0,1987,0,0,1,4,5,0,0,0,1490.0
1,0,0,0,0,0,0,0,0,0,0,0,0,0,0,0,0,0,0,0,0,0,0,3,78.5,0,2021,0,1,0,7,12,0,0,0,1656.0509554140128
0,1,0,0,0,0,0,0,0,0,0,0,0,0,0,0,0,0,1,0,0,0,0,3,63.0,0,2024,0,1,0,11,14,0,0,0,1444.4444444444443
0,1,0,0,0,0,0,0,0,0,0,1,0,0,0,0,0,0,1,0,0,0,0,3,103.0,0,2022,0,1,0,2,14,0,0,0,2427.1844660194174
0,1,0,0,0,0,0,0,0,0,0,1,0,0,0,0,0,0,0,1,0,0,0,3,109.0,0,2025,0,1,0,2,12,1,0,0,1600.0
0,1,0,0,0,0,0,0,0,0,0,0,1,0,0,0,0,0,1,0,0,0,0,2,63.0,0,2022,0,1,0,6,14,0,1,0,1563.4920634920634
0,1,0,0,0,0,0,0,0,0,0,0,1,0,0,0,0,0,1,0,0,0,0,1,54.0,1,2021,0,1,0,12,12,0,0,0,1240.7407407407406
0,0,0,0,1,0,0,0,0,0,0,0,1,0,0,0,0,0,1,0,0,0,0,3,58.0,0,1975,0,0,1,4,4,0,1,1,1439.655172413793
0,1,0,0,0,0,0,0,0,0,0,1,0,0,0,0,0,0,0,0,0,0,1,2,62.0,1,2026,1,0,0,5,9,1,1,0,1100.0
1,0,0,0,0,0,0,0,0,0,0,0,0,0,0,0,0,0,0,0,0,0,0,2,84.9,0,2012,1,0,0,4,8,0,0,0,1601.8845700824497
0,0,0,0,0,0,1,0,0,0,0,0,1,0,0,0,0,0,0,0,1,0,0,2,50.0,0,1987,0,0,1,4,9,0,0,1,1730.0
0,0,1,0,0,0,0,0,0,0,0,0,0,0,0,0,0,0,0,0,0,0,0,3,75.8,0,1984,0,0,1,3,9,0,0,0,1523.7467018469658
1,0,0,0,0,0,0,0,0,0,0,0,1,0,0,0,0,0,0,0,0,1,0,3,66.0,0,2019,1,0,0,9,9,1,1,1,1318.1818181818182
1,0,0,0,0,0,0,0,0,0,0,0,0,0,0,0,0,0,0,0,0,0,0,2,57.0,0,2017,1,0,0,6,10,0,0,0,1649.122807017544
0,1,0,0,0,0,0,0,0,0,0,1,0,0,0,0,0,0,1,0,0,0,0,1,43.0,0,2024,0,1,0,15,16,0,0,0,1600.0
0,1,0,0,0,0,0,0,0,0,0,1,0,0,0,0,0,0,1,0,0,0,0,2,62.4,0,2023,0,1,0,11,14,0,0,0,1362.1794871794873
0,1,0,0,0,0,0,0,0,0,0,1,0,0,0,0,0,0,0,1,0,0,0,3,93.0,0,2025,0,1,0,7,12,1,0,0,881.7204301075269
0,1,0,0,0,0,0,0,0,0,0,0,0,0,1,0,0,0,1,0,0,0,0,3,71.0,0,2021,1,0,0,3,4,0,0,0,1225.3521126760563
0,0,0,0,0,0,1,0,0,0,0,0,1,0,0,0,0,0,1,0,0,0,0,3,105.0,0,1987,0,0,1,4,5,0,1,0,1066.6666666666667
0,1,0,0,0,0,0,0,0,0,0,0,1,0,0,0,0,0,1,0,0,0,0,2,71.0,0,2025,0,1,0,2,10,0,0,0,1000.0
0,1,0,0,0,0,0,0,0,0,0,0,1,0,0,0,0,0,0,1,0,0,0,1,47.0,0,2024,1,0,0,15,15,0,0,0,1627.659574468085
0,1,0,0,0,0,0,0,0,0,0,0,1,0,0,0,0,0,1,0,0,0,0,2,60.0,0,2020,0,1,0,1,7,0,1,1,1508.3333333333333
0,1,0,0,0,0,0,0,0,0,0,1,0,0,0,0,0,0,0,1,0,0,0,2,78.0,0,2025,1,0,0,13,17,0,0,0,1600.0
0,1,0,0,0,0,0,0,0,0,0,1,0,0,0,0,0,0,0,0,1,0,0,2,70.0,0,2021,0,0,1,8,10,1,0,0,1264.2857142857142
0,1,0,0,0,0,0,0,0,0,0,0,1,0,0,0,0,0,0,1,0,0,0,1,49.0,0,2025,0,1,0,9,12,1,0,0,1153.061224489796
0,1,0,0,0,0,0,0,0,0,0,1,0,0,0,0,0,0,1,0,0,0,0,4,124.0,0,2023,0,1,0,3,9,1,0,0,2298.3870967741937
0,1,0,0,0,0,0,0,0,0,0,0,1,0,0,0,0,0,1,0,0,0,0,3,102.0,0,2016,1,0,0,3,9,0,0,1,1205.8823529411766
0,1,0,0,0,0,0,0,0,0,0,1,0,0,0,0,0,0,1,0,0,0,0,1,43.0,1,2023,0,1,0,8,12,0,1,1,1651.1627906976744
0,1,0,0,0,0,0,0,0,0,0,0,1,0,0,0,0,0,1,0,0,0,0,4,164.0,0,2017,0,1,0,3,13,1,1,1,2134.1463414634145
0,1,0,0,0,0,0,0,0,0,0,1,0,0,0,0,0,0,0,1,0,0,0,4,128.0,1,2024,0,1,0,3,14,0,0,0,2046.875
0,1,0,0,0,0,0,0,0,0,0,0,1,0,0,0,0,0,1,0,0,0,0,2,61.0,0,2018,0,1,0,9,10,1,1,1,2131.1475409836066
1,0,0,0,0,0,0,0,0,0,0,0,0,0,0,0,0,0,0,0,0,0,0,2,58.0,0,2023,0,1,0,3,14,0,0,0,1750.0
0,0,0,0,0,1,0,0,0,0,0,1,0,0,0,0,0,0,0,1,0,0,0,1,53.49,0,2023,0,1,0,8,9,0,0,0,1074.967283604412
0,1,0,0,0,0,0,0,0,0,0,0,1,0,0,0,0,0,1,0,0,0,0,3,86.0,0,2011,0,1,0,4,9,0,1,1,1360.4651162790697
0,1,0,0,0,0,0,0,0,0,0,0,0,0,0,0,0,0,0,1,0,0,0,1,63.0,0,2023,0,1,0,19,25,0,0,0,1500.0
0,1,0,0,0,0,0,0,0,0,0,1,0,0,0,0,0,0,1,0,0,0,0,3,80.0,1,2022,0,1,0,2,14,1,0,1,2125.0
0,1,0,0,0,0,0,0,0,0,0,1,0,0,0,0,0,0,1,0,0,0,0,3,83.0,0,2023,1,0,0,8,13,1,0,0,1420.0
0,1,0,0,0,0,0,0,0,0,0,0,0,1,0,0,0,0,1,0,0,0,0,4,176.0,0,2023,1,0,0,9,10,0,0,0,2400.0
0,0,1,0,0,0,0,0,0,0,0,0,1,0,0,0,0,0,0,0,1,0,0,3,68.0,0,1992,0,0,1,5,9,0,1,1,1500.0
0,1,0,0,0,0,0,0,0,0,0,0,0,0,0,0,0,0,0,1,0,0,0,2,54.0,0,2021,0,1,0,12,14,0,0,0,1537.037037037037
0,1,0,0,0,0,0,0,0,0,0,1,0,0,0,0,0,0,0,1,0,0,0,2,80.0,1,2025,0,1,0,10,22,0,0,0,1818.0
0,1,0,0,0,0,0,0,0,0,0,0,1,0,0,0,0,0,1,0,0,0,0,2,82.0,0,2015,0,1,0,9,9,0,0,0,1817.0731707317073
0,1,0,0,0,0,0,0,0,0,0,0,1,0,0,0,0,0,0,1,0,0,0,2,61.0,0,2025,0,1,0,13,16,0,0,1,1500.0
1,0,0,0,0,0,0,0,0,0,0,0,0,0,0,0,0,0,0,0,0,0,0,3,79.0,0,2022,1,0,0,3,14,0,0,0,2000.0
0,1,0,0,0,0,0,0,0,0,0,0,0,0,0,0,0,0,1,0,0,0,0,2,57.0,0,2017,0,1,0,6,16,0,1,0,1543.859649122807
0,1,0,0,0,0,0,0,0,0,0,1,0,0,0,0,0,0,1,0,0,0,0,3,82.0,0,2023,1,0,0,5,10,0,0,0,1524.3902439024391
0,0,0,0,1,0,0,0,0,0,0,0,1,0,0,0,0,0,0,0,0,1,0,2,43.0,0,1975,0,0,1,3,4,1,1,1,1790.6976744186047
0,1,0,0,0,0,0,0,0,0,0,0,1,0,0,0,0,0,0,0,1,0,0,3,87.0,0,2023,0,1,0,8,12,1,1,1,1333.3333333333333
0,1,0,0,0,0,0,0,0,0,0,0,0,0,0,0,0,0,1,0,0,0,0,2,78.0,0,2024,0,1,0,2,12,0,0,0,1602.5641025641025
0,1,0,0,0,0,0,0,0,0,0,1,0,0,0,0,0,0,1,0,0,0,0,1,41.0,0,2023,0,1,0,9,10,1,0,0,1414.6341463414635
0,1,0,0,0,0,0,0,0,0,0,1,0,0,0,0,0,0,1,0,0,0,0,2,49.0,0,2023,0,1,0,9,10,0,0,0,1806.1224489795918
0,1,0,0,0,0,0,0,0,0,0,1,0,0,0,0,0,0,0,1,0,0,0,3,73.0,0,2024,0,1,0,5,14,1,0,0,880.0
0,0,0,0,1,0,0,0,0,0,0,0,1,0,0,0,0,0,0,0,1,0,0,1,32.0,0,1975,0,0,1,1,5,0,0,0,1828.125
0,0,0,0,1,0,0,0,0,0,0,0,1,0,0,0,0,0,1,0,0,0,0,2,43.0,1,1975,0,1,0,4,4,0,0,0,1930.2325581395348
0,1,0,0,0,0,0,0,0,0,0,0,0,1,0,0,0,0,0,1,0,0,0,2,66.0,0,2024,1,0,0,1,10,1,0,0,950.0
0,1,0,0,0,0,0,0,0,0,0,0,0,1,0,0,0,0,0,1,0,0,0,1,53.0,0,2023,0,1,0,8,9,1,0,0,994.3396226415094
0,0,0,0,0,0,1,0,0,0,0,0,1,0,0,0,0,0,0,0,1,0,0,2,50.0,0,1987,0,0,1,5,5,0,1,0,1380.0
0,1,0,0,0,0,0,0,0,0,0,0,1,0,0,0,0,0,1,0,0,0,0,1,38.0,0,2018,0,1,0,3,12,0,0,0,2013.157894736842
0,1,0,0,0,0,0,0,0,0,0,1,0,0,0,0,0,0,0,1,0,0,0,1,38.0,0,2022,0,1,0,3,12,0,0,0,1157.8947368421052
0,0,0,1,0,0,0,0,0,0,0,0,1,0,0,0,0,0,0,0,0,1,0,2,63.0,0,1967,1,0,0,3,3,0,0,0,1079.3650793650793
0,1,0,0,0,0,0,0,0,0,0,1,0,0,0,0,0,0,0,1,0,0,0,4,137.0,0,2024,0,1,0,6,16,0,0,0,1204.3795620437957
1,0,0,0,0,0,0,0,0,0,0,0,1,0,0,0,0,0,0,0,0,1,0,1,47.0,0,2019,1,0,0,5,5,0,1,1,1276.595744680851
0,0,0,0,0,0,1,0,0,0,0,0,0,0,0,0,0,0,0,0,0,1,0,1,36.0,0,1987,0,0,1,1,9,0,0,0,1744.4444444444443
0,1,0,0,0,0,0,0,0,0,0,0,0,0,1,0,0,0,1,0,0,0,0,3,125.0,0,2017,0,1,0,10,12,0,1,1,1600.0
0,1,0,0,0,0,0,0,0,0,0,1,0,0,0,0,0,0,0,1,0,0,0,2,92.0,0,2025,0,1,0,3,8,0,0,0,1195.6521739130435
0,1,0,0,0,0,0,0,0,0,0,0,1,0,0,0,0,0,1,0,0,0,0,3,95.0,1,2023,1,0,0,11,12,0,0,0,1789.4736842105262
0,1,0,0,0,0,0,0,0,0,0,0,1,0,0,0,0,0,1,0,0,0,0,2,52.0,0,2023,0,1,0,2,12,1,0,1,1500.0
0,1,0,0,0,0,0,0,0,0,0,0,0,0,0,0,0,0,0,1,0,0,0,1,44.0,0,2023,0,1,0,12,14,0,0,0,1102.2727272727273
0,1,0,0,0,0,0,0,0,0,0,0,0,0,0,0,0,0,0,1,0,0,0,1,49.19,0,2025,0,1,0,12,17,0,0,0,1362.065460459443
1,0,0,0,0,0,0,0,0,0,0,0,0,0,0,0,0,0,0,0,0,0,0,1,48.0,0,2025,0,1,0,4,12,0,0,0,1854.1666666666667
0,1,0,0,0,0,0,0,0,0,0,0,1,0,0,0,0,0,1,0,0,0,0,3,158.0,0,2015,0,1,0,5,9,0,0,0,3000.0
0,1,0,0,0,0,0,0,0,0,0,1,0,0,0,0,0,0,0,1,0,0,0,3,71.0,0,2024,1,0,0,11,12,1,0,0,957.7464788732394
0,1,0,0,0,0,0,0,0,0,0,1,0,0,0,0,0,0,0,1,0,0,0,2,77.5,0,2024,1,0,0,10,12,0,0,0,1350.0
0,1,0,0,0,0,0,0,0,0,0,1,0,0,0,0,0,0,0,1,0,0,0,2,77.05,0,2024,0,1,0,12,15,0,0,0,1148.6048020765736
0,0,0,0,1,0,0,0,0,0,0,0,1,0,0,0,0,0,0,0,1,0,0,3,58.0,0,1975,0,0,1,4,4,0,0,0,1568.9655172413793
0,1,0,0,0,0,0,0,0,0,0,0,1,0,0,0,0,0,0,1,0,0,0,3,106.0,0,2021,0,1,0,4,12,1,0,0,981.1320754716982
1,0,0,0,0,0,0,0,0,0,0,1,0,0,0,0,0,0,1,0,0,0,0,2,60.0,0,2019,0,1,0,3,5,0,1,0,1250.0
0,1,0,0,0,0,0,0,0,0,0,0,0,1,0,0,0,0,0,1,0,0,0,2,83.0,0,2024,0,1,0,2,9,0,0,0,1100.0
0,1,0,0,0,0,0,0,0,0,0,1,0,0,0,0,0,0,0,1,0,0,0,3,104.0,0,2022,0,1,0,11,12,0,0,0,1058.6538461538462
0,0,0,0,0,0,0,0,0,1,0,0,1,0,0,0,0,0,1,0,0,0,0,2,44.0,1,1960,1,0,0,2,3,0,0,0,2022.7272727272727
0,1,0,0,0,0,0,0,0,0,0,0,1,0,0,0,0,0,0,0,1,0,0,4,222.0,0,2007,1,0,0,5,8,0,0,1,2027.027027027027
0,1,0,0,0,0,0,0,0,0,0,0,1,0,0,0,0,0,0,1,0,0,0,3,98.0,0,2023,0,1,0,4,8,0,0,0,1000.0
0,0,0,0,0,1,0,0,0,0,0,0,0,0,0,1,0,0,1,0,0,0,0,1,38.0,1,2024,0,0,1,2,9,0,0,0,1473.6842105263158
0,1,0,0,0,0,0,0,0,0,0,0,1,0,0,0,0,0,1,0,0,0,0,1,53.0,0,2021,0,1,0,8,12,0,0,0,1433.9622641509434
0,1,0,0,0,0,0,0,0,0,0,0,0,0,0,0,0,0,0,1,0,0,0,2,53.0,1,2026,0,1,0,16,16,1,0,0,1100.0
0,1,0,0,0,0,0,0,0,0,0,1,0,0,0,0,0,0,0,0,0,0,1,3,79.43,0,2025,0,1,0,12,16,0,0,0,1384.867178647866
0,1,0,0,0,0,0,0,0,0,0,1,0,0,0,0,0,0,1,0,0,0,0,1,46.0,0,2023,1,0,0,9,9,0,0,0,1456.5217391304348
0,1,0,0,0,0,0,0,0,0,0,0,1,0,0,0,0,0,0,1,0,0,0,3,137.0,0,2024,0,1,0,14,16,1,0,0,1204.3795620437957
0,0,0,1,0,0,0,0,0,0,0,0,0,0,0,0,0,0,0,0,0,0,0,1,33.0,0,1965,1,0,0,1,4,0,0,0,1666.6666666666667
0,0,0,0,1,0,0,0,0,0,0,0,1,0,0,0,0,0,0,0,1,0,0,2,44.0,0,1975,1,0,0,5,5,0,0,0,1431.8181818181818
0,1,0,0,0,0,0,0,0,0,0,0,0,1,0,0,0,0,1,0,0,0,0,3,100.0,0,2022,0,1,0,10,14,0,0,0,2100.0
0,1,0,0,0,0,0,0,0,0,0,0,0,1,0,0,0,0,0,1,0,0,0,3,110.0,1,2025,1,0,0,3,9,0,0,0,1250.0
0,1,0,0,0,0,0,0,0,0,0,0,0,0,0,0,0,0,0,1,0,0,0,2,80.0,0,2025,0,1,0,4,16,0,0,0,1200.0
0,1,0,0,0,0,0,0,0,0,0,0,1,0,0,0,0,0,1,0,0,0,0,3,93.0,0,2022,0,1,0,13,16,0,0,0,1290.3225806451612
0,0,1,0,0,0,0,0,0,0,0,0,1,0,0,0,0,0,0,0,1,0,0,1,35.0,0,1992,0,0,1,6,9,0,1,1,1842.857142857143
0,0,1,0,0,0,0,0,0,0,0,0,0,0,0,0,0,0,0,0,0,0,0,3,60.0,0,1980,0,0,1,4,9,0,0,0,2025.0
1,0,0,0,0,0,0,0,0,0,0,0,0,0,0,0,0,0,0,0,1,0,0,1,32.0,0,2019,1,0,0,5,5,0,0,0,1562.5
0,0,0,0,1,0,0,0,0,0,0,0,1,0,0,0,0,0,0,0,0,1,0,2,43.0,0,1975,0,0,1,2,5,0,0,0,1593.0232558139535
0,1,0,0,0,0,0,0,0,0,0,0,1,0,0,0,0,0,0,1,0,0,0,2,72.0,0,2024,0,1,0,5,14,1,0,0,900.0
0,1,0,0,0,0,0,0,0,0,0,0,0,0,0,0,0,0,0,1,0,0,0,2,72.0,0,2023,0,1,0,8,14,0,0,0,1222.2222222222222
0,1,0,0,0,0,0,0,0,0,0,1,0,0,0,0,0,0,0,1,0,0,0,6,250.0,0,2024,1,0,0,1,3,0,0,0,1100.0
0,1,0,0,0,0,0,0,0,0,0,0,1,0,0,0,0,0,1,0,0,0,0,1,44.0,0,2022,0,1,0,11,16,0,0,0,1545.4545454545455
0,1,0,0,0,0,0,0,0,0,0,0,1,0,0,0,0,0,0,1,0,0,0,4,120.0,0,2025,0,1,0,10,14,0,0,0,1420.0
0,1,0,0,0,0,0,0,0,0,0,0,0,1,0,0,0,0,0,1,0,0,0,3,99.0,0,2023,0,1,0,21,25,0,0,0,1200.0
0,1,0,0,0,0,0,0,0,0,0,0,0,0,0,0,0,0,0,0,1,0,0,1,37.0,0,2023,1,0,0,3,5,0,0,0,1486.4864864864865
0,1,0,0,0,0,0,0,0,0,0,0,1,0,0,0,0,0,0,0,1,0,0,2,57.0,0,2020,0,1,0,2,10,0,1,1,1824.561403508772
0,1,0,0,0,0,0,0,0,0,0,0,1,0,0,0,0,0,0,1,0,0,0,2,67.0,1,2023,0,1,0,7,13,0,0,0,1119.402985074627
0,1,0,0,0,0,0,0,0,0,0,0,0,0,0,0,0,0,1,0,0,0,0,3,105.0,0,2020,1,0,0,6,10,0,0,0,1761.904761904762
1,0,0,0,0,0,0,0,0,0,0,0,0,0,1,0,0,0,0,0,1,0,0,2,52.0,0,1987,0,0,1,2,3,0,1,1,1211.5384615384614
0,1,0,0,0,0,0,0,0,0,0,0,0,0,0,0,0,0,1,0,0,0,0,4,130.0,0,2023,1,0,0,7,10,0,0,0,1961.5384615384614
0,1,0,0,0,0,0,0,0,0,0,0,0,0,0,0,0,0,0,1,0,0,0,3,150.0,0,2023,0,1,0,7,12,0,0,0,900.0
0,1,0,0,0,0,0,0,0,0,0,0,1,0,0,0,0,0,1,0,0,0,0,3,94.0,0,2018,0,1,0,6,12,1,1,0,1382.9787234042553
0,0,0,0,0,0,1,0,0,0,0,0,1,0,0,0,0,0,0,0,1,0,0,3,62.0,0,1987,0,0,1,7,9,0,1,0,1701.6129032258063
1,0,0,0,0,0,0,0,0,0,0,0,1,0,0,0,0,0,0,0,1,0,0,3,73.0,0,2019,1,0,0,3,3,0,0,0,1130.13698630137
0,0,1,0,0,0,0,0,0,0,0,0,1,0,0,0,0,0,0,0,0,1,0,2,52.0,0,1992,0,0,1,6,9,0,0,0,1432.6923076923076
0,1,0,0,0,0,0,0,0,0,0,0,1,0,0,0,0,0,0,1,0,0,0,2,110.0,0,2021,0,1,0,2,8,0,0,0,1345.4545454545455
0,1,0,0,0,0,0,0,0,0,0,0,1,0,0,0,0,0,0,1,0,0,0,3,113.0,0,2023,1,0,0,3,12,0,1,0,1203.5398230088495
0,1,0,0,0,0,0,0,0,0,0,0,1,0,0,0,0,0,0,1,0,0,0,1,38.0,0,2024,0,1,0,12,14,0,0,0,1400.0
0,1,0,0,0,0,0,0,0,0,0,0,0,0,1,0,0,0,0,0,1,0,0,1,40.0,0,2023,0,1,0,10,10,0,0,0,1400.0
0,1,0,0,0,0,0,0,0,0,0,1,0,0,0,0,0,0,1,0,0,0,0,1,39.0,0,2023,1,0,0,4,10,0,0,0,1358.974358974359
1,0,0,0,0,0,0,0,0,0,0,0,1,0,0,0,0,0,0,0,0,1,0,1,34.0,0,2019,1,0,0,4,5,0,0,0,1617.6470588235295
0,1,0,0,0,0,0,0,0,0,0,1,0,0,0,0,0,0,0,1,0,0,0,2,85.0,0,2024,0,1,0,12,12,1,0,0,1150.0
0,0,0,0,0,1,0,0,0,0,0,0,0,0,0,0,0,0,0,0,0,1,0,1,27.0,0,2025,0,0,1,4,10,0,0,0,1407.4074074074074
1,0,0,0,0,0,0,0,0,0,0,0,0,0,0,0,0,0,0,0,1,0,0,2,51.0,0,2019,0,0,1,16,18,0,0,0,1333.3333333333333
0,1,0,0,0,0,0,0,0,0,0,0,0,0,0,0,0,0,0,1,0,0,0,2,73.2,0,2024,0,1,0,4,9,0,0,0,949.4535519125683
0,0,0,0,0,0,1,0,0,0,0,0,1,0,0,0,0,0,0,0,1,0,0,3,61.0,1,1987,0,0,1,9,9,0,1,1,1434.4262295081967
0,1,0,0,0,0,0,0,0,0,0,0,0,0,0,0,0,0,0,1,0,0,0,5,270.0,0,2023,0,1,0,12,14,0,0,0,1000.0
0,1,0,0,0,0,0,0,0,0,0,1,0,0,0,0,0,0,0,1,0,0,0,2,61.7,1,2026,1,0,0,10,15,0,0,0,1380.0
0,0,0,0,0,1,0,0,0,0,0,0,0,0,0,0,0,0,1,0,0,0,0,1,53.0,0,2023,0,1,0,7,9,1,1,0,1207.5471698113208
0,1,0,0,0,0,0,0,0,0,0,0,1,0,0,0,0,0,0,1,0,0,0,3,100.0,0,2023,0,1,0,9,16,0,0,0,1400.0
1,0,0,0,0,0,0,0,0,0,0,0,0,0,0,0,0,0,0,0,0,0,0,3,90.7,0,2009,1,0,0,4,5,0,0,0,1742.0066152149943
0,0,0,1,0,0,0,0,0,0,0,0,1,0,0,0,0,0,0,0,1,0,0,3,54.0,1,1967,1,0,0,1,4,0,0,0,1481.4814814814815
0,1,0,0,0,0,0,0,0,0,0,0,1,0,0,0,0,0,0,1,0,0,0,3,77.2,1,2024,0,1,0,11,15,0,0,0,1230.5699481865286
0,1,0,0,0,0,0,0,0,0,0,0,1,0,0,0,0,0,1,0,0,0,0,2,70.0,0,2020,0,1,0,4,12,1,0,0,1757.142857142857
0,1,0,0,0,0,0,0,0,0,0,1,0,0,0,0,0,0,1,0,0,0,0,1,53.0,1,2024,0,0,1,3,9,0,0,0,1452.8301886792453
0,1,0,0,0,0,0,0,0,0,0,1,0,0,0,0,0,0,0,1,0,0,0,2,59.0,0,2025,0,1,0,8,9,0,0,1,949.1525423728814
0,1,0,0,0,0,0,0,0,0,0,0,1,0,0,0,0,0,1,0,0,0,0,4,223.0,0,2023,1,0,0,9,11,1,1,1,1300.4484304932735
0,1,0,0,0,0,0,0,0,0,0,0,1,0,0,0,0,0,0,1,0,0,0,3,104.34,0,2025,1,0,0,10,10,0,0,0,1700.0
0,1,0,0,0,0,0,0,0,0,0,0,1,0,0,0,0,0,0,1,0,0,0,2,71.0,0,2022,0,1,0,12,12,1,0,0,1380.281690140845
0,1,0,0,0,0,0,0,0,0,0,0,1,0,0,0,0,0,0,1,0,0,0,3,79.0,0,2023,1,0,0,7,10,0,0,0,1012.6582278481013
1,0,0,0,0,0,0,0,0,0,0,0,0,0,0,0,0,0,0,0,0,0,0,3,109.0,0,2018,1,0,0,3,13,0,0,0,1651.3761467889908
0,1,0,0,0,0,0,0,0,0,0,1,0,0,0,0,0,0,0,1,0,0,0,3,109.0,0,2024,1,0,0,4,12,0,0,0,1229.3577981651376
0,0,0,0,0,0,0,0,0,1,0,0,1,0,0,0,0,0,0,0,1,0,0,2,47.0,0,1939,1,0,0,3,3,0,1,0,1787.2340425531916
0,1,0,0,0,0,0,0,0,0,0,1,0,0,0,0,0,0,0,1,0,0,0,4,148.0,0,2022,0,1,0,9,9,1,1,1,1853.918918918919
0,0,0,0,0,1,0,0,0,0,0,1,0,0,0,0,0,0,1,0,0,0,0,1,53.0,0,2025,0,0,1,1,10,0,0,0,1349.0566037735848
0,0,1,0,0,0,0,0,0,0,0,0,1,0,0,0,0,0,0,0,0,1,0,2,52.0,0,1992,0,0,1,6,9,0,1,1,1480.7692307692307
0,1,0,0,0,0,0,0,0,0,0,0,1,0,0,0,0,0,0,1,0,0,0,2,71.0,0,2022,0,1,0,10,12,0,0,0,1169.0140845070423
0,1,0,0,0,0,0,0,0,0,0,0,0,0,1,0,0,0,1,0,0,0,0,4,200.0,0,2012,1,0,0,3,10,0,1,0,1900.0
1,0,0,0,0,0,0,0,0,0,0,0,0,0,0,0,0,0,1,0,0,0,0,3,95.0,0,2022,1,0,0,13,16,0,0,0,1252.6315789473683
0,0,0,1,0,0,0,0,0,0,0,0,1,0,0,0,0,0,0,0,1,0,0,1,29.0,0,1989,1,0,0,2,3,0,1,1,1500.0
0,0,1,0,0,0,0,0,0,0,0,0,1,0,0,0,0,0,0,0,0,1,0,2,72.0,0,1992,0,0,1,7,9,0,0,0,1131.9444444444443
0,0,0,0,0,0,1,0,0,0,0,0,1,0,0,0,0,0,0,0,1,0,0,4,74.0,0,1987,0,0,1,4,9,0,1,1,1554.054054054054
0,1,0,0,0,0,0,0,0,0,0,0,1,0,0,0,0,0,0,1,0,0,0,2,65.3,0,2025,1,0,0,4,12,0,0,0,1117.91730474732
1,0,0,0,0,0,0,0,0,0,0,0,0,0,0,0,0,0,0,0,0,0,0,2,87.8,0,2009,1,0,0,2,11,0,0,0,1822.3234624145787
0,1,0,0,0,0,0,0,0,0,0,0,1,0,0,0,0,0,1,0,0,0,0,2,79.0,0,2023,1,0,0,2,14,0,0,0,1702.5316455696202
0,1,0,0,0,0,0,0,0,0,0,1,0,0,0,0,0,0,0,1,0,0,0,3,73.0,0,2024,0,1,0,5,12,0,0,0,1123.2876712328766
0,1,0,0,0,0,0,0,0,0,0,0,0,0,0,0,0,0,1,0,0,0,0,4,186.0,1,2016,1,0,0,9,10,1,1,1,1000.0
0,1,0,0,0,0,0,0,0,0,0,1,0,0,0,0,0,0,1,0,0,0,0,1,53.35,0,2023,0,1,0,4,9,0,0,0,1340.2061855670104
0,0,0,0,1,0,0,0,0,0,0,0,1,0,0,0,0,0,0,0,1,0,0,2,43.0,0,1980,0,0,1,4,4,0,1,1,1604.6511627906978
1,0,0,0,0,0,0,0,0,0,0,0,1,0,0,0,0,0,0,0,1,0,0,2,67.8,0,2019,1,0,0,2,5,0,1,1,1253.6873156342183
0,0,0,0,0,0,1,0,0,0,0,0,1,0,0,0,0,0,1,0,0,0,0,1,35.0,0,1999,0,0,1,2,9,0,1,1,1763.857142857143
0,1,0,0,0,0,0,0,0,0,0,0,1,0,0,0,0,0,1,0,0,0,0,2,55.0,0,2024,0,1,0,11,12,1,0,0,1503.6363636363637
0,1,0,0,0,0,0,0,0,0,0,1,0,0,0,0,0,0,0,0,1,0,0,3,80.0,0,2023,0,1,0,2,10,0,1,0,2125.0
0,1,0,0,0,0,0,0,0,0,0,1,0,0,0,0,0,0,0,1,0,0,0,1,41.0,0,2025,1,0,0,2,10,0,0,1,1243.9024390243903
1,0,0,0,0,0,0,0,0,0,0,0,0,0,0,0,0,0,0,0,0,0,0,2,74.78,0,2026,0,1,0,11,16,0,0,0,870.0053490238031
0,1,0,0,0,0,0,0,0,0,0,0,1,0,0,0,0,0,1,0,0,0,0,3,107.0,0,2015,0,1,0,10,11,1,1,1,1600.0
0,1,0,0,0,0,0,0,0,0,0,1,0,0,0,0,0,0,0,1,0,0,0,3,112.0,0,2023,0,1,0,4,10,1,1,1,1553.5714285714287
0,1,0,0,0,0,0,0,0,0,0,0,1,0,0,0,0,0,1,0,0,0,0,4,163.0,0,2018,0,1,0,5,10,0,0,0,1680.9815950920245
0,1,0,0,0,0,0,0,0,0,0,0,1,0,0,0,0,0,0,0,1,0,0,1,52.0,0,2023,0,1,0,8,14,0,0,0,1375.0
0,1,0,0,0,0,0,0,0,0,0,1,0,0,0,0,0,0,1,0,0,0,0,2,62.0,0,2024,1,0,0,11,12,1,0,0,1443.5483870967741
0,1,0,0,0,0,0,0,0,0,0,0,1,0,0,0,0,0,0,0,1,0,0,4,165.0,0,2008,1,0,0,9,10,0,1,1,1090.909090909091
0,1,0,0,0,0,0,0,0,0,0,1,0,0,0,0,0,0,0,1,0,0,0,2,85.0,0,2024,1,0,0,12,12,0,0,0,1105.8823529411766
1,0,0,0,0,0,0,0,0,0,0,0,0,0,0,0,0,0,0,0,0,0,0,4,146.0,0,2023,0,1,0,5,12,0,0,0,1215.7534246575342
1,0,0,0,0,0,0,0,0,0,0,0,0,0,1,0,0,0,0,0,0,1,0,2,46.0,0,2019,1,0,0,2,2,0,0,0,1108.695652173913
0,0,0,0,1,0,0,0,0,0,0,0,1,0,0,0,0,0,1,0,0,0,0,3,58.0,1,1975,0,0,1,4,4,0,0,0,1689.655172413793
0,1,0,0,0,0,0,0,0,0,0,0,0,0,0,0,0,0,0,1,0,0,0,3,121.63,0,2022,0,0,1,11,13,0,0,0,1349.9958891720794
0,1,0,0,0,0,0,0,0,0,0,1,0,0,0,0,0,0,1,0,0,0,0,4,178.0,0,2018,0,1,0,11,13,1,0,1,2808.983146067416
1,0,0,0,0,0,0,0,0,0,0,0,0,0,0,0,0,0,0,0,0,0,0,5,150.0,0,2023,0,1,0,7,19,0,0,0,2266.6666666666665
0,0,0,0,0,0,1,0,0,0,0,0,1,0,0,0,0,0,1,0,0,0,0,2,50.0,0,1987,0,0,1,3,5,0,0,0,1560.0
0,1,0,0,0,0,0,0,0,0,0,0,0,0,0,0,0,0,0,1,0,0,0,3,96.0,0,2024,0,1,0,14,14,0,0,0,817.7083333333334
0,1,0,0,0,0,0,0,0,0,0,0,0,0,0,0,0,0,1,0,0,0,0,1,45.0,0,2024,0,1,0,7,9,0,0,0,1422.2222222222222
0,1,0,0,0,0,0,0,0,0,0,0,1,0,0,0,0,0,1,0,0,0,0,1,54.0,1,2023,0,1,0,10,12,0,0,0,1370.3703703703704
0,1,0,0,0,0,0,0,0,0,0,0,0,1,0,0,0,0,1,0,0,0,0,1,50.0,0,2021,0,1,0,7,12,1,0,0,1640.0
0,1,0,0,0,0,0,0,0,0,0,0,1,0,0,0,0,0,0,1,0,0,0,2,65.0,0,2025,0,1,0,5,10,1,0,0,1100.0
0,0,0,0,1,0,0,0,0,0,0,0,1,0,0,0,0,0,0,0,1,0,0,1,32.0,1,1975,0,0,1,1,4,0,1,1,1906.25
0,1,0,0,0,0,0,0,0,0,0,0,1,0,0,0,0,0,0,1,0,0,0,2,82.0,0,2019,0,1,0,11,12,1,1,1,1463.4146341463415
0,0,0,0,1,0,0,0,0,0,0,0,1,0,0,0,0,0,1,0,0,0,0,1,32.0,0,1975,0,0,1,1,4,0,1,0,1859.375
0,1,0,0,0,0,0,0,0,0,0,0,1,0,0,0,0,0,1,0,0,0,0,1,32.0,0,2023,0,1,0,11,12,0,0,0,1812.5
0,0,0,0,1,0,0,0,0,0,0,0,0,0,0,0,0,0,0,0,0,0,0,3,58.2,0,1970,0,0,1,4,5,0,0,0,1451.890034364261
0,1,0,0,0,0,0,0,0,0,0,0,0,0,0,0,0,0,0,1,0,0,0,2,72.0,1,2023,1,0,0,13,14,0,0,0,1400.0
0,1,0,0,0,0,0,0,0,0,0,0,0,1,0,0,0,0,1,0,0,0,0,4,126.0,0,2020,0,1,0,11,14,0,1,1,2341.2698412698414
0,1,0,0,0,0,0,0,0,0,0,1,0,0,0,0,0,0,0,0,1,0,0,3,80.0,0,2022,0,1,0,3,10,0,0,0,2125.0
0,1,0,0,0,0,0,0,0,0,0,0,1,0,0,0,0,0,1,0,0,0,0,2,67.0,0,2024,0,1,0,4,14,0,0,0,1380.597014925373
0,1,0,0,0,0,0,0,0,0,0,1,0,0,0,0,0,0,1,0,0,0,0,2,46.0,0,2023,1,0,0,7,12,0,0,0,1728.2608695652175
0,1,0,0,0,0,0,0,0,0,0,0,1,0,0,0,0,0,1,0,0,0,0,3,100.0,0,2018,0,1,0,4,10,0,1,0,1700.0
0,0,0,0,1,0,0,0,0,0,0,0,1,0,0,0,0,0,1,0,0,0,0,1,32.0,0,1975,0,0,1,1,4,0,0,0,2121.875
0,1,0,0,0,0,0,0,0,0,0,0,1,0,0,0,0,0,0,1,0,0,0,2,72.0,0,2024,0,0,1,6,9,0,0,0,1118.0555555555557
0,1,0,0,0,0,0,0,0,0,0,1,0,0,0,0,0,0,0,1,0,0,0,2,59.0,0,2025,0,1,0,7,14,0,0,0,1220.3389830508474
1,0,0,0,0,0,0,0,0,0,0,0,1,0,0,0,0,0,0,0,1,0,0,2,48.0,1,2019,1,0,0,4,5,0,0,0,1645.8333333333333
1,0,0,0,0,0,0,0,0,0,0,1,0,0,0,0,0,0,1,0,0,0,0,2,39.0,0,2024,1,0,0,5,5,0,0,0,1294.871794871795
0,1,0,0,0,0,0,0,0,0,0,0,0,0,1,0,0,0,1,0,0,0,0,3,110.0,0,2023,0,1,0,8,10,0,1,1,1518.1818181818182
0,0,1,0,0,0,0,0,0,0,0,0,0,0,0,0,0,0,0,0,0,0,0,3,63.0,0,1993,0,0,1,4,9,0,0,0,1746.031746031746
0,1,0,0,0,0,0,0,0,0,0,1,0,0,0,0,0,0,1,0,0,0,0,4,109.0,0,2019,0,1,0,12,12,0,0,0,1770.6422018348624
0,1,0,0,0,0,0,0,0,0,0,1,0,0,0,0,0,0,1,0,0,0,0,2,55.0,0,2023,1,0,0,0,4,1,1,1,909.0909090909091
0,0,0,0,0,0,0,0,1,0,0,0,1,0,0,0,0,0,0,0,1,0,0,1,16.0,1,1987,1,0,0,3,5,0,1,1,1718.75
0,1,0,0,0,0,0,0,0,0,0,0,1,0,0,0,0,0,1,0,0,0,0,4,177.0,0,2023,0,1,0,11,12,0,0,0,1892.6553672316384
0,0,0,0,0,1,0,0,0,0,0,0,1,0,0,0,0,0,0,1,0,0,0,1,48.0,1,2025,0,1,0,8,17,0,0,0,1300.0
0,1,0,0,0,0,0,0,0,0,0,1,0,0,0,0,0,0,0,0,1,0,0,1,52.0,0,2023,0,1,0,6,12,1,0,0,1346.1538461538462
0,1,0,0,0,0,0,0,0,0,0,1,0,0,0,0,0,0,0,0,1,0,0,2,68.0,0,2019,0,1,0,9,9,0,0,0,1235.2941176470588
1,0,0,0,0,0,0,0,0,0,0,1,0,0,0,0,0,0,1,0,0,0,0,2,53.0,0,2019,1,0,0,2,2,0,0,0,1198.1132075471698
0,1,0,0,0,0,0,0,0,0,0,0,0,1,0,0,0,0,0,1,0,0,0,1,41.0,0,2024,0,1,0,5,9,0,0,0,1060.9756097560976
0,1,0,0,0,0,0,0,0,0,0,0,0,1,0,0,0,0,1,0,0,0,0,1,30.0,0,2023,0,1,0,1,5,1,0,0,1566.6333333333334
0,1,0,0,0,0,0,0,0,0,0,1,0,0,0,0,0,0,0,1,0,0,0,2,66.0,0,2026,0,1,0,13,15,1,0,0,1006.060606060606
0,1,0,0,0,0,0,0,0,0,0,0,0,0,0,0,0,0,1,0,0,0,0,1,39.0,0,2021,0,1,0,4,10,0,0,0,1820.5128205128206
0,1,0,0,0,0,0,0,0,0,0,0,0,1,0,0,0,0,1,0,0,0,0,1,37.0,0,2023,0,1,0,5,14,0,0,0,1527.027027027027
0,1,0,0,0,0,0,0,0,0,0,0,1,0,0,0,0,0,1,0,0,0,0,2,50.0,0,2022,0,1,0,4,16,0,0,0,1590.0
0,0,0,0,1,0,0,0,0,0,0,0,1,0,0,0,0,0,0,0,0,1,0,2,46.0,0,1970,0,0,1,3,4,0,1,1,1473.9130434782608
0,1,0,0,0,0,0,0,0,0,0,0,1,0,0,0,0,0,0,0,1,0,0,2,69.0,0,2023,1,0,0,6,9,0,0,0,1521.7391304347825
0,1,0,0,0,0,0,0,0,0,0,1,0,0,0,0,0,0,0,1,0,0,0,3,109.0,0,2024,0,1,0,11,12,1,0,0,1110.091743119266
0,1,0,0,0,0,0,0,0,0,0,0,0,0,1,0,0,0,0,0,1,0,0,2,77.0,1,2023,0,1,0,5,12,0,1,0,1623.3766233766235
0,1,0,0,0,0,0,0,0,0,0,0,1,0,0,0,0,0,1,0,0,0,0,1,46.0,0,2023,0,1,0,7,10,0,0,0,1293.4782608695652
1,0,0,0,0,0,0,0,0,0,0,1,0,0,0,0,0,0,0,1,0,0,0,1,42.0,0,2019,1,0,0,1,4,0,0,0,1000.0
1,0,0,0,0,0,0,0,0,0,0,0,1,0,0,0,0,0,0,0,1,0,0,3,57.0,0,2019,1,0,0,2,5,0,0,0,1429.8245614035088
0,1,0,0,0,0,0,0,0,0,0,1,0,0,0,0,0,0,0,1,0,0,0,2,86.7,0,2023,0,1,0,10,16,1,0,0,1291.8108419838522
0,0,0,0,0,0,1,0,0,0,0,0,1,0,0,0,0,0,0,0,1,0,0,2,50.0,0,1987,0,0,1,4,5,0,0,0,1430.0
0,1,0,0,0,0,0,0,0,0,0,0,1,0,0,0,0,0,0,1,0,0,0,3,74.8,0,2023,0,1,0,10,12,0,0,0,1109.625668449198
0,1,0,0,0,0,0,0,0,0,0,0,0,1,0,0,0,0,0,1,0,0,0,1,50.0,0,2022,0,1,0,6,14,0,0,0,1370.0
1,0,0,0,0,0,0,0,0,0,0,0,1,0,0,0,0,0,0,0,0,1,0,1,30.0,0,2019,1,0,0,4,5,0,1,1,1783.3333333333333
0,1,0,0,0,0,0,0,0,0,0,0,1,0,0,0,0,0,1,0,0,0,0,5,168.0,0,2015,1,0,0,9,11,1,1,1,1529.7619047619048
1,0,0,0,0,0,0,0,0,0,0,0,0,0,0,0,0,0,0,0,0,0,0,1,46.0,0,2024,0,1,0,8,12,0,0,0,1782.608695652174
1,0,0,0,0,0,0,0,0,0,0,0,0,0,0,0,0,0,0,0,0,0,0,1,50.0,0,2025,1,0,0,8,12,0,0,0,910.0
0,1,0,0,0,0,0,0,0,0,0,0,1,0,0,0,0,0,1,0,0,0,0,2,67.0,0,2019,1,0,0,9,9,0,1,1,1313.4328358208954
0,0,1,0,0,0,0,0,0,0,0,1,0,0,0,0,0,0,1,0,0,0,0,1,45.0,0,2019,0,0,1,4,9,1,0,0,1311.111111111111
0,1,0,0,0,0,0,0,0,0,0,1,0,0,0,0,0,0,1,0,0,0,0,2,52.5,0,2023,1,0,0,8,14,0,0,0,1361.904761904762
1,0,0,0,0,0,0,0,0,0,0,0,0,0,0,0,0,0,0,0,0,0,0,4,122.44,0,2026,1,0,0,11,15,0,0,0,914.733747141457
0,1,0,0,0,0,0,0,0,0,0,0,1,0,0,0,0,0,1,0,0,0,0,1,43.0,0,2023,0,1,0,4,12,0,0,0,1709.3023255813953
0,1,0,0,0,0,0,0,0,0,0,1,0,0,0,0,0,0,0,0,1,0,0,2,74.0,0,2018,0,1,0,10,10,1,1,1,1486.4864864864865
1,0,0,0,0,0,0,0,0,0,0,0,0,0,0,0,0,0,0,0,0,0,0,2,71.47,0,2022,1,0,0,5,9,0,0,0,1609.0667412900518
0,1,0,0,0,0,0,0,0,0,0,1,0,0,0,0,0,0,0,1,0,0,0,1,51.0,0,2024,0,1,0,8,12,0,0,0,1303.921568627451
0,1,0,0,0,0,0,0,0,0,0,0,1,0,0,0,0,0,0,1,0,0,0,3,75.0,0,2025,0,1,0,7,16,0,0,0,1300.0
0,1,0,0,0,0,0,0,0,0,0,0,1,0,0,0,0,0,0,1,0,0,0,3,120.0,0,2020,0,1,0,6,14,1,0,0,1240.0
1,0,0,0,0,0,0,0,0,0,0,0,0,0,0,0,0,0,0,0,0,0,0,1,47.7,0,2024,1,0,0,6,13,0,0,0,1320.754716981132
0,1,0,0,0,0,0,0,0,0,0,1,0,0,0,0,0,0,0,1,0,0,0,3,99.4,0,2022,0,1,0,14,16,0,0,0,1096.579476861167
0,1,0,0,0,0,0,0,0,0,0,1,0,0,0,0,0,0,1,0,0,0,0,2,61.0,1,2024,0,1,0,8,12,0,1,1,2100.0
0,1,0,0,0,0,0,0,0,0,0,1,0,0,0,0,0,0,1,0,0,0,0,3,104.0,0,2018,0,1,0,3,10,0,0,0,1586.5384615384614
1,0,0,0,0,0,0,0,0,0,0,0,0,0,0,0,0,0,0,0,0,0,0,2,65.0,0,1970,0,0,1,4,4,0,0,0,1353.8461538461538
1,0,0,0,0,0,0,0,0,0,0,0,0,0,0,0,0,0,0,0,0,0,0,2,75.0,0,2018,1,0,0,9,10,0,0,0,1433.3333333333333
1,0,0,0,0,0,0,0,0,0,0,0,0,0,0,0,0,0,0,0,0,0,0,2,69.9,0,2019,1,0,0,11,14,0,0,0,1101.5736766809728
0,0,0,0,0,1,0,0,0,0,0,1,0,0,0,0,0,0,1,0,0,0,0,2,74.0,1,2023,0,0,1,8,9,0,0,0,1621.6216216216217
0,1,0,0,0,0,0,0,0,0,0,0,1,0,0,0,0,0,1,0,0,0,0,4,112.0,1,2022,1,0,0,3,12,0,1,0,1776.7857142857142
0,0,0,0,1,0,0,0,0,0,0,0,1,0,0,0,0,0,0,0,0,1,0,2,43.0,0,1975,0,0,1,3,5,0,1,1,1581.3953488372092
0,1,0,0,0,0,0,0,0,0,0,0,0,0,0,0,0,0,0,1,0,0,0,3,98.0,0,2023,0,1,0,6,15,0,0,0,1530.6122448979593
0,0,1,0,0,0,0,0,0,0,0,0,0,0,1,0,0,0,1,0,0,0,0,3,80.0,1,2018,0,1,0,0,9,1,1,1,850.0
0,1,0,0,0,0,0,0,0,0,0,0,1,0,0,0,0,0,0,1,0,0,0,1,43.0,0,2023,0,1,0,6,12,0,0,0,1244.1860465116279
0,1,0,0,0,0,0,0,0,0,0,0,1,0,0,0,0,0,0,1,0,0,0,2,57.0,0,2020,0,1,0,12,14,0,0,0,1210.5263157894738
0,1,0,0,0,0,0,0,0,0,0,0,0,1,0,0,0,0,0,1,0,0,0,3,100.0,0,2022,0,0,1,5,14,0,0,0,1500.0
0,1,0,0,0,0,0,0,0,0,0,0,1,0,0,0,0,0,0,1,0,0,0,2,56.0,0,2023,1,0,0,5,15,0,0,0,1321.4285714285713
1,0,0,0,0,0,0,0,0,0,0,0,0,0,0,0,0,0,0,0,0,0,0,2,68.0,0,2023,1,0,0,1,3,0,0,0,2257.3529411764707
0,1,0,0,0,0,0,0,0,0,0,0,1,0,0,0,0,0,0,0,1,0,0,6,320.0,0,2023,1,0,0,9,10,0,1,0,1500.0
0,0,0,0,1,0,0,0,0,0,0,0,1,0,0,0,0,0,0,0,0,1,0,3,57.0,1,1965,0,0,1,2,4,0,0,1,1631.578947368421
0,1,0,0,0,0,0,0,0,0,0,0,0,0,0,0,0,0,1,0,0,0,0,4,227.0,0,2021,0,1,0,14,14,0,0,0,1916.2995594713657
0,1,0,0,0,0,0,0,0,0,0,1,0,0,0,0,0,0,1,0,0,0,0,3,63.0,0,2020,0,1,0,8,12,0,1,0,1904.7619047619048
0,1,0,0,0,0,0,0,0,0,0,1,0,0,0,0,0,0,0,1,0,0,0,1,52.0,0,2025,1,0,0,12,14,1,0,0,1350.0
0,1,0,0,0,0,0,0,0,0,0,0,1,0,0,0,0,0,0,1,0,0,0,2,67.0,0,2025,0,1,0,11,16,0,0,0,1253.7313432835822
0,1,0,0,0,0,0,0,0,0,0,0,0,0,0,0,0,0,1,0,0,0,0,2,75.0,0,2024,0,1,0,11,14,0,0,0,1546.6666666666667
0,1,0,0,0,0,0,0,0,0,0,1,0,0,0,0,0,0,0,1,0,0,0,2,84.0,0,2022,0,1,0,2,8,0,1,0,2976.190476190476
0,1,0,0,0,0,0,0,0,0,0,0,1,0,0,0,0,0,1,0,0,0,0,2,42.0,0,2023,0,1,0,7,10,0,1,0,1833.3333333333333
0,1,0,0,0,0,0,0,0,0,0,0,1,0,0,0,0,0,0,1,0,0,0,3,80.0,0,2025,1,0,0,8,10,0,0,0,937.5
0,1,0,0,0,0,0,0,0,0,0,0,1,0,0,0,0,0,1,0,0,0,0,3,92.0,0,2023,0,1,0,7,13,0,0,0,1358.695652173913
0,1,0,0,0,0,0,0,0,0,0,1,0,0,0,0,0,0,0,1,0,0,0,1,46.0,0,2024,0,1,0,14,14,0,0,0,1250.0
1,0,0,0,0,0,0,0,0,0,0,0,1,0,0,0,0,0,0,0,1,0,0,1,34.0,0,2016,0,0,1,7,9,0,1,1,1632.3529411764705
1,0,0,0,0,0,0,0,0,0,0,0,0,0,1,0,0,0,0,0,1,0,0,1,40.0,0,2019,1,0,0,5,7,0,0,1,1275.0
0,1,0,0,0,0,0,0,0,0,0,1,0,0,0,0,0,0,1,0,0,0,0,1,43.0,1,2024,0,1,0,3,16,0,0,0,1681.3953488372092
1,0,0,0,0,0,0,0,0,0,0,0,0,0,0,0,0,0,0,0,0,0,0,2,53.3,0,2019,1,0,0,4,10,0,0,0,2007.5046904315197
0,0,0,1,0,0,0,0,0,0,0,0,1,0,0,0,0,0,1,0,0,0,0,2,32.0,0,1989,1,0,0,3,4,1,1,1,2125.0
0,0,0,0,0,1,0,0,0,0,0,1,0,0,0,0,0,0,0,1,0,0,0,1,53.0,0,2025,0,0,1,8,10,0,0,0,1188.6792452830189
0,1,0,0,0,0,0,0,0,0,0,1,0,0,0,0,0,0,0,1,0,0,0,5,292.0,1,2025,0,1,0,4,5,0,0,0,1800.0
0,1,0,0,0,0,0,0,0,0,0,0,1,0,0,0,0,0,0,0,1,0,0,2,88.0,1,2015,0,1,0,2,10,0,1,0,1534.090909090909
0,1,0,0,0,0,0,0,0,0,0,1,0,0,0,0,0,0,0,1,0,0,0,3,95.0,0,2023,0,1,0,9,9,0,0,0,968.421052631579
0,1,0,0,0,0,0,0,0,0,0,0,1,0,0,0,0,0,1,0,0,0,0,1,55.0,0,2017,0,1,0,10,12,0,1,0,1663.6363636363637
0,1,0,0,0,0,0,0,0,0,0,1,0,0,0,0,0,0,0,1,0,0,0,3,132.0,0,2022,1,0,0,9,14,1,1,1,1477.2727272727273
0,1,0,0,0,0,0,0,0,0,0,0,1,0,0,0,0,0,0,1,0,0,0,3,79.7,0,2024,0,1,0,13,15,0,0,0,1298.996235884567
0,1,0,0,0,0,0,0,0,0,0,0,1,0,0,0,0,0,1,0,0,0,0,3,85.0,0,2021,0,1,0,4,12,0,0,0,2117.6470588235293
0,1,0,0,0,0,0,0,0,0,0,1,0,0,0,0,0,0,0,1,0,0,0,2,56.0,0,2024,0,1,0,4,15,0,0,0,1303.5714285714287
0,1,0,0,0,0,0,0,0,0,0,1,0,0,0,0,0,0,0,1,0,0,0,2,75.9,1,2023,1,0,0,5,10,0,0,0,836.627140974967
0,1,0,0,0,0,0,0,0,0,0,1,0,0,0,0,0,0,1,0,0,0,0,1,46.0,0,2022,0,1,0,12,12,0,0,0,1847.8260869565217
0,1,0,0,0,0,0,0,0,0,0,0,1,0,0,0,0,0,1,0,0,0,0,1,52.0,0,2021,0,1,0,12,16,0,0,0,1567.3076923076924
1,0,0,0,0,0,0,0,0,0,0,0,1,0,0,0,0,0,0,0,1,0,0,2,54.0,1,2019,1,0,0,5,5,0,0,1,1388.888888888889
0,1,0,0,0,0,0,0,0,0,0,1,0,0,0,0,0,0,0,1,0,0,0,1,39.0,0,2025,0,1,0,11,12,0,0,0,1179.4871794871794
1,0,0,0,0,0,0,0,0,0,0,0,1,0,0,0,0,0,0,0,1,0,0,3,62.0,0,1984,0,0,1,3,3,0,1,0,1209.6774193548388
0,1,0,0,0,0,0,0,0,0,0,0,1,0,0,0,0,0,0,0,1,0,0,3,95.0,0,2023,1,0,0,10,16,1,0,0,1447.3684210526317
0,1,0,0,0,0,0,0,0,0,0,1,0,0,0,0,0,0,0,1,0,0,0,1,45.0,0,2024,0,1,0,14,14,1,1,0,1377.7777777777778
0,1,0,0,0,0,0,0,0,0,0,1,0,0,0,0,0,0,0,1,0,0,0,6,447.12,0,2024,0,1,0,15,15,1,0,0,1162.9987475398104
0,1,0,0,0,0,0,0,0,0,0,1,0,0,0,0,0,0,1,0,0,0,0,3,77.0,0,2020,0,1,0,5,12,0,0,0,1818.1818181818182
0,1,0,0,0,0,0,0,0,0,0,0,1,0,0,0,0,0,0,1,0,0,0,1,63.3,0,2024,0,1,0,10,12,0,0,0,1184.8341232227488
1,0,0,0,0,0,0,0,0,0,0,0,1,0,0,0,0,0,1,0,0,0,0,2,52.0,1,1990,1,0,0,1,3,0,1,0,1326.923076923077
1,0,0,0,0,0,0,0,0,0,0,0,1,0,0,0,0,0,0,0,1,0,0,1,34.0,1,1978,0,1,0,12,12,0,1,1,1764.7058823529412
0,1,0,0,0,0,0,0,0,0,0,1,0,0,0,0,0,0,0,1,0,0,0,2,48.0,0,2023,1,0,0,3,9,0,0,0,968.75
0,1,0,0,0,0,0,0,0,0,0,0,0,1,0,0,0,0,1,0,0,0,0,3,84.0,0,2023,1,0,0,10,10,0,0,0,1392.857142857143
0,1,0,0,0,0,0,0,0,0,0,0,1,0,0,0,0,0,0,1,0,0,0,2,52.0,0,2023,0,1,0,12,12,1,0,0,1201.923076923077
0,1,0,0,0,0,0,0,0,0,0,0,1,0,0,0,0,0,1,0,0,0,0,4,129.0,1,2014,1,0,0,7,11,0,0,0,1782.9457364341085
0,1,0,0,0,0,0,0,0,0,0,0,1,0,0,0,0,0,0,0,0,0,1,3,120.0,0,2024,0,1,0,6,13,1,0,0,1850.0
0,1,0,0,0,0,0,0,0,0,0,0,1,0,0,0,0,0,1,0,0,0,0,1,52.0,0,2022,0,1,0,14,15,0,0,0,1721.1538461538462
0,1,0,0,0,0,0,0,0,0,0,0,1,0,0,0,0,0,1,0,0,0,0,2,78.0,0,2023,0,1,0,9,10,1,0,1,1474.3589743589744
0,1,0,0,0,0,0,0,0,0,0,1,0,0,0,0,0,0,0,0,0,0,1,2,83.0,0,2023,1,0,0,9,15,0,0,0,1170.0
0,1,0,0,0,0,0,0,0,0,0,1,0,0,0,0,0,0,0,1,0,0,0,1,41.0,0,2025,0,1,0,8,9,0,0,0,1250.0
0,1,0,0,0,0,0,0,0,0,0,0,0,0,1,0,0,0,0,0,1,0,0,3,109.0,0,2014,1,0,0,7,9,0,1,1,1559.633027522936
1,0,0,0,0,0,0,0,0,0,0,0,0,0,0,0,0,0,0,0,0,0,0,2,86.0,0,2024,0,1,0,6,20,0,0,0,1511.6279069767443
0,0,0,0,1,0,0,0,0,0,0,0,1,0,0,0,0,0,0,0,0,1,0,2,44.0,0,1975,1,0,0,4,4,0,1,1,1500.0
0,1,0,0,0,0,0,0,0,0,0,1,0,0,0,0,0,0,0,1,0,0,0,2,81.0,0,2023,1,0,0,3,14,0,0,0,1216.0493827160494
0,1,0,0,0,0,0,0,0,0,0,1,0,0,0,0,0,0,0,1,0,0,0,4,128.0,1,2024,0,1,0,3,10,0,0,0,1270.0
0,1,0,0,0,0,0,0,0,0,0,0,1,0,0,0,0,0,1,0,0,0,0,2,82.0,0,2023,0,1,0,3,12,0,0,0,1439.0243902439024
0,0,0,0,1,0,0,0,0,0,0,0,1,0,0,0,0,0,0,0,1,0,0,3,57.0,0,1980,1,0,0,3,4,0,0,0,1456.122807017544
0,1,0,0,0,0,0,0,0,0,0,0,0,0,0,0,0,0,0,1,0,0,0,2,62.0,0,2025,0,1,0,9,14,0,0,0,1150.0
0,1,0,0,0,0,0,0,0,0,0,0,1,0,0,0,0,0,0,1,0,0,0,3,91.0,0,2024,0,1,0,8,14,0,0,0,950.0
0,1,0,0,0,0,0,0,0,0,0,0,1,0,0,0,0,0,1,0,0,0,0,2,73.0,0,2023,0,1,0,11,12,0,0,0,1712.3287671232877
0,0,0,0,1,0,0,0,0,0,0,0,1,0,0,0,0,0,1,0,0,0,0,3,64.0,0,1975,0,0,1,4,4,0,1,1,1453.125
0,1,0,0,0,0,0,0,0,0,0,1,0,0,0,0,0,0,1,0,0,0,0,4,152.0,1,2021,0,1,0,12,14,0,0,0,1842.1052631578948
1,0,0,0,0,0,0,0,0,0,0,0,0,0,0,0,0,0,0,0,0,0,0,3,100.0,0,2018,1,0,0,7,11,0,0,0,1460.0
0,1,0,0,0,0,0,0,0,0,0,0,1,0,0,0,0,0,1,0,0,0,0,2,65.0,0,2023,0,1,0,7,11,1,1,0,2046.1538461538462
0,1,0,0,0,0,0,0,0,0,0,0,1,0,0,0,0,0,1,0,0,0,0,2,84.0,1,2019,1,0,0,7,10,0,0,0,1291.6666666666667
0,1,0,0,0,0,0,0,0,0,0,0,1,0,0,0,0,0,0,1,0,0,0,2,52.0,1,2023,0,1,0,10,16,0,0,0,1201.923076923077
0,1,0,0,0,0,0,0,0,0,0,0,1,0,0,0,0,0,0,1,0,0,0,1,33.0,0,2022,0,1,0,6,10,0,0,0,1530.3030303030303
0,0,0,0,0,0,1,0,0,0,0,0,1,0,0,0,0,0,0,0,0,1,0,3,70.0,0,1981,0,0,1,6,9,0,1,1,1357.142857142857
0,1,0,0,0,0,0,0,0,0,0,1,0,0,0,0,0,0,1,0,0,0,0,3,85.0,1,2022,0,1,0,14,14,0,0,0,2117.6470588235293
0,1,0,0,0,0,0,0,0,0,0,0,0,1,0,0,0,0,0,1,0,0,0,2,75.88,0,2023,0,1,0,13,14,0,0,0,869.7944122298367
0,1,0,0,0,0,0,0,0,0,0,0,0,1,0,0,0,0,1,0,0,0,0,1,34.0,0,2024,0,1,0,3,9,0,0,0,1764.7058823529412
0,0,0,0,1,0,0,0,0,0,0,0,0,0,0,0,0,0,0,0,0,0,0,3,59.4,0,1975,1,0,0,3,5,0,0,0,1430.976430976431
1,0,0,0,0,0,0,0,0,0,0,0,0,0,0,0,0,0,0,0,0,0,0,3,123.6,0,2024,0,1,0,10,20,0,0,0,1537.2168284789645
0,0,0,0,0,0,0,0,1,0,0,0,1,0,0,0,0,0,0,0,0,1,0,1,13.0,0,1990,1,0,0,2,5,0,0,0,2038.4615384615386
0,1,0,0,0,0,0,0,0,0,0,0,0,0,0,0,0,0,1,0,0,0,0,4,152.0,0,2021,0,1,0,12,14,0,0,0,1907.8947368421052
0,0,0,1,0,0,0,0,0,0,0,0,1,0,0,0,0,0,0,0,1,0,0,1,29.0,0,1967,1,0,0,1,3,0,1,0,1586.2068965517242
0,0,0,0,0,0,1,0,0,0,0,0,1,0,0,0,0,0,0,0,1,0,0,1,40.0,0,1987,0,0,1,1,9,0,1,1,1475.0
1,0,0,0,0,0,0,0,0,0,0,0,1,0,0,0,0,0,0,0,1,0,0,6,150.0,0,1984,0,1,0,3,12,0,0,0,1526.6666666666667
0,0,0,0,0,0,1,0,0,0,0,0,1,0,0,0,0,0,0,0,0,1,0,1,35.0,0,1987,1,0,0,3,9,0,0,0,1677.142857142857
1,0,0,0,0,0,0,0,0,0,0,0,1,0,0,0,0,0,0,0,1,0,0,4,80.0,0,1990,1,0,0,5,6,1,1,1,1687.5
1,0,0,0,0,0,0,0,0,0,0,0,1,0,0,0,0,0,0,0,0,1,0,3,63.0,0,1973,1,0,0,3,5,1,1,0,1373.015873015873
0,0,1,0,0,0,0,0,0,0,0,0,1,0,0,0,0,0,1,0,0,0,0,4,85.0,0,1990,0,0,1,3,9,0,0,0,1564.7058823529412
0,0,1,0,0,0,0,0,0,0,0,0,1,0,0,0,0,0,1,0,0,0,0,1,35.0,0,2021,1,0,0,4,10,1,1,1,1600.0
0,1,0,0,0,0,0,0,0,0,0,1,0,0,0,0,0,0,0,1,0,0,0,2,78.0,0,2025,0,1,0,12,17,0,0,0,1237.179487179487
0,1,0,0,0,0,0,0,0,0,0,0,0,1,0,0,0,0,0,1,0,0,0,3,74.0,0,2025,0,1,0,7,14,1,0,0,1189.1891891891892
0,0,0,0,0,0,1,0,0,0,0,0,1,0,0,0,0,0,1,0,0,0,0,2,48.0,1,1990,0,1,0,4,5,0,0,0,1639.5833333333333
0,1,0,0,0,0,0,0,0,0,0,1,0,0,0,0,0,0,1,0,0,0,0,4,132.0,0,2023,0,1,0,6,14,0,0,0,1969.6969696969697
0,1,0,0,0,0,0,0,0,0,0,1,0,0,0,0,0,0,1,0,0,0,0,2,66.0,0,2021,0,1,0,5,14,0,0,0,1818.1818181818182
0,1,0,0,0,0,0,0,0,0,0,1,0,0,0,0,0,0,1,0,0,0,0,2,63.0,1,2023,0,1,0,8,12,0,0,0,1666.6666666666667
1,0,0,0,0,0,0,0,0,0,0,1,0,0,0,0,0,0,0,0,1,0,0,2,69.0,0,2015,1,0,0,2,4,0,1,0,1224.6376811594203
0,1,0,0,0,0,0,0,0,0,0,1,0,0,0,0,0,0,0,1,0,0,0,4,121.0,1,2024,1,0,0,4,12,0,0,0,1446.280991735537
0,1,0,0,0,0,0,0,0,0,0,0,0,1,0,0,0,0,0,1,0,0,0,3,116.0,0,2025,1,0,0,11,16,0,0,0,1150.0
0,1,0,0,0,0,0,0,0,0,0,0,1,0,0,0,0,0,0,1,0,0,0,2,56.61,0,2024,0,1,0,12,13,1,0,0,1077.5481363716658
0,1,0,0,0,0,0,0,0,0,0,0,1,0,0,0,0,0,1,0,0,0,0,3,78.0,0,2023,1,0,0,6,16,1,0,0,2179.4871794871797
0,1,0,0,0,0,0,0,0,0,0,0,1,0,0,0,0,0,1,0,0,0,0,5,250.0,0,2023,0,1,0,11,14,0,0,0,1960.0
0,0,0,0,1,0,0,0,0,0,0,0,1,0,0,0,0,0,0,0,1,0,0,2,45.0,0,1975,1,0,0,3,4,0,1,1,1644.4444444444443
0,1,0,0,0,0,0,0,0,0,0,1,0,0,0,0,0,0,0,1,0,0,0,3,90.0,0,2026,1,0,0,5,17,1,0,0,1150.0
0,1,0,0,0,0,0,0,0,0,0,1,0,0,0,0,0,0,0,1,0,0,0,1,42.0,0,2023,0,1,0,8,12,1,0,0,1261.904761904762
0,1,0,0,0,0,0,0,0,0,0,0,0,0,1,0,0,0,1,0,0,0,0,2,88.0,0,2023,1,0,0,2,11,0,1,1,1613.6363636363637
0,1,0,0,0,0,0,0,0,0,0,0,1,0,0,0,0,0,1,0,0,0,0,4,156.0,0,2017,0,1,0,7,10,0,1,1,1570.5128205128206
0,0,0,0,0,1,0,0,0,0,0,1,0,0,0,0,0,0,1,0,0,0,0,2,70.52,1,2023,0,0,1,5,9,0,1,0,1361.315938740783
0,0,0,0,0,0,1,0,0,0,0,0,1,0,0,0,0,0,0,0,1,0,0,1,33.0,0,1987,0,0,1,2,5,0,1,0,1996.969696969697
0,0,0,0,1,0,0,0,0,0,0,0,1,0,0,0,0,0,0,0,1,0,0,1,32.0,0,1975,0,0,1,4,4,0,0,0,1812.5
0,1,0,0,0,0,0,0,0,0,0,0,0,1,0,0,0,0,0,1,0,0,0,2,55.0,0,2025,0,1,0,10,18,0,0,0,1327.2727272727273
0,1,0,0,0,0,0,0,0,0,0,0,1,0,0,0,0,0,0,1,0,0,0,1,45.0,0,2025,0,1,0,13,14,1,0,0,1022.2222222222222
0,1,0,0,0,0,0,0,0,0,0,1,0,0,0,0,0,0,1,0,0,0,0,1,38.0,0,2018,0,1,0,6,11,0,1,1,1760.5263157894738
0,1,0,0,0,0,0,0,0,0,0,1,0,0,0,0,0,0,1,0,0,0,0,3,100.0,0,2023,0,1,0,4,16,0,1,0,1480.0
1,0,0,0,0,0,0,0,0,0,0,0,0,0,0,0,0,0,0,0,0,0,0,3,61.8,0,1970,1,0,0,1,5,0,0,0,1423.948220064725
1,0,0,0,0,0,0,0,0,0,0,0,1,0,0,0,0,0,0,0,1,0,0,1,40.0,0,2012,0,1,0,9,9,0,1,0,1425.0
0,0,1,0,0,0,0,0,0,0,0,0,1,0,0,0,0,0,0,0,1,0,0,1,33.0,0,1992,0,0,1,4,9,0,0,0,1803.030303030303
0,1,0,0,0,0,0,0,0,0,0,0,1,0,0,0,0,0,0,1,0,0,0,1,60.0,0,2021,0,1,0,8,15,0,0,0,1208.3333333333333
0,1,0,0,0,0,0,0,0,0,0,0,1,0,0,0,0,0,0,1,0,0,0,2,90.0,0,2023,1,0,0,7,9,1,0,0,833.3333333333334
0,0,1,0,0,0,0,0,0,0,0,0,1,0,0,0,0,0,0,0,1,0,0,3,79.0,1,2016,0,0,1,6,9,0,1,1,1202.5316455696202
1,0,0,0,0,0,0,0,0,0,0,1,0,0,0,0,0,0,1,0,0,0,0,2,69.0,0,2019,0,1,0,6,6,0,0,0,988.4057971014493
0,1,0,0,0,0,0,0,0,0,0,0,1,0,0,0,0,0,1,0,0,0,0,4,145.0,0,2023,1,0,0,9,12,0,0,0,1131.0344827586207
0,0,0,0,0,0,1,0,0,0,0,0,1,0,0,0,0,0,0,0,1,0,0,1,35.0,0,1999,0,0,1,6,9,0,0,0,1585.7142857142858
0,1,0,0,0,0,0,0,0,0,0,1,0,0,0,0,0,0,0,1,0,0,0,1,47.9,1,2025,0,1,0,12,12,0,0,0,981.2108559498956
0,0,0,0,0,0,1,0,0,0,0,0,0,0,0,0,0,0,0,0,1,0,0,2,50.0,0,1987,1,0,0,3,5,0,0,0,1740.0
1,0,0,0,0,0,0,0,0,0,0,1,0,0,0,0,0,0,1,0,0,0,0,2,28.0,0,2024,1,0,0,5,10,0,0,0,1446.4285714285713
0,1,0,0,0,0,0,0,0,0,0,0,0,1,0,0,0,0,1,0,0,0,0,2,58.0,1,2023,0,1,0,6,10,0,0,0,1500.0
0,1,0,0,0,0,0,0,0,0,0,0,0,1,0,0,0,0,0,1,0,0,0,3,97.6,1,2025,0,1,0,24,25,0,0,1,1350.0
0,1,0,0,0,0,0,0,0,0,0,1,0,0,0,0,0,0,1,0,0,0,0,2,67.0,0,2023,0,1,0,8,12,0,0,0,1567.1641791044776
0,1,0,0,0,0,0,0,0,0,0,0,1,0,0,0,0,0,1,0,0,0,0,2,73.0,0,2023,1,0,0,3,12,0,0,0,1623.2876712328766
0,1,0,0,0,0,0,0,0,0,0,0,0,1,0,0,0,0,0,1,0,0,0,4,167.0,0,2019,0,1,0,11,12,1,0,0,1197.6047904191616
0,1,0,0,0,0,0,0,0,0,0,0,1,0,0,0,0,0,1,0,0,0,0,2,59.0,0,2024,1,0,0,11,14,0,0,0,1661.0169491525423
0,0,0,0,1,0,0,0,0,0,0,0,1,0,0,0,0,0,1,0,0,0,0,1,30.0,0,1975,1,0,0,1,3,0,0,0,1750.0
0,1,0,0,0,0,0,0,0,0,0,0,1,0,0,0,0,0,0,1,0,0,0,3,75.0,0,2025,0,1,0,5,16,0,0,0,1206.6666666666667
0,1,0,0,0,0,0,0,0,0,0,0,0,1,0,0,0,0,0,1,0,0,0,4,142.02,0,2026,0,1,0,11,14,0,0,0,1350.0
0,0,0,0,1,0,0,0,0,0,0,0,1,0,0,0,0,0,1,0,0,0,0,2,43.0,0,1975,0,0,1,2,4,0,1,0,1813.953488372093
0,1,0,0,0,0,0,0,0,0,0,0,1,0,0,0,0,0,1,0,0,0,0,2,65.0,0,2022,0,1,0,14,16,0,0,0,1615.3846153846155
0,1,0,0,0,0,0,0,0,0,0,1,0,0,0,0,0,0,0,1,0,0,0,1,51.0,0,2023,0,1,0,7,9,0,0,0,1098.0392156862745
0,1,0,0,0,0,0,0,0,0,0,0,1,0,0,0,0,0,0,1,0,0,0,1,38.76,0,2024,0,1,0,10,14,0,0,0,1173.8906088751291
0,1,0,0,0,0,0,0,0,0,0,0,0,1,0,0,0,0,1,0,0,0,0,1,39.0,1,2023,0,1,0,5,5,1,0,1,1590.0
0,1,0,0,0,0,0,0,0,0,0,0,0,1,0,0,0,0,1,0,0,0,0,2,77.0,0,2020,1,0,0,10,12,0,1,1,1229.8701298701299
0,1,0,0,0,0,0,0,0,0,0,0,1,0,0,0,0,0,1,0,0,0,0,3,110.6,0,2010,1,0,0,7,10,1,1,1,2075.0452079566003
1,0,0,0,0,0,0,0,0,0,0,0,0,1,0,0,0,0,1,0,0,0,0,1,40.0,0,2020,0,1,0,5,7,1,0,0,1375.0
0,1,0,0,0,0,0,0,0,0,0,1,0,0,0,0,0,0,0,1,0,0,0,2,74.6,0,2026,1,0,0,14,17,1,0,0,1050.0
0,1,0,0,0,0,0,0,0,0,0,0,1,0,0,0,0,0,1,0,0,0,0,1,55.0,0,2023,0,1,0,7,9,1,1,0,1545.4545454545455
0,0,1,0,0,0,0,0,0,0,0,0,1,0,0,0,0,0,1,0,0,0,0,2,48.2,1,1981,0,0,1,4,9,0,1,1,1877.5933609958506
0,1,0,0,0,0,0,0,0,0,0,1,0,0,0,0,0,0,0,1,0,0,0,2,66.0,0,2025,0,1,0,12,14,0,0,0,950.0
0,1,0,0,0,0,0,0,0,0,0,0,1,0,0,0,0,0,0,1,0,0,0,1,43.0,0,2024,0,1,0,2,14,0,0,0,1360.4651162790697
0,1,0,0,0,0,0,0,0,0,0,1,0,0,0,0,0,0,1,0,0,0,0,2,80.0,0,2023,1,0,0,4,12,0,0,0,2275.0
0,1,0,0,0,0,0,0,0,0,0,1,0,0,0,0,0,0,0,1,0,0,0,2,80.0,0,2024,1,0,0,9,14,0,0,0,1500.0
0,1,0,0,0,0,0,0,0,0,0,0,1,0,0,0,0,0,1,0,0,0,0,2,58.0,0,2023,0,1,0,10,12,0,0,0,1534.4827586206898
1,0,0,0,0,0,0,0,0,0,0,0,1,0,0,0,0,0,0,0,0,0,1,1,45.72,1,2025,0,1,0,9,10,1,0,0,973.31583552056
0,0,1,0,0,0,0,0,0,0,0,0,1,0,0,0,0,0,0,0,1,0,0,1,36.0,0,1992,0,0,1,4,9,0,1,0,1666.6666666666667
0,0,1,0,0,0,0,0,0,0,0,0,1,0,0,0,0,0,0,0,1,0,0,2,67.0,0,2019,0,0,1,8,9,1,1,1,1194.0298507462687
1,0,0,0,0,0,0,0,0,0,0,0,0,0,0,0,0,0,0,0,0,0,0,4,206.1,0,2019,0,1,0,10,10,0,0,0,1242.1154779233382
0,1,0,0,0,0,0,0,0,0,0,1,0,0,0,0,0,0,0,1,0,0,0,4,155.0,0,2022,0,0,1,4,14,0,0,0,1420.0
0,1,0,0,0,0,0,0,0,0,0,0,1,0,0,0,0,0,0,1,0,0,0,3,97.0,0,2025,1,0,0,5,12,0,0,0,938.1443298969073
0,1,0,0,0,0,0,0,0,0,0,0,1,0,0,0,0,0,1,0,0,0,0,3,170.0,0,2018,0,1,0,7,10,1,1,1,2500.0
0,1,0,0,0,0,0,0,0,0,0,0,1,0,0,0,0,0,1,0,0,0,0,2,80.0,1,2021,0,1,0,11,14,0,0,0,2125.0
0,1,0,0,0,0,0,0,0,0,0,1,0,0,0,0,0,0,1,0,0,0,0,2,57.0,0,2023,0,1,0,5,12,0,0,0,1929.8245614035088
0,1,0,0,0,0,0,0,0,0,0,0,1,0,0,0,0,0,0,1,0,0,0,2,81.0,0,2024,0,1,0,14,15,1,0,0,802.4691358024692
0,1,0,0,0,0,0,0,0,0,0,1,0,0,0,0,0,0,0,1,0,0,0,3,102.17,0,2023,0,1,0,13,14,0,0,0,743.8582754233141
0,1,0,0,0,0,0,0,0,0,0,0,1,0,0,0,0,0,0,1,0,0,0,2,67.57,0,2024,0,1,0,6,10,0,0,0,950.1257954713632
1,0,0,0,0,0,0,0,0,0,0,0,0,0,0,0,0,0,0,0,0,0,0,3,80.0,0,2022,0,1,0,10,12,0,0,0,1562.5
0,1,0,0,0,0,0,0,0,0,0,0,1,0,0,0,0,0,0,0,1,0,0,1,43.0,0,2025,0,1,0,7,12,0,0,0,1186.046511627907
0,1,0,0,0,0,0,0,0,0,0,0,1,0,0,0,0,0,1,0,0,0,0,4,149.0,0,2018,0,1,0,5,10,0,1,1,2080.536912751678
0,1,0,0,0,0,0,0,0,0,0,0,1,0,0,0,0,0,1,0,0,0,0,3,118.0,0,2017,0,1,0,4,12,1,1,1,2406.7796610169494
0,1,0,0,0,0,0,0,0,0,0,1,0,0,0,0,0,0,0,1,0,0,0,2,70.88,0,2024,0,1,0,3,16,0,0,0,1150.0
0,1,0,0,0,0,0,0,0,0,0,0,1,0,0,0,0,0,0,0,1,0,0,2,71.0,1,2019,1,0,0,7,10,0,1,0,1359.1549295774648
0,0,1,0,0,0,0,0,0,0,0,0,1,0,0,0,0,0,0,1,0,0,0,2,67.0,0,2025,0,0,1,5,9,1,0,0,970.1492537313433
0,1,0,0,0,0,0,0,0,0,0,0,1,0,0,0,0,0,0,0,1,0,0,3,95.0,1,2022,0,1,0,3,15,0,0,0,1673.6842105263158
0,1,0,0,0,0,0,0,0,0,0,0,1,0,0,0,0,0,0,1,0,0,0,1,42.0,1,2023,0,1,0,8,8,0,0,0,1190.4761904761904
0,0,0,0,0,1,0,0,0,0,0,1,0,0,0,0,0,0,0,1,0,0,0,2,54.0,1,2025,0,1,0,7,10,0,0,0,1035.1851851851852
0,1,0,0,0,0,0,0,0,0,0,0,1,0,0,0,0,0,1,0,0,0,0,1,34.0,0,2025,0,1,0,6,10,0,0,0,1617.6470588235295
0,1,0,0,0,0,0,0,0,0,0,0,1,0,0,0,0,0,0,1,0,0,0,2,64.0,0,2023,0,1,0,4,10,0,0,0,1700.0
1,0,0,0,0,0,0,0,0,0,0,0,0,0,0,0,0,0,0,0,0,0,0,2,76.0,0,2023,1,0,0,12,12,0,0,0,1526.3157894736842
0,1,0,0,0,0,0,0,0,0,0,1,0,0,0,0,0,0,0,1,0,0,0,1,49.0,0,2023,0,1,0,12,14,0,0,0,1081.6326530612246
0,1,0,0,0,0,0,0,0,0,0,1,0,0,0,0,0,0,0,1,0,0,0,4,140.0,0,2026,1,0,0,6,12,0,0,0,800.0
0,0,0,0,0,0,0,1,0,0,0,0,1,0,0,0,0,0,1,0,0,0,0,6,588.0,0,2019,0,1,0,9,10,1,1,1,1207.4829931972788
0,0,0,0,1,0,0,0,0,0,0,0,1,0,0,0,0,0,1,0,0,0,0,2,44.0,0,1975,1,0,0,5,5,0,0,0,1704.5454545454545
0,1,0,0,0,0,0,0,0,0,0,1,0,0,0,0,0,0,1,0,0,0,0,1,47.0,0,2022,0,1,0,8,14,0,0,0,1787.2340425531916
0,0,0,1,0,0,0,0,0,0,0,0,0,0,0,0,0,0,0,0,0,0,0,2,43.0,0,1961,1,0,0,4,4,0,0,0,1465.1162790697674
1,0,0,0,0,0,0,0,0,0,0,0,0,0,0,0,0,0,0,0,0,0,0,4,106.0,0,2021,0,1,0,5,16,0,0,0,2169.811320754717
0,1,0,0,0,0,0,0,0,0,0,0,1,0,0,0,0,0,1,0,0,0,0,1,42.0,0,2021,0,1,0,6,12,0,0,0,1571.4285714285713
0,0,1,0,0,0,0,0,0,0,0,0,1,0,0,0,0,0,0,0,1,0,0,3,82.0,0,1992,0,0,1,1,9,0,0,0,1487.8048780487804
0,1,0,0,0,0,0,0,0,0,0,0,1,0,0,0,0,0,1,0,0,0,0,2,70.0,0,2016,0,1,0,6,10,1,1,0,1757.142857142857
0,1,0,0,0,0,0,0,0,0,0,1,0,0,0,0,0,0,0,1,0,0,0,2,80.0,0,2021,0,1,0,8,12,0,0,0,1156.25
0,1,0,0,0,0,0,0,0,0,0,1,0,0,0,0,0,0,1,0,0,0,0,3,93.0,0,2019,0,1,0,7,12,0,1,0,1559.1397849462367
0,0,0,0,1,0,0,0,0,0,0,0,0,0,0,0,0,0,0,0,0,1,0,2,43.0,1,1975,0,0,1,4,4,0,0,0,1534.8837209302326
0,1,0,0,0,0,0,0,0,0,0,0,1,0,0,0,0,0,0,0,1,0,0,2,58.0,1,2020,0,1,0,6,7,0,0,0,1344.8275862068965
0,1,0,0,0,0,0,0,0,0,0,0,1,0,0,0,0,0,1,0,0,0,0,4,250.0,0,2023,1,0,0,9,10,0,1,1,1720.0
1,0,0,0,0,0,0,0,0,0,0,0,0,0,0,0,0,0,0,0,0,0,1,2,82.8,1,2026,1,0,0,10,17,0,0,0,1450.0
1,0,0,0,0,0,0,0,0,0,0,0,1,0,0,0,0,0,1,0,0,0,0,1,38.0,0,2019,0,0,1,7,9,0,1,0,1539.4736842105262
1,0,0,0,0,0,0,0,0,0,0,0,1,0,0,0,0,0,0,0,0,1,0,2,68.0,1,1982,1,0,0,4,5,0,1,1,1073.5294117647059
0,1,0,0,0,0,0,0,0,0,0,1,0,0,0,0,0,0,0,1,0,0,0,2,83.9,0,2022,0,1,0,12,16,0,0,0,1100.0
0,1,0,0,0,0,0,0,0,0,0,0,1,0,0,0,0,0,0,1,0,0,0,2,80.0,0,2021,0,1,0,5,13,0,0,0,1250.0
0,1,0,0,0,0,0,0,0,0,0,1,0,0,0,0,0,0,0,1,0,0,0,2,63.0,0,2024,0,1,0,13,15,1,0,0,1206.3492063492063
0,1,0,0,0,0,0,0,0,0,0,1,0,0,0,0,0,0,1,0,0,0,0,2,54.0,0,2023,0,1,0,13,14,0,0,1,1870.3703703703704
0,1,0,0,0,0,0,0,0,0,0,1,0,0,0,0,0,0,0,1,0,0,0,2,54.0,0,2025,0,1,0,6,24,1,0,0,1296.2962962962963
0,1,0,0,0,0,0,0,0,0,0,0,0,1,0,0,0,0,1,0,0,0,0,1,44.0,0,2021,0,1,0,5,14,0,0,0,1795.4545454545455
0,1,0,0,0,0,0,0,0,0,0,1,0,0,0,0,0,0,1,0,0,0,0,1,41.0,0,2024,0,1,0,9,16,0,0,0,1658.5365853658536
1,0,0,0,0,0,0,0,0,0,0,0,0,0,0,1,0,0,0,0,1,0,0,2,70.0,0,2019,1,0,0,1,4,0,0,0,828.5714285714286
0,1,0,0,0,0,0,0,0,0,0,0,0,0,0,0,0,0,1,0,0,0,0,2,45.0,0,2021,0,1,0,9,14,0,0,0,2111.1111111111113
0,1,0,0,0,0,0,0,0,0,0,1,0,0,0,0,0,0,0,0,0,0,1,2,140.0,0,2022,0,1,0,7,12,0,0,0,800.0
0,1,0,0,0,0,0,0,0,0,0,0,1,0,0,0,0,0,1,0,0,0,0,2,60.8,1,2019,0,1,0,13,15,0,1,1,2138.157894736842
0,1,0,0,0,0,0,0,0,0,0,0,1,0,0,0,0,0,1,0,0,0,0,4,209.0,0,2018,0,1,0,5,10,0,1,0,2057.4162679425835
0,1,0,0,0,0,0,0,0,0,0,0,0,0,0,0,0,0,1,0,0,0,0,1,45.0,0,2023,0,1,0,11,13,0,0,0,1844.4444444444443
0,1,0,0,0,0,0,0,0,0,0,0,1,0,0,0,0,0,0,1,0,0,0,1,45.4,1,2023,0,1,0,2,14,0,0,0,1145.374449339207
1,0,0,0,0,0,0,0,0,0,0,0,1,0,0,0,0,0,0,1,0,0,0,1,44.0,0,2019,1,0,0,7,8,0,0,0,1022.7272727272727
0,1,0,0,0,0,0,0,0,0,0,0,0,1,0,0,0,0,0,1,0,0,0,5,160.0,0,2023,0,1,0,3,7,1,1,0,1562.5
0,1,0,0,0,0,0,0,0,0,0,0,0,1,0,0,0,0,1,0,0,0,0,3,107.0,0,2021,0,1,0,2,12,1,0,0,1401.8691588785048
0,1,0,0,0,0,0,0,0,0,0,0,0,1,0,0,0,0,0,1,0,0,0,1,46.0,0,2025,0,1,0,11,12,1,0,0,973.9130434782609
0,1,0,0,0,0,0,0,0,0,0,1,0,0,0,0,0,0,0,0,0,0,1,1,52.0,0,2027,0,1,0,4,14,1,0,0,1100.0
0,1,0,0,0,0,0,0,0,0,0,1,0,0,0,0,0,0,0,1,0,0,0,4,137.0,0,2022,1,0,0,8,14,0,0,0,1030.0
0,1,0,0,0,0,0,0,0,0,0,1,0,0,0,0,0,0,0,1,0,0,0,1,55.3,0,2025,0,1,0,4,10,0,0,0,800.1808318264015
0,0,0,0,1,0,0,0,0,0,0,0,1,0,0,0,0,0,1,0,0,0,0,3,56.0,0,1975,1,0,0,1,4,0,0,0,1535.7142857142858
0,1,0,0,0,0,0,0,0,0,0,0,0,0,0,0,0,0,1,0,0,0,0,3,125.0,0,2023,1,0,0,12,12,0,0,0,1824.0
0,1,0,0,0,0,0,0,0,0,0,1,0,0,0,0,0,0,1,0,0,0,0,4,162.0,0,2022,0,1,0,3,16,0,0,0,1512.3456790123457
0,0,0,0,0,0,1,0,0,0,0,0,1,0,0,0,0,0,1,0,0,0,0,3,82.0,0,1987,0,0,1,5,9,0,0,0,1353.658536585366
0,0,1,0,0,0,0,0,0,0,0,0,1,0,0,0,0,0,0,0,0,1,0,2,52.0,0,1992,1,0,0,4,9,0,1,0,1634.6153846153845
0,1,0,0,0,0,0,0,0,0,0,0,0,0,0,0,0,0,0,1,0,0,0,1,47.0,0,2023,1,0,0,10,16,0,0,0,1127.659574468085
0,0,0,0,0,1,0,0,0,0,0,0,0,1,0,0,0,0,1,0,0,0,0,1,48.0,0,2022,0,1,0,1,9,0,1,1,1593.75
0,0,1,0,0,0,0,0,0,0,0,0,1,0,0,0,0,0,1,0,0,0,0,1,45.0,0,2019,0,1,0,3,9,0,0,0,1355.5555555555557
0,0,0,0,0,1,0,0,0,0,0,0,0,1,0,0,0,0,1,0,0,0,0,1,48.0,0,2022,0,1,0,9,9,0,0,0,1583.3333333333333
0,0,0,0,1,0,0,0,0,0,0,0,1,0,0,0,0,0,1,0,0,0,0,3,58.0,1,1967,0,0,1,2,4,0,1,1,1551.7241379310344
0,1,0,0,0,0,0,0,0,0,0,1,0,0,0,0,0,0,0,1,0,0,0,2,73.08,0,2022,0,1,0,3,15,1,0,0,1156.2671045429665
0,1,0,0,0,0,0,0,0,0,0,0,0,1,0,0,0,0,0,1,0,0,0,2,57.0,0,2024,0,1,0,14,16,1,0,0,1438.5964912280701
1,0,0,0,0,0,0,0,0,0,0,0,0,0,1,0,0,0,0,0,1,0,0,4,120.0,0,1993,1,0,0,6,9,0,1,0,1208.3333333333333
0,1,0,0,0,0,0,0,0,0,0,0,0,0,1,0,0,0,1,0,0,0,0,4,107.0,1,2017,0,1,0,5,10,0,1,0,1635.5140186915887
0,1,0,0,0,0,0,0,0,0,0,0,0,1,0,0,0,0,1,0,0,0,0,2,48.0,1,2020,0,1,0,9,10,0,1,1,1812.5
0,1,0,0,0,0,0,0,0,0,0,1,0,0,0,0,0,0,0,1,0,0,0,3,101.0,0,2025,0,1,0,8,20,0,0,0,1200.0
0,0,0,0,0,0,1,0,0,0,0,0,1,0,0,0,0,0,0,0,1,0,0,2,55.0,1,1984,0,0,1,1,9,0,0,0,1545.4545454545455
0,1,0,0,0,0,0,0,0,0,0,0,1,0,0,0,0,0,0,0,1,0,0,4,124.0,1,2019,0,1,0,10,12,0,1,0,1395.1612903225807
0,1,0,0,0,0,0,0,0,0,0,0,1,0,0,0,0,0,1,0,0,0,0,2,71.0,0,2022,0,1,0,9,12,0,0,0,1500.0
0,0,1,0,0,0,0,0,0,0,0,0,0,0,0,0,0,0,0,0,0,0,0,1,45.0,0,2024,1,0,0,5,9,0,0,0,1388.888888888889
0,1,0,0,0,0,0,0,0,0,0,0,0,0,0,0,0,0,0,1,0,0,0,3,100.0,0,2022,0,1,0,9,12,0,0,0,1080.0
0,1,0,0,0,0,0,0,0,0,0,0,0,0,0,0,0,0,0,1,0,0,0,1,45.0,0,2023,0,1,0,13,14,0,0,0,1066.6666666666667
0,1,0,0,0,0,0,0,0,0,0,0,0,1,0,0,0,0,0,1,0,0,0,2,60.06,0,2023,0,1,0,9,14,0,0,0,982.3509823509823
0,1,0,0,0,0,0,0,0,0,0,1,0,0,0,0,0,0,0,1,0,0,0,2,72.0,1,2024,0,1,0,13,16,0,0,0,1152.7777777777778
0,1,0,0,0,0,0,0,0,0,0,0,0,0,0,0,0,0,1,0,0,0,0,1,40.0,0,2023,0,1,0,4,10,0,0,0,1737.5
0,1,0,0,0,0,0,0,0,0,0,0,1,0,0,0,0,0,0,0,1,0,0,3,84.0,1,2023,1,0,0,7,8,0,0,1,1297.6190476190477
0,0,0,0,1,0,0,0,0,0,0,0,1,0,0,0,0,0,0,0,1,0,0,1,32.0,0,1975,1,0,0,2,5,1,1,0,1921.875
0,1,0,0,0,0,0,0,0,0,0,0,0,0,0,0,0,0,0,1,0,0,0,2,60.0,0,2024,0,1,0,9,12,0,0,0,1050.0
0,1,0,0,0,0,0,0,0,0,0,0,1,0,0,0,0,0,0,1,0,0,0,2,70.0,0,2025,1,0,0,12,12,0,0,0,921.4285714285714
0,1,0,0,0,0,0,0,0,0,0,1,0,0,0,0,0,0,0,1,0,0,0,3,72.24,0,2024,0,1,0,5,14,1,0,0,879.9972314507199
0,0,0,1,0,0,0,0,0,0,0,0,1,0,0,0,0,0,1,0,0,0,0,2,43.0,0,1967,1,0,0,1,4,0,1,1,1558.139534883721
0,1,0,0,0,0,0,0,0,0,0,0,1,0,0,0,0,0,0,1,0,0,0,2,63.0,1,2023,0,1,0,12,20,0,0,0,1285.7142857142858
0,1,0,0,0,0,0,0,0,0,0,0,1,0,0,0,0,0,0,1,0,0,0,2,70.0,0,2024,0,1,0,4,14,0,0,0,1150.0
0,1,0,0,0,0,0,0,0,0,0,0,0,0,0,0,0,0,0,1,0,0,0,3,134.88,0,2027,0,1,0,2,9,0,0,0,1534.6975088967972
0,0,1,0,0,0,0,0,0,0,0,0,1,0,0,0,0,0,1,0,0,0,0,2,61.0,0,1992,0,0,1,8,9,1,1,1,1491.8032786885246
0,1,0,0,0,0,0,0,0,0,0,0,1,0,0,0,0,0,1,0,0,0,0,6,239.0,0,2019,0,1,0,12,13,0,0,0,2025.1046025104602
1,0,0,0,0,0,0,0,0,0,0,0,0,0,0,0,0,0,0,0,0,0,0,3,102.0,0,2019,1,0,0,6,8,0,0,0,1323.5294117647059
0,1,0,0,0,0,0,0,0,0,0,1,0,0,0,0,0,0,0,1,0,0,0,2,58.0,0,2022,0,0,1,9,14,0,0,0,1525.8620689655172
0,1,0,0,0,0,0,0,0,0,0,0,1,0,0,0,0,0,0,0,1,0,0,1,32.0,1,2024,0,1,0,15,15,0,0,0,1812.5
0,0,0,0,0,1,0,0,0,0,0,1,0,0,0,0,0,0,1,0,0,0,0,2,69.7,0,2019,0,0,1,4,9,0,1,1,1355.8106169296987
1,0,0,0,0,0,0,0,0,0,0,0,1,0,0,0,0,0,0,0,1,0,0,3,120.0,0,2007,0,0,1,2,9,0,0,0,1266.6666666666667
0,0,0,0,1,0,0,0,0,0,0,0,1,0,0,0,0,0,0,0,1,0,0,3,58.0,0,1972,0,0,1,1,4,1,0,1,1422.4137931034484
1,0,0,0,0,0,0,0,0,0,0,0,1,0,0,0,0,0,0,0,1,0,0,2,44.0,0,2019,1,0,0,2,4,0,0,0,1640.909090909091
0,1,0,0,0,0,0,0,0,0,0,0,0,0,0,0,0,0,0,0,1,0,0,2,62.0,0,2023,0,1,0,6,12,0,0,0,1467.741935483871
0,1,0,0,0,0,0,0,0,0,0,0,1,0,0,0,0,0,1,0,0,0,0,2,70.0,0,2024,0,1,0,2,14,1,1,0,1457.142857142857
0,1,0,0,0,0,0,0,0,0,0,1,0,0,0,0,0,0,1,0,0,0,0,2,72.0,1,2023,0,1,0,2,10,0,0,0,1430.5555555555557
0,1,0,0,0,0,0,0,0,0,0,1,0,0,0,0,0,0,0,1,0,0,0,3,110.0,0,2023,0,1,0,8,10,1,0,0,1136.3636363636363
0,1,0,0,0,0,0,0,0,0,0,0,1,0,0,0,0,0,0,1,0,0,0,1,43.0,0,2025,1,0,0,12,12,0,0,0,1069.7674418604652
1,0,0,0,0,0,0,0,0,0,0,0,0,0,0,0,0,0,0,0,0,0,0,4,137.0,0,2025,0,1,0,4,16,0,0,0,912.4087591240876
0,1,0,0,0,0,0,0,0,0,0,0,1,0,0,0,0,0,1,0,0,0,0,3,95.0,1,2015,0,1,0,8,10,0,0,1,1673.6842105263158
0,1,0,0,0,0,0,0,0,0,0,0,0,0,0,0,0,0,0,1,0,0,0,2,62.0,0,2025,0,1,0,9,14,0,0,0,1258.0645161290322
0,1,0,0,0,0,0,0,0,0,0,0,1,0,0,0,0,0,1,0,0,0,0,3,113.0,0,2016,0,1,0,3,10,0,1,1,1371.6814159292035
0,1,0,0,0,0,0,0,0,0,0,0,1,0,0,0,0,0,0,1,0,0,0,2,71.0,0,2022,0,1,0,7,14,0,0,0,1211.2676056338028
1,0,0,0,0,0,0,0,0,0,0,0,0,0,0,0,0,0,0,0,0,0,0,4,154.0,0,2018,1,0,0,11,11,0,0,0,1188.3116883116884
0,1,0,0,0,0,0,0,0,0,0,1,0,0,0,0,0,0,1,0,0,0,0,2,60.0,0,2022,1,0,0,11,12,1,0,0,1441.6666666666667
0,1,0,0,0,0,0,0,0,0,0,1,0,0,0,0,0,0,0,1,0,0,0,3,100.17,0,2023,0,1,0,12,14,0,0,0,768.6932215234102
0,1,0,0,0,0,0,0,0,0,0,0,0,0,0,0,0,0,1,0,0,0,0,2,69.0,0,2016,0,0,1,7,9,0,0,0,1260.8695652173913
0,0,1,0,0,0,0,0,0,0,0,0,1,0,0,0,0,0,1,0,0,0,0,2,68.8,0,2019,0,0,1,7,9,0,0,0,879.3604651162791
0,1,0,0,0,0,0,0,0,0,0,1,0,0,0,0,0,0,0,1,0,0,0,1,38.0,0,2024,1,0,0,2,9,1,0,0,1289.4736842105262
0,1,0,0,0,0,0,0,0,0,0,0,0,0,0,0,0,0,1,0,0,0,0,2,80.0,0,2023,1,0,0,8,10,0,1,0,1600.0
0,1,0,0,0,0,0,0,0,0,0,0,1,0,0,0,0,0,0,0,1,0,0,1,50.0,0,2015,0,1,0,10,11,1,1,1,1300.0
0,1,0,0,0,0,0,0,0,0,0,0,0,0,0,0,0,0,0,1,0,0,0,1,45.0,0,2025,0,1,0,5,9,0,0,0,1044.4444444444443
0,1,0,0,0,0,0,0,0,0,0,0,1,0,0,0,0,0,1,0,0,0,0,1,48.0,0,2023,0,1,0,8,13,0,0,0,1375.0
0,1,0,0,0,0,0,0,0,0,0,0,1,0,0,0,0,0,0,1,0,0,0,1,55.0,0,2023,1,0,0,6,10,1,0,0,1154.5454545454545
0,1,0,0,0,0,0,0,0,0,0,0,1,0,0,0,0,0,0,1,0,0,0,3,116.0,0,2025,0,1,0,6,20,0,0,0,1320.0
0,1,0,0,0,0,0,0,0,0,0,1,0,0,0,0,0,0,1,0,0,0,0,2,65.0,0,2023,0,1,0,1,10,0,0,0,1361.5384615384614
0,1,0,0,0,0,0,0,0,0,0,1,0,0,0,0,0,0,0,1,0,0,0,3,110.0,0,2021,0,1,0,2,8,1,1,0,1363.6363636363637
0,1,0,0,0,0,0,0,0,0,0,1,0,0,0,0,0,0,0,1,0,0,0,2,66.0,0,2025,0,1,0,4,12,0,0,0,1078.7878787878788
0,1,0,0,0,0,0,0,0,0,0,1,0,0,0,0,0,0,1,0,0,0,0,1,45.0,1,2025,1,0,0,5,5,0,0,0,1511.111111111111
0,1,0,0,0,0,0,0,0,0,0,0,1,0,0,0,0,0,0,1,0,0,0,4,167.0,0,2019,0,1,0,11,12,0,0,0,1150.0
0,1,0,0,0,0,0,0,0,0,0,0,0,0,0,0,0,0,0,1,0,0,0,1,45.0,0,2025,0,1,0,2,12,0,0,0,1177.7777777777778
0,1,0,0,0,0,0,0,0,0,0,1,0,0,0,0,0,0,1,0,0,0,0,3,68.0,0,2022,0,1,0,10,12,0,0,0,1573.5294117647059
0,1,0,0,0,0,0,0,0,0,0,0,0,0,0,0,0,0,0,1,0,0,0,2,67.0,0,2025,0,1,0,10,13,0,0,0,1276.1194029850747
0,1,0,0,0,0,0,0,0,0,0,0,1,0,0,0,0,0,1,0,0,0,0,1,46.1,0,2024,0,1,0,12,14,0,0,0,1288.5032537960954
0,0,0,0,1,0,0,0,0,0,0,0,1,0,0,0,0,0,1,0,0,0,0,2,43.0,0,1975,0,0,1,2,5,0,0,0,1558.139534883721
1,0,0,0,0,0,0,0,0,0,0,0,0,0,0,0,0,0,0,0,0,0,0,6,200.8,0,2019,0,1,0,9,11,0,0,0,1269.9203187250996
1,0,0,0,0,0,0,0,0,0,0,0,0,0,0,0,0,0,0,0,0,0,0,3,105.0,0,2024,0,1,0,3,14,0,0,0,1047.6190476190477
0,1,0,0,0,0,0,0,0,0,0,1,0,0,0,0,0,0,0,1,0,0,0,3,131.0,0,2024,0,1,0,11,14,0,0,0,1220.0
0,0,0,1,0,0,0,0,0,0,0,0,1,0,0,0,0,0,0,0,0,1,0,2,41.0,1,1962,1,0,0,4,4,1,0,0,1585.3658536585365
0,1,0,0,0,0,0,0,0,0,0,0,1,0,0,0,0,0,1,0,0,0,0,2,66.0,0,2016,0,1,0,3,13,0,0,0,1742.4242424242425
0,1,0,0,0,0,0,0,0,0,0,0,1,0,0,0,0,0,1,0,0,0,0,4,134.0,0,2020,1,0,0,6,10,0,1,1,1567.1641791044776
0,1,0,0,0,0,0,0,0,0,0,0,0,0,1,0,0,0,1,0,0,0,0,3,92.3,0,2023,0,1,0,9,10,0,1,1,1462.6218851570964
0,1,0,0,0,0,0,0,0,0,0,0,0,1,0,0,0,0,1,0,0,0,0,2,79.0,0,2022,0,1,0,12,16,0,0,0,1322.7848101265822
0,1,0,0,0,0,0,0,0,0,0,1,0,0,0,0,0,0,1,0,0,0,0,3,71.0,1,2021,1,0,0,3,4,1,0,0,1081.6901408450703
0,1,0,0,0,0,0,0,0,0,0,1,0,0,0,0,0,0,0,1,0,0,0,2,80.73,0,2027,1,0,0,7,12,0,0,0,1200.0
0,0,0,0,0,0,1,0,0,0,0,0,1,0,0,0,0,0,0,0,1,0,0,1,39.0,0,1987,0,0,1,6,9,0,0,0,1487.179487179487
0,0,1,0,0,0,0,0,0,0,0,0,1,0,0,0,0,0,0,0,1,0,0,3,68.0,0,1992,0,0,1,3,9,0,1,1,1647.0588235294117
0,1,0,0,0,0,0,0,0,0,0,0,0,0,0,0,0,0,0,0,0,0,1,1,46.28,0,2023,0,0,1,5,12,0,0,0,1004.7536732929991
0,1,0,0,0,0,0,0,0,0,0,1,0,0,0,0,0,0,0,1,0,0,0,3,86.0,0,2024,0,1,0,16,20,1,0,0,1627.906976744186
0,1,0,0,0,0,0,0,0,0,0,0,1,0,0,0,0,0,0,1,0,0,0,2,76.0,0,2025,0,1,0,16,16,0,0,1,1105.2631578947369
0,1,0,0,0,0,0,0,0,0,0,1,0,0,0,0,0,0,1,0,0,0,0,2,69.0,0,2022,0,1,0,9,12,0,0,0,1708.695652173913
0,1,0,0,0,0,0,0,0,0,0,0,1,0,0,0,0,0,0,1,0,0,0,3,93.0,0,2025,1,0,0,9,12,1,0,0,980.0
1,0,0,0,0,0,0,0,0,0,0,0,0,0,0,0,0,0,1,0,0,0,0,1,38.0,0,2019,1,0,0,8,10,0,0,0,1710.5263157894738
0,1,0,0,0,0,0,0,0,0,0,0,0,0,1,0,0,0,1,0,0,0,0,4,98.0,0,2023,1,0,0,3,10,1,0,0,1632.6530612244899
0,0,0,0,0,0,1,0,0,0,0,0,1,0,0,0,0,0,0,0,1,0,0,1,35.0,1,1987,0,0,1,8,9,0,1,1,1571.4285714285713
0,1,0,0,0,0,0,0,0,0,0,0,1,0,0,0,0,0,0,0,1,0,0,1,51.0,0,2016,0,1,0,1,12,0,0,0,1754.9019607843138
0,1,0,0,0,0,0,0,0,0,0,0,0,1,0,0,0,0,1,0,0,0,0,3,80.0,1,2015,1,0,0,7,10,1,1,1,1537.5
0,1,0,0,0,0,0,0,0,0,0,0,0,1,0,0,0,0,0,1,0,0,0,3,75.0,0,2021,0,1,0,2,12,0,0,0,1000.0
0,1,0,0,0,0,0,0,0,0,0,0,0,1,0,0,0,0,0,1,0,0,0,2,83.0,0,2025,0,1,0,3,16,0,0,0,1350.0
0,1,0,0,0,0,0,0,0,0,0,1,0,0,0,0,0,0,0,1,0,0,0,1,58.0,0,2023,1,0,0,6,10,0,0,0,1172.4137931034484
0,0,0,0,0,0,0,0,0,0,1,1,0,0,0,0,0,0,0,1,0,0,0,3,114.0,0,2023,0,0,1,4,9,1,0,0,843.859649122807
0,1,0,0,0,0,0,0,0,0,0,1,0,0,0,0,0,0,0,1,0,0,0,1,46.87,0,2023,0,1,0,11,14,0,0,0,1088.116065713676
0,1,0,0,0,0,0,0,0,0,0,0,0,0,1,0,0,0,1,0,0,0,0,2,90.0,0,2008,1,0,0,2,10,0,1,1,1411.111111111111
0,1,0,0,0,0,0,0,0,0,0,0,1,0,0,0,0,0,1,0,0,0,0,2,74.0,1,2024,1,0,0,3,10,1,0,0,1554.054054054054
0,1,0,0,0,0,0,0,0,0,0,0,0,0,0,0,0,0,0,1,0,0,0,2,62.0,0,2024,0,1,0,2,12,1,0,0,1048.3870967741937
0,1,0,0,0,0,0,0,0,0,0,0,0,1,0,0,0,0,0,1,0,0,0,1,44.0,0,2021,0,1,0,8,9,1,0,0,931.8181818181819
0,1,0,0,0,0,0,0,0,0,0,0,1,0,0,0,0,0,1,0,0,0,0,3,110.0,1,2021,0,1,0,8,12,0,0,0,1500.0
0,1,0,0,0,0,0,0,0,0,0,0,1,0,0,0,0,0,0,1,0,0,0,4,164.0,0,2020,0,1,0,1,7,1,1,0,2347.560975609756
1,0,0,0,0,0,0,0,0,0,0,0,0,0,0,0,0,0,0,0,0,0,0,3,121.5,0,2016,1,0,0,1,9,0,0,0,2510.2880658436216
0,1,0,0,0,0,0,0,0,0,0,0,0,1,0,0,0,0,0,1,0,0,0,3,84.44,0,2026,1,0,0,2,15,1,0,0,1113.2164850781621
0,0,0,0,0,1,0,0,0,0,0,0,0,1,0,0,0,0,1,0,0,0,0,2,63.0,1,2022,0,1,0,8,9,0,1,1,1579.3650793650793
0,1,0,0,0,0,0,0,0,0,0,1,0,0,0,0,0,0,0,1,0,0,0,2,82.92,0,2025,0,1,0,4,15,0,0,0,1025.0844187168354
0,1,0,0,0,0,0,0,0,0,0,0,1,0,0,0,0,0,1,0,0,0,0,3,107.0,0,2016,0,1,0,5,10,0,1,1,1261.6822429906542
1,0,0,0,0,0,0,0,0,0,0,0,1,0,0,0,0,0,0,0,1,0,0,1,43.0,0,2019,1,0,0,3,9,0,0,0,1430.2325581395348
0,1,0,0,0,0,0,0,0,0,0,1,0,0,0,0,0,0,0,1,0,0,0,2,60.0,1,2025,0,1,0,11,14,0,0,0,1275.0
0,1,0,0,0,0,0,0,0,0,0,1,0,0,0,0,0,0,0,1,0,0,0,3,75.0,0,2025,0,1,0,8,12,0,0,0,1870.0
0,0,1,0,0,0,0,0,0,0,0,0,1,0,0,0,0,0,1,0,0,0,0,4,83.0,0,1992,0,0,1,5,9,0,0,0,1325.301204819277
0,1,0,0,0,0,0,0,0,0,0,0,1,0,0,0,0,0,0,1,0,0,0,3,112.0,0,2025,0,1,0,15,20,1,0,0,1200.0
0,1,0,0,0,0,0,0,0,0,0,0,1,0,0,0,0,0,1,0,0,0,0,2,88.0,0,2019,0,1,0,10,15,0,0,0,1875.0
0,0,0,0,0,0,0,0,0,0,1,1,0,0,0,0,0,0,0,1,0,0,0,2,68.0,0,2025,0,0,1,7,9,0,0,0,897.0588235294117
0,1,0,0,0,0,0,0,0,0,0,1,0,0,0,0,0,0,0,1,0,0,0,2,63.0,0,2023,0,1,0,7,11,0,1,0,1158.7301587301588
0,1,0,0,0,0,0,0,0,0,0,0,0,0,0,0,0,0,0,1,0,0,0,4,135.0,0,2023,0,1,0,12,25,0,0,0,1400.0
0,0,0,0,0,0,1,0,0,0,0,0,1,0,0,0,0,0,0,0,1,0,0,3,68.0,0,1987,0,0,1,9,9,0,1,1,1455.8823529411766
0,1,0,0,0,0,0,0,0,0,0,0,1,0,0,0,0,0,0,1,0,0,0,1,48.44,0,2019,1,0,0,10,10,0,0,0,1197.3575557390586
0,1,0,0,0,0,0,0,0,0,0,0,1,0,0,0,0,0,0,1,0,0,0,3,137.5,0,2024,0,1,0,14,16,1,0,0,1250.0
0,1,0,0,0,0,0,0,0,0,0,1,0,0,0,0,0,0,0,1,0,0,0,2,64.0,0,2023,0,1,0,7,14,0,0,0,1359.375
1,0,0,0,0,0,0,0,0,0,0,0,1,0,0,0,0,0,0,0,1,0,0,1,52.0,0,2019,0,0,1,3,5,0,0,0,1211.5384615384614
1,0,0,0,0,0,0,0,0,0,0,0,0,0,0,0,0,0,0,0,0,0,0,2,71.0,0,2023,0,1,0,8,12,0,0,0,1929.5774647887324
0,1,0,0,0,0,0,0,0,0,0,1,0,0,0,0,0,0,0,1,0,0,0,2,82.77,1,2024,1,0,0,12,14,0,0,0,1350.0060408360519
0,0,1,0,0,0,0,0,0,0,0,0,0,0,0,0,0,0,0,0,1,0,0,3,81.0,0,1992,0,0,1,4,9,1,1,1,1543.20987654321
1,0,0,0,0,0,0,0,0,0,0,0,0,1,0,0,0,0,1,0,0,0,0,4,118.0,1,2024,0,1,0,12,13,0,0,0,1381.3559322033898
0,0,0,0,0,0,1,0,0,0,0,0,1,0,0,0,0,0,0,0,1,0,0,2,53.0,0,1979,0,0,1,5,5,0,1,1,1358.4905660377358
0,1,0,0,0,0,0,0,0,0,0,1,0,0,0,0,0,0,0,0,0,0,1,3,84.0,0,2025,0,1,0,8,10,1,0,0,900.0
0,1,0,0,0,0,0,0,0,0,0,0,0,1,0,0,0,0,0,1,0,0,0,3,73.0,1,2026,0,1,0,9,16,0,0,0,1095.890410958904
0,1,0,0,0,0,0,0,0,0,0,0,1,0,0,0,0,0,0,1,0,0,0,2,82.0,1,2019,0,1,0,11,12,0,0,0,1450.0
0,1,0,0,0,0,0,0,0,0,0,1,0,0,0,0,0,0,0,1,0,0,0,1,56.0,0,2023,1,0,0,12,12,0,0,0,899.0
0,0,0,0,1,0,0,0,0,0,0,0,1,0,0,0,0,0,0,0,1,0,0,2,48.0,0,1975,0,0,1,2,4,0,0,0,1458.3333333333333
0,1,0,0,0,0,0,0,0,0,0,1,0,0,0,0,0,0,0,1,0,0,0,3,90.75,0,2024,0,1,0,10,14,1,0,0,1052.3415977961433
0,1,0,0,0,0,0,0,0,0,0,0,1,0,0,0,0,0,1,0,0,0,0,3,140.0,0,2023,0,1,0,7,11,1,1,1,2285.714285714286
0,1,0,0,0,0,0,0,0,0,0,1,0,0,0,0,0,0,1,0,0,0,0,1,38.0,0,2019,0,1,0,10,12,0,0,0,1776.3157894736842
0,1,0,0,0,0,0,0,0,0,0,0,1,0,0,0,0,0,1,0,0,0,0,3,125.0,1,2021,0,1,0,11,14,1,1,0,2040.0
0,1,0,0,0,0,0,0,0,0,0,0,0,0,0,0,0,0,0,1,0,0,0,1,40.0,0,2023,0,1,0,6,16,0,0,0,1187.5
0,1,0,0,0,0,0,0,0,0,0,0,1,0,0,0,0,0,1,0,0,0,0,2,70.0,1,2021,1,0,0,4,10,1,1,1,1571.4285714285713
0,1,0,0,0,0,0,0,0,0,0,1,0,0,0,0,0,0,1,0,0,0,0,1,26.0,0,2023,0,1,0,7,9,1,0,0,1750.0
1,0,0,0,0,0,0,0,0,0,0,0,0,0,0,0,0,0,0,0,0,0,0,4,144.5,0,2016,0,1,0,2,10,0,0,0,1882.3529411764705
1,0,0,0,0,0,0,0,0,0,0,0,1,0,0,0,0,0,1,0,0,0,0,1,36.0,0,2019,0,0,1,5,5,0,1,1,1638.888888888889
0,1,0,0,0,0,0,0,0,0,0,1,0,0,0,0,0,0,0,1,0,0,0,3,80.0,0,2022,0,1,0,3,14,1,0,0,2187.5
0,1,0,0,0,0,0,0,0,0,0,1,0,0,0,0,0,0,0,1,0,0,0,2,82.0,0,2022,0,1,0,8,9,0,0,0,800.0
0,1,0,0,0,0,0,0,0,0,0,0,1,0,0,0,0,0,1,0,0,0,0,2,75.0,0,2022,0,1,0,14,16,1,1,1,1720.0
0,1,0,0,0,0,0,0,0,0,0,0,0,0,0,0,0,0,1,0,0,0,0,3,77.0,0,2023,0,1,0,8,15,0,0,0,1883.1168831168832
0,1,0,0,0,0,0,0,0,0,0,0,0,0,0,0,0,0,0,1,0,0,0,3,101.0,0,2025,0,1,0,7,20,1,0,0,1200.0
0,1,0,0,0,0,0,0,0,0,0,1,0,0,0,0,0,0,0,1,0,0,0,1,50.0,0,2022,0,1,0,6,14,0,0,0,1290.0
0,1,0,0,0,0,0,0,0,0,0,1,0,0,0,0,0,0,0,0,0,0,1,1,37.0,0,2022,0,1,0,14,14,1,0,0,1418.918918918919
0,1,0,0,0,0,0,0,0,0,0,0,1,0,0,0,0,0,0,0,1,0,0,3,130.0,0,2023,1,0,0,12,13,0,1,1,1846.1538461538462
0,1,0,0,0,0,0,0,0,0,0,1,0,0,0,0,0,0,0,1,0,0,0,2,69.42,0,2022,0,1,0,7,12,1,0,0,1318.0639585133968
1,0,0,0,0,0,0,0,0,0,0,0,0,0,0,0,0,0,0,0,0,0,0,2,50.18,0,2021,1,0,0,10,10,0,0,0,1673.9736946990834
0,1,0,0,0,0,0,0,0,0,0,1,0,0,0,0,0,0,1,0,0,0,0,1,44.0,1,2023,0,1,0,10,10,0,1,1,1556.8181818181818
0,1,0,0,0,0,0,0,0,0,0,0,1,0,0,0,0,0,1,0,0,0,0,1,43.4,0,2022,0,1,0,7,13,0,0,0,1709.6774193548388
0,1,0,0,0,0,0,0,0,0,0,1,0,0,0,0,0,0,0,1,0,0,0,3,93.0,0,2023,1,0,0,4,10,0,0,0,1005.3763440860215
0,1,0,0,0,0,0,0,0,0,0,0,1,0,0,0,0,0,1,0,0,0,0,2,47.0,0,2023,0,1,0,12,12,1,0,0,1491.4893617021276
0,1,0,0,0,0,0,0,0,0,0,0,1,0,0,0,0,0,1,0,0,0,0,3,84.0,0,2023,0,1,0,9,10,0,0,0,1607.142857142857
0,1,0,0,0,0,0,0,0,0,0,1,0,0,0,0,0,0,0,1,0,0,0,3,102.0,0,2026,1,0,0,9,14,1,0,0,850.0
0,1,0,0,0,0,0,0,0,0,0,0,0,0,0,0,0,0,0,1,0,0,0,4,152.0,0,2024,1,0,0,9,15,1,0,0,1700.0
0,0,0,0,1,0,0,0,0,0,0,0,1,0,0,0,0,0,0,0,1,0,0,3,60.0,0,1989,0,0,1,1,4,0,1,0,1391.6666666666667
1,0,0,0,0,0,0,0,0,0,0,0,1,0,0,0,0,0,0,0,1,0,0,3,80.0,1,1991,1,0,0,5,5,1,1,0,1275.0
0,1,0,0,0,0,0,0,0,0,0,0,1,0,0,0,0,0,1,0,0,0,0,2,81.0,0,2016,0,1,0,4,10,0,0,0,1790.1234567901236
0,1,0,0,0,0,0,0,0,0,0,1,0,0,0,0,0,0,0,1,0,0,0,2,69.0,0,2023,1,0,0,11,14,0,0,0,1159.4202898550725
0,0,1,0,0,0,0,0,0,0,0,0,1,0,0,0,0,0,0,0,0,1,0,2,52.2,0,1991,0,0,1,1,9,0,1,0,1369.7318007662834
1,0,0,0,0,0,0,0,0,0,0,0,0,0,0,0,0,0,0,0,0,0,0,2,70.0,0,1937,1,0,0,6,12,0,0,0,2714.285714285714
0,1,0,0,0,0,0,0,0,0,0,0,1,0,0,0,0,0,0,0,1,0,0,1,38.0,0,2023,0,1,0,9,14,0,0,0,1671.0526315789473
0,0,1,0,0,0,0,0,0,0,0,0,0,0,0,0,0,0,0,0,0,0,0,2,52.0,0,1972,1,0,0,4,5,0,0,0,1538.4615384615386
0,0,1,0,0,0,0,0,0,0,0,0,0,1,0,0,0,0,0,1,0,0,0,2,75.0,0,2025,0,0,1,3,9,1,0,0,900.0
1,0,0,0,0,0,0,0,0,0,0,0,0,0,0,0,0,0,0,0,0,0,0,2,66.1,0,2024,0,1,0,9,12,0,0,0,1361.5733736762481
0,1,0,0,0,0,0,0,0,0,0,0,0,0,1,0,0,0,1,0,0,0,0,1,47.0,1,2021,1,0,0,4,5,0,0,0,1234.0425531914893
0,1,0,0,0,0,0,0,0,0,0,0,1,0,0,0,0,0,0,1,0,0,0,2,73.0,0,2022,0,1,0,15,16,0,0,0,1300.0
0,0,0,0,1,0,0,0,0,0,0,0,1,0,0,0,0,0,1,0,0,0,0,1,32.0,0,1975,1,0,0,4,4,0,0,0,1812.5
0,1,0,0,0,0,0,0,0,0,0,0,1,0,0,0,0,0,0,1,0,0,0,2,82.0,1,2025,1,0,0,2,10,0,0,0,975.609756097561
0,1,0,0,0,0,0,0,0,0,0,0,1,0,0,0,0,0,1,0,0,0,0,3,96.0,0,2023,1,0,0,10,12,1,0,0,1364.5833333333333
0,1,0,0,0,0,0,0,0,0,0,1,0,0,0,0,0,0,0,1,0,0,0,4,167.0,0,2019,0,1,0,5,12,1,0,0,1317.3652694610778
0,1,0,0,0,0,0,0,0,0,0,0,1,0,0,0,0,0,1,0,0,0,0,2,60.0,0,2023,1,0,0,2,12,0,0,0,1716.6666666666667
0,0,0,1,0,0,0,0,0,0,0,0,1,0,0,0,0,0,0,0,0,1,0,1,29.0,0,1967,1,0,0,1,5,0,1,0,1827.5862068965516
0,1,0,0,0,0,0,0,0,0,0,0,0,1,0,0,0,0,0,1,0,0,0,3,96.0,1,2023,1,0,0,8,16,0,1,1,1400.0
0,1,0,0,0,0,0,0,0,0,0,1,0,0,0,0,0,0,0,1,0,0,0,3,172.0,0,2025,0,1,0,8,12,1,0,0,901.1627906976744
0,0,0,1,0,0,0,0,0,0,0,0,1,0,0,0,0,0,0,0,0,1,0,2,42.0,0,1967,1,0,0,3,3,0,1,1,1559.5238095238096
0,1,0,0,0,0,0,0,0,0,0,0,1,0,0,0,0,0,0,1,0,0,0,1,50.0,0,2027,1,0,0,13,15,0,0,0,930.0
0,1,0,0,0,0,0,0,0,0,0,1,0,0,0,0,0,0,0,1,0,0,0,2,63.0,0,2024,1,0,0,3,10,0,0,0,1206.3492063492063
0,1,0,0,0,0,0,0,0,0,0,0,1,0,0,0,0,0,0,1,0,0,0,3,105.5,0,2021,0,1,0,7,13,0,0,0,1250.0
0,1,0,0,0,0,0,0,0,0,0,0,1,0,0,0,0,0,0,1,0,0,0,2,67.0,0,2023,1,0,0,13,17,0,0,0,1550.0
0,1,0,0,0,0,0,0,0,0,0,1,0,0,0,0,0,0,1,0,0,0,0,1,51.0,1,2022,0,1,0,7,8,0,0,0,1509.8039215686274
1,0,0,0,0,0,0,0,0,0,0,0,0,0,0,0,0,0,0,0,0,0,0,2,40.4,0,1975,0,0,1,4,4,0,0,0,2004.950495049505
0,0,0,0,0,0,1,0,0,0,0,0,0,0,0,0,0,0,0,0,0,0,0,1,45.0,0,2015,0,0,1,2,9,0,0,0,1344.4444444444443
0,1,0,0,0,0,0,0,0,0,0,0,0,0,0,0,0,0,0,1,0,0,0,2,78.0,0,2025,0,1,0,10,12,0,0,0,865.3846153846154
0,1,0,0,0,0,0,0,0,0,0,0,0,0,0,0,0,0,1,0,0,0,0,1,38.0,0,2023,0,1,0,9,14,0,0,0,1513.157894736842
0,1,0,0,0,0,0,0,0,0,0,1,0,0,0,0,0,0,1,0,0,0,0,2,55.0,1,2022,0,1,0,7,12,0,0,0,1727.2727272727273
0,1,0,0,0,0,0,0,0,0,0,0,0,0,1,0,0,0,1,0,0,0,0,4,164.0,0,2023,0,1,0,4,7,1,1,1,1829.2682926829268
0,1,0,0,0,0,0,0,0,0,0,0,1,0,0,0,0,0,0,0,0,1,0,2,81.0,0,2016,0,1,0,3,12,1,1,1,1654.320987654321
0,0,0,0,0,0,1,0,0,0,0,0,1,0,0,0,0,0,0,0,0,1,0,1,34.0,0,1982,0,0,1,8,9,1,0,1,1691.1764705882354
0,1,0,0,0,0,0,0,0,0,0,0,1,0,0,0,0,0,1,0,0,0,0,3,110.0,0,2023,0,1,0,12,12,0,0,0,1500.0
0,1,0,0,0,0,0,0,0,0,0,0,1,0,0,0,0,0,1,0,0,0,0,2,74.0,0,2023,1,0,0,3,9,0,1,1,2027.027027027027
0,1,0,0,0,0,0,0,0,0,0,1,0,0,0,0,0,0,1,0,0,0,0,2,79.0,0,2023,0,0,1,7,16,0,0,0,1101.26582278481
0,0,1,0,0,0,0,0,0,0,0,0,1,0,0,0,0,0,1,0,0,0,0,3,69.0,1,1990,0,1,0,4,9,0,1,1,1666.6666666666667
1,0,0,0,0,0,0,0,0,0,0,0,0,0,0,0,0,0,0,0,0,0,0,2,79.0,0,2023,0,1,0,3,14,0,0,0,2278.481012658228
0,1,0,0,0,0,0,0,0,0,0,0,1,0,0,0,0,0,1,0,0,0,0,2,46.0,0,2023,0,1,0,12,12,0,0,0,1543.4782608695652
0,1,0,0,0,0,0,0,0,0,0,0,1,0,0,0,0,0,0,1,0,0,0,1,50.0,0,2025,0,1,0,6,12,0,0,0,1170.0
0,1,0,0,0,0,0,0,0,0,0,0,0,1,0,0,0,0,1,0,0,0,0,2,46.2,0,2022,0,1,0,3,12,0,0,1,1623.3766233766232
0,1,0,0,0,0,0,0,0,0,0,1,0,0,0,0,0,0,1,0,0,0,0,2,46.0,0,2024,0,1,0,6,9,1,0,0,1652.1739130434783
1,0,0,0,0,0,0,0,0,0,0,0,1,0,0,0,0,0,0,0,0,1,0,1,19.0,0,1975,1,0,0,4,4,0,1,0,1131.578947368421
0,1,0,0,0,0,0,0,0,0,0,0,1,0,0,0,0,0,1,0,0,0,0,1,41.0,0,2022,1,0,0,1,9,0,1,0,1402.439024390244
1,0,0,0,0,0,0,0,0,0,0,0,0,0,0,0,0,0,0,0,0,0,0,1,28.0,0,1998,0,1,0,2,12,0,0,0,1821.4285714285713
0,1,0,0,0,0,0,0,0,0,0,1,0,0,0,0,0,0,1,0,0,0,0,3,92.0,1,2022,0,1,0,11,12,0,0,0,1608.695652173913
0,1,0,0,0,0,0,0,0,0,0,1,0,0,0,0,0,0,0,1,0,0,0,3,102.0,0,2023,1,0,0,11,14,1,0,0,921.5686274509804
1,0,0,0,0,0,0,0,0,0,0,0,1,0,0,0,0,0,0,0,1,0,0,3,119.0,0,2006,1,0,0,4,6,1,1,1,1477.310924369748
1,0,0,0,0,0,0,0,0,0,0,0,1,0,0,0,0,0,0,0,1,0,0,3,96.0,1,1969,1,0,0,5,5,0,0,0,1250.0
0,1,0,0,0,0,0,0,0,0,0,1,0,0,0,0,0,0,0,0,0,0,1,1,41.0,0,2025,0,1,0,10,15,0,0,0,1146.341463414634
0,1,0,0,0,0,0,0,0,0,0,0,1,0,0,0,0,0,1,0,0,0,0,5,150.0,0,2013,0,1,0,2,9,1,1,1,1833.3333333333333
0,0,1,0,0,0,0,0,0,0,0,0,1,0,0,0,0,0,1,0,0,0,0,1,40.0,0,1989,0,0,1,4,9,0,0,0,1612.5
0,1,0,0,0,0,0,0,0,0,0,0,1,0,0,0,0,0,0,1,0,0,0,3,136.0,0,2025,0,1,0,9,16,0,0,0,1350.0
0,1,0,0,0,0,0,0,0,0,0,0,1,0,0,0,0,0,0,0,1,0,0,3,130.0,0,2018,0,1,0,11,15,1,1,1,2615.3846153846152
1,0,0,0,0,0,0,0,0,0,0,0,1,0,0,0,0,0,1,0,0,0,0,3,65.8,0,2019,1,0,0,5,5,0,1,0,1481.7629179331307
0,1,0,0,0,0,0,0,0,0,0,1,0,0,0,0,0,0,0,1,0,0,0,3,140.0,0,2022,0,1,0,6,16,1,0,0,750.0
0,0,1,0,0,0,0,0,0,0,0,0,1,0,0,0,0,0,1,0,0,0,0,3,82.0,1,1996,0,0,1,2,9,0,0,0,1524.3902439024391
0,1,0,0,0,0,0,0,0,0,0,1,0,0,0,0,0,0,0,1,0,0,0,1,52.0,0,2025,1,0,0,6,13,1,0,0,1325.8846153846155
1,0,0,0,0,0,0,0,0,0,0,0,1,0,0,0,0,0,1,0,0,0,0,2,74.0,1,2021,0,1,0,7,14,0,0,1,1621.6216216216217
0,0,0,0,1,0,0,0,0,0,0,0,0,0,0,0,0,0,0,0,0,0,0,2,42.0,0,1973,0,0,1,3,4,0,0,0,1761.904761904762
0,1,0,0,0,0,0,0,0,0,0,0,0,0,0,0,0,0,0,1,0,0,0,1,26.0,0,2025,0,0,1,1,9,0,0,0,1423.076923076923
1,0,0,0,0,0,0,0,0,0,0,0,0,0,0,0,0,0,0,1,0,0,0,2,68.0,0,2024,1,0,0,12,12,0,0,0,786.7647058823529
0,1,0,0,0,0,0,0,0,0,0,1,0,0,0,0,0,0,0,1,0,0,0,1,46.8,0,2023,0,1,0,11,12,0,0,0,1068.3760683760684
0,0,0,1,0,0,0,0,0,0,0,0,1,0,0,0,0,0,1,0,0,0,0,1,30.0,0,1967,1,0,0,3,4,0,0,0,1850.0
0,1,0,0,0,0,0,0,0,0,0,0,1,0,0,0,0,0,1,0,0,0,0,1,44.0,0,2023,1,0,0,14,16,0,0,0,1727.2727272727273
0,1,0,0,0,0,0,0,0,0,0,0,1,0,0,0,0,0,1,0,0,0,0,2,48.0,0,2024,1,0,0,9,12,0,0,0,1385.4166666666667
0,0,0,0,1,0,0,0,0,0,0,0,1,0,0,0,0,0,0,0,0,1,0,2,43.0,0,1975,0,0,1,4,4,0,1,1,1395.3255813953488
0,1,0,0,0,0,0,0,0,0,0,1,0,0,0,0,0,0,1,0,0,0,0,4,150.0,0,2022,0,1,0,16,16,0,0,0,2066.6666666666665
0,1,0,0,0,0,0,0,0,0,0,0,1,0,0,0,0,0,1,0,0,0,0,1,54.0,0,2017,0,1,0,1,9,0,0,0,1537.037037037037
0,1,0,0,0,0,0,0,0,0,0,0,1,0,0,0,0,0,0,1,0,0,0,4,197.0,0,2023,0,1,0,13,14,0,0,0,1850.0
0,0,1,0,0,0,0,0,0,0,0,1,0,0,0,0,0,0,1,0,0,0,0,3,92.0,1,2023,0,1,0,6,9,0,0,0,1369.5652173913043
0,1,0,0,0,0,0,0,0,0,0,1,0,0,0,0,0,0,1,0,0,0,0,2,73.0,0,2023,0,1,0,7,13,1,0,0,1671.2328767123288
0,1,0,0,0,0,0,0,0,0,0,0,1,0,0,0,0,0,0,0,1,0,0,3,82.0,0,2019,1,0,0,9,9,0,0,0,1420.7317073170732
0,0,1,0,0,0,0,0,0,0,0,0,1,0,0,0,0,0,0,0,1,0,0,3,70.0,0,1992,0,0,1,1,9,1,0,1,1557.142857142857
0,1,0,0,0,0,0,0,0,0,0,0,1,0,0,0,0,0,1,0,0,0,0,3,159.0,0,2019,0,1,0,3,13,0,0,0,2075.4716981132074
0,1,0,0,0,0,0,0,0,0,0,0,1,0,0,0,0,0,0,1,0,0,0,1,54.0,0,2023,0,1,0,9,13,0,0,0,1611.111111111111
1,0,0,0,0,0,0,0,0,0,0,0,1,0,0,0,0,0,1,0,0,0,0,4,78.0,0,2019,1,0,0,4,5,0,1,1,2179.4871794871797
0,1,0,0,0,0,0,0,0,0,0,0,0,0,0,0,0,0,1,0,0,0,0,2,56.0,0,2023,1,0,0,2,4,0,0,0,1339.2857142857142
0,1,0,0,0,0,0,0,0,0,0,0,1,0,0,0,0,0,1,0,0,0,0,3,89.0,0,2024,0,1,0,14,14,0,0,0,1404.4943820224719
0,1,0,0,0,0,0,0,0,0,0,0,1,0,0,0,0,0,0,1,0,0,0,3,70.0,0,2025,0,1,0,9,10,1,0,0,1071.4285714285713
1,0,0,0,0,0,0,0,0,0,0,1,0,0,0,0,0,0,0,0,1,0,0,2,56.0,0,2019,1,0,0,1,1,0,0,0,776.7857142857143
0,1,0,0,0,0,0,0,0,0,0,0,1,0,0,0,0,0,0,1,0,0,0,3,96.1,0,2023,1,0,0,5,14,1,0,0,1675.3381893860562
0,0,0,0,1,0,0,0,0,0,0,0,1,0,0,0,0,0,1,0,0,0,0,3,58.0,0,1975,1,0,0,1,4,1,1,1,1810.344827586207
1,0,0,0,0,0,0,0,0,0,0,0,0,0,0,0,0,0,0,0,0,0,0,5,165.0,0,2011,1,0,0,9,10,0,0,0,1666.6666666666667
0,1,0,0,0,0,0,0,0,0,0,0,1,0,0,0,0,0,1,0,0,0,0,3,59.0,0,2017,0,1,0,11,13,0,1,0,1457.6271186440679
0,1,0,0,0,0,0,0,0,0,0,0,0,0,0,0,0,0,0,0,1,0,0,1,43.0,0,2020,1,0,0,12,12,0,0,0,1744.1860465116279
1,0,0,0,0,0,0,0,0,0,0,1,0,0,0,0,0,0,1,0,0,0,0,2,60.0,0,2024,1,0,0,2,2,1,1,1,1033.3333333333333
0,1,0,0,0,0,0,0,0,0,0,0,1,0,0,0,0,0,1,0,0,0,0,3,100.0,0,2022,0,1,0,10,10,0,0,0,1880.0
1,0,0,0,0,0,0,0,0,0,0,0,0,0,0,0,0,0,0,0,0,0,0,3,83.0,0,2019,0,1,0,9,14,0,0,0,1590.3614457831325
0,1,0,0,0,0,0,0,0,0,0,0,0,1,0,0,0,0,1,0,0,0,0,4,105.0,0,2023,0,1,0,4,10,0,0,0,1704.7619047619048
0,0,0,0,1,0,0,0,0,0,0,0,1,0,0,0,0,0,1,0,0,0,0,1,32.0,0,1975,0,1,0,4,4,0,1,1,2062.5
0,1,0,0,0,0,0,0,0,0,0,0,0,1,0,0,0,0,0,1,0,0,0,1,39.44,0,2023,0,1,0,9,14,0,0,0,1305.7809330628804
1,0,0,0,0,0,0,0,0,0,0,0,1,0,0,0,0,0,0,0,0,1,0,2,55.0,1,1978,1,0,0,5,5,0,0,0,1254.5454545454545
0,1,0,0,0,0,0,0,0,0,0,1,0,0,0,0,0,0,1,0,0,0,0,2,53.0,0,2023,0,1,0,3,9,0,1,0,1405.6603773584907
0,1,0,0,0,0,0,0,0,0,0,0,0,1,0,0,0,0,0,1,0,0,0,1,50.0,0,2022,0,1,0,5,14,0,0,0,1440.0
0,1,0,0,0,0,0,0,0,0,0,0,1,0,0,0,0,0,0,1,0,0,0,2,60.0,0,2024,0,1,0,9,13,0,0,0,2300.0
0,1,0,0,0,0,0,0,0,0,0,0,1,0,0,0,0,0,1,0,0,0,0,3,100.0,0,2021,0,1,0,10,14,0,1,0,1960.0
0,1,0,0,0,0,0,0,0,0,0,0,0,0,0,0,0,0,0,1,0,0,0,3,99.0,1,2022,0,1,0,16,16,0,0,0,949.4949494949495
0,1,0,0,0,0,0,0,0,0,0,0,1,0,0,0,0,0,1,0,0,0,0,3,110.0,0,2019,0,1,0,12,12,0,1,0,1500.0
0,1,0,0,0,0,0,0,0,0,0,0,1,0,0,0,0,0,1,0,0,0,0,3,93.0,1,2023,0,1,0,12,12,0,0,0,1419.3548387096773
0,1,0,0,0,0,0,0,0,0,0,1,0,0,0,0,0,0,0,1,0,0,0,4,174.0,0,2025,0,1,0,12,16,0,0,0,1600.0
0,0,1,0,0,0,0,0,0,0,0,0,0,0,0,0,0,0,0,0,0,0,0,3,80.0,0,2019,0,1,0,1,9,0,0,0,950.0
1,0,0,0,0,0,0,0,0,0,0,0,0,1,0,0,0,0,0,0,1,0,0,3,62.0,0,2010,1,0,0,4,8,0,0,0,2016.1290322580646
0,1,0,0,0,0,0,0,0,0,0,1,0,0,0,0,0,0,0,1,0,0,0,1,43.0,0,2023,1,0,0,6,23,0,0,0,1000.0
0,0,0,0,0,0,1,0,0,0,0,0,1,0,0,0,0,0,0,0,0,1,0,1,35.0,0,1990,0,0,1,4,5,0,1,0,1300.0
0,1,0,0,0,0,0,0,0,0,0,1,0,0,0,0,0,0,1,0,0,0,0,1,40.0,1,2022,0,1,0,3,12,0,0,0,1725.0
0,1,0,0,0,0,0,0,0,0,0,0,1,0,0,0,0,0,1,0,0,0,0,2,76.0,0,2019,0,1,0,12,13,0,0,0,2302.6315789473683
0,1,0,0,0,0,0,0,0,0,0,1,0,0,0,0,0,0,1,0,0,0,0,2,67.0,0,2022,0,1,0,15,16,0,0,0,1753.7313432835822
1,0,0,0,0,0,0,0,0,0,0,0,1,0,0,0,0,0,0,0,1,0,0,3,71.0,1,1994,1,0,0,2,5,0,1,0,1225.3521126760563
0,1,0,0,0,0,0,0,0,0,0,1,0,0,0,0,0,0,0,1,0,0,0,2,73.0,0,2024,0,1,0,5,12,0,0,0,950.0
0,0,0,0,0,0,1,0,0,0,0,0,1,0,0,0,0,0,0,0,1,0,0,1,34.0,0,2025,0,0,1,9,9,0,0,1,1573.5294117647059
0,0,0,0,0,0,0,0,0,1,0,0,1,0,0,0,0,0,0,0,0,1,0,1,31.0,0,1960,1,0,0,1,2,0,1,1,1419.3548387096773
0,1,0,0,0,0,0,0,0,0,0,0,1,0,0,0,0,0,0,1,0,0,0,2,61.2,0,2026,1,0,0,6,10,1,0,0,1405.2287581699345
0,0,0,0,0,0,1,0,0,0,0,0,1,0,0,0,0,0,0,0,0,1,0,1,33.0,0,1987,0,1,0,1,5,0,1,0,1809.090909090909
0,1,0,0,0,0,0,0,0,0,0,0,1,0,0,0,0,0,0,0,0,0,1,2,69.7,1,2023,1,0,0,4,4,1,0,0,1300.0
0,1,0,0,0,0,0,0,0,0,0,0,1,0,0,0,0,0,0,1,0,0,0,1,63.0,0,2023,0,1,0,10,13,1,0,0,1682.5396825396826
0,0,1,0,0,0,0,0,0,0,0,0,1,0,0,0,0,0,1,0,0,0,0,4,83.0,0,1992,0,0,1,5,9,0,0,0,1337.3493975903614
1,0,0,0,0,0,0,0,0,0,0,0,0,0,0,0,0,0,0,0,0,0,0,4,158.0,0,2015,0,1,0,5,7,0,0,0,1645.5696202531647
0,1,0,0,0,0,0,0,0,0,0,1,0,0,0,0,0,0,1,0,0,0,0,2,78.0,1,2024,1,0,0,5,12,0,0,0,1435.8974358974358
0,1,0,0,0,0,0,0,0,0,0,0,1,0,0,0,0,0,1,0,0,0,0,1,50.0,0,2022,0,1,0,16,16,0,0,0,1390.0
0,0,1,0,0,0,0,0,0,0,0,0,1,0,0,0,0,0,1,0,0,0,0,1,43.0,0,2019,0,0,1,2,5,0,1,0,1616.2790697674418
0,1,0,0,0,0,0,0,0,0,0,0,1,0,0,0,0,0,0,1,0,0,0,3,96.0,0,2018,0,1,0,8,10,1,1,0,1604.1666666666667
0,0,0,0,0,1,0,0,0,0,0,0,1,0,0,0,0,0,0,1,0,0,0,1,48.0,0,2023,0,0,1,5,9,0,0,0,1135.4166666666667
1,0,0,0,0,0,0,0,0,0,0,0,0,0,1,0,0,0,1,0,0,0,0,1,22.0,0,2019,1,0,0,1,7,0,1,1,1750.0
0,1,0,0,0,0,0,0,0,0,0,0,0,1,0,0,0,0,0,0,0,0,1,1,59.0,0,2027,1,0,0,5,20,0,0,0,1500.0
0,1,0,0,0,0,0,0,0,0,0,0,1,0,0,0,0,0,0,1,0,0,0,2,62.0,0,2024,1,0,0,9,12,0,0,1,1200.0
0,1,0,0,0,0,0,0,0,0,0,0,0,0,0,0,0,0,0,1,0,0,0,1,49.0,0,2022,0,1,0,1,11,0,0,0,1326.530612244898
0,1,0,0,0,0,0,0,0,0,0,1,0,0,0,0,0,0,0,1,0,0,0,1,48.0,0,2025,1,0,0,7,16,1,0,0,1010.4166666666666
0,0,0,0,0,1,0,0,0,0,0,1,0,0,0,0,0,0,0,1,0,0,0,1,53.49,0,2023,0,1,0,6,9,0,0,0,1074.967283604412
0,0,0,0,1,0,0,0,0,0,0,0,1,0,0,0,0,0,0,0,1,0,0,3,58.0,0,1975,0,0,1,4,5,0,0,0,1396.551724137931
0,0,1,0,0,0,0,0,0,0,0,0,1,0,0,0,0,0,1,0,0,0,0,5,105.0,0,1992,0,0,1,6,9,1,1,1,1333.3333333333333
0,1,0,0,0,0,0,0,0,0,0,1,0,0,0,0,0,0,1,0,0,0,0,1,52.0,0,2023,0,1,0,1,9,0,0,0,1307.6923076923076
0,1,0,0,0,0,0,0,0,0,0,0,1,0,0,0,0,0,0,0,1,0,0,2,74.0,0,2016,0,1,0,8,12,1,1,1,1729.7297297297298
0,0,1,0,0,0,0,0,0,0,0,0,1,0,0,0,0,0,1,0,0,0,0,2,53.0,0,1992,1,0,0,9,9,0,1,1,1707.5471698113208
0,1,0,0,0,0,0,0,0,0,0,1,0,0,0,0,0,0,0,1,0,0,0,1,46.0,0,2023,0,1,0,9,10,0,0,0,1043.4782608695652
1,0,0,0,0,0,0,0,0,0,0,1,0,0,0,0,0,0,0,0,1,0,0,3,85.0,0,2021,0,1,0,5,5,0,1,0,988.2352941176471
0,1,0,0,0,0,0,0,0,0,0,0,0,1,0,0,0,0,0,1,0,0,0,6,391.0,0,2016,0,1,0,15,15,0,1,1,1150.0
0,0,0,0,1,0,0,0,0,0,0,0,1,0,0,0,0,0,1,0,0,0,0,1,37.0,0,1970,0,0,1,1,5,0,0,1,1594.5945945945946
0,1,0,0,0,0,0,0,0,0,0,0,1,0,0,0,0,0,1,0,0,0,0,3,110.0,0,2023,0,1,0,4,10,0,1,0,1518.1818181818182
0,0,0,0,0,1,0,0,0,0,0,0,0,1,0,0,0,0,1,0,0,0,0,1,48.0,0,2023,0,1,0,1,9,0,1,1,1604.1666666666667
0,1,0,0,0,0,0,0,0,0,0,0,1,0,0,0,0,0,0,1,0,0,0,3,102.0,0,2025,0,1,0,12,15,1,0,0,1196.078431372549
0,0,0,0,0,0,0,1,0,0,0,0,1,0,0,0,0,0,0,1,0,0,0,3,103.0,1,2025,1,0,0,12,14,0,0,0,1450.0
0,1,0,0,0,0,0,0,0,0,0,0,1,0,0,0,0,0,1,0,0,0,0,3,110.0,0,2019,0,1,0,12,12,0,1,0,1590.909090909091
0,1,0,0,0,0,0,0,0,0,0,1,0,0,0,0,0,0,1,0,0,0,0,3,133.0,0,2022,0,1,0,7,10,1,1,0,2142.8571428571427
0,0,0,0,1,0,0,0,0,0,0,0,1,0,0,0,0,0,1,0,0,0,0,3,62.0,1,1980,0,0,1,5,5,1,0,1,1338.7096774193549
0,1,0,0,0,0,0,0,0,0,0,1,0,0,0,0,0,0,1,0,0,0,0,3,77.0,0,2024,0,1,0,5,12,1,1,0,1818.1818181818182
0,0,0,0,0,0,1,0,0,0,0,0,1,0,0,0,0,0,0,0,0,1,0,3,61.0,0,2025,0,0,1,6,9,0,1,0,1360.655737704918
0,0,0,0,0,0,0,0,0,1,0,0,1,0,0,0,0,0,1,0,0,0,0,4,84.0,1,1960,1,0,0,3,3,0,1,1,2130.9523809523807
0,1,0,0,0,0,0,0,0,0,0,0,1,0,0,0,0,0,0,0,0,0,1,1,42.7,0,2026,0,1,0,11,14,1,0,0,1065.5737704918033
0,1,0,0,0,0,0,0,0,0,0,1,0,0,0,0,0,0,0,1,0,0,0,1,45.0,0,2023,0,1,0,13,14,1,1,0,1300.0
0,1,0,0,0,0,0,0,0,0,0,1,0,0,0,0,0,0,0,1,0,0,0,1,50.0,0,2023,0,1,0,6,10,0,0,0,1200.0
0,1,0,0,0,0,0,0,0,0,0,1,0,0,0,0,0,0,0,1,0,0,0,2,53.0,0,2024,0,1,0,3,12,0,0,0,1283.0188679245282
0,0,0,0,0,0,1,0,0,0,0,0,1,0,0,0,0,0,0,0,1,0,0,3,63.0,0,1987,0,0,1,2,9,0,0,0,1753.968253968254
0,1,0,0,0,0,0,0,0,0,0,1,0,0,0,0,0,0,1,0,0,0,0,2,60.0,1,2024,0,1,0,14,14,1,0,1,2833.3333333333335
0,1,0,0,0,0,0,0,0,0,0,0,0,1,0,0,0,0,0,1,0,0,0,1,41.0,0,2024,1,0,0,12,14,0,0,0,1219.5121951219512
1,0,0,0,0,0,0,0,0,0,0,0,1,0,0,0,0,0,0,0,1,0,0,3,66.3,0,2019,1,0,0,5,5,0,1,1,1199.0950226244345
0,1,0,0,0,0,0,0,0,0,0,1,0,0,0,0,0,0,1,0,0,0,0,3,85.0,0,2022,0,1,0,13,16,0,0,0,2329.4117647058824
0,1,0,0,0,0,0,0,0,0,0,0,1,0,0,0,0,0,0,0,1,0,0,3,94.18,0,2023,0,1,0,5,12,0,0,0,1146.740284561478
0,1,0,0,0,0,0,0,0,0,0,0,0,0,0,1,0,0,1,0,0,0,0,3,130.0,0,2018,1,0,0,1,4,0,0,0,1684.6153846153845
0,1,0,0,0,0,0,0,0,0,0,1,0,0,0,0,0,0,0,1,0,0,0,2,79.0,1,2026,0,1,0,6,17,0,0,0,1200.0
0,1,0,0,0,0,0,0,0,0,0,1,0,0,0,0,0,0,1,0,0,0,0,3,149.0,0,2023,1,0,0,9,10,0,0,0,1161.0738255033557
1,0,0,0,0,0,0,0,0,0,0,0,1,0,0,0,0,0,0,0,0,1,0,1,28.0,1,2019,1,0,0,2,5,0,0,0,2035.7142857142858
0,0,0,0,0,1,0,0,0,0,0,0,0,1,0,0,0,0,1,0,0,0,0,1,48.0,0,2022,0,1,0,4,9,0,0,0,1604.1666666666667
0,1,0,0,0,0,0,0,0,0,0,1,0,0,0,0,0,0,0,1,0,0,0,3,84.78,0,2022,0,1,0,3,10,1,0,0,1763.387591413069
0,1,0,0,0,0,0,0,0,0,0,0,0,0,0,0,0,0,0,1,0,0,0,2,81.0,0,2023,0,1,0,6,14,0,0,0,1296.2962962962963
0,0,0,0,0,1,0,0,0,0,0,0,0,1,0,0,0,0,1,0,0,0,0,2,76.0,0,2022,0,1,0,4,9,0,0,0,1401.3157894736842
0,1,0,0,0,0,0,0,0,0,0,0,1,0,0,0,0,0,1,0,0,0,0,2,83.0,0,2020,0,1,0,9,14,0,0,0,1602.4096385542168
0,1,0,0,0,0,0,0,0,0,0,0,1,0,0,0,0,0,1,0,0,0,0,2,78.0,0,2017,0,1,0,2,12,1,1,1,1641.025641025641
0,1,0,0,0,0,0,0,0,0,0,0,0,1,0,0,0,0,0,1,0,0,0,2,55.0,0,2025,0,1,0,10,18,1,0,0,1327.2727272727273
0,1,0,0,0,0,0,0,0,0,0,1,0,0,0,0,0,0,0,1,0,0,0,1,53.0,0,2024,0,1,0,7,13,0,0,0,1292.4528301886792
0,1,0,0,0,0,0,0,0,0,0,1,0,0,0,0,0,0,0,1,0,0,0,1,42.0,0,2022,0,1,0,8,12,1,0,0,1035.7142857142858
0,0,0,1,0,0,0,0,0,0,0,0,1,0,0,0,0,0,0,0,1,0,0,1,30.4,0,1967,1,0,0,4,4,0,1,1,1605.2631578947369
0,1,0,0,0,0,0,0,0,0,0,0,1,0,0,0,0,0,1,0,0,0,0,5,184.0,0,2017,0,1,0,9,10,0,1,1,1505.4347826086957
0,1,0,0,0,0,0,0,0,0,0,0,1,0,0,0,0,0,0,1,0,0,0,2,80.0,0,2025,1,0,0,6,12,0,0,0,1200.0
0,0,0,0,0,0,1,0,0,0,0,0,0,1,0,0,0,0,0,1,0,0,0,1,44.0,0,2025,0,0,1,3,5,0,0,0,977.2727272727273
0,1,0,0,0,0,0,0,0,0,0,0,0,0,1,0,0,0,1,0,0,0,0,1,47.0,0,2023,0,1,0,12,12,0,1,1,1436.1702127659576
0,1,0,0,0,0,0,0,0,0,0,1,0,0,0,0,0,0,0,1,0,0,0,2,79.7,0,2024,0,1,0,13,15,1,0,0,1298.996235884567
0,1,0,0,0,0,0,0,0,0,0,0,1,0,0,0,0,0,1,0,0,0,0,3,85.0,0,2020,1,0,0,7,10,1,1,1,1588.235294117647
0,1,0,0,0,0,0,0,0,0,0,1,0,0,0,0,0,0,1,0,0,0,0,3,80.0,0,2022,0,1,0,2,14,0,0,0,2312.5
1,0,0,0,0,0,0,0,0,0,0,0,1,0,0,0,0,0,1,0,0,0,0,2,93.7,0,1997,1,0,0,5,5,1,1,1,1205.9765208110991
0,1,0,0,0,0,0,0,0,0,0,1,0,0,0,0,0,0,1,0,0,0,0,3,81.5,0,2022,0,1,0,11,14,1,1,0,1901.840490797546
0,1,0,0,0,0,0,0,0,0,0,0,0,0,1,0,0,0,0,0,1,0,0,2,63.0,0,2020,1,0,0,3,5,0,0,0,1111.111111111111
0,1,0,0,0,0,0,0,0,0,0,1,0,0,0,0,0,0,0,1,0,0,0,2,65.0,0,2022,0,1,0,9,9,0,0,0,1015.3846153846154
0,1,0,0,0,0,0,0,0,0,0,0,0,1,0,0,0,0,0,1,0,0,0,2,79.97,0,2022,0,1,0,5,14,0,0,0,1287.9829936226085
0,1,0,0,0,0,0,0,0,0,0,0,1,0,0,0,0,0,0,1,0,0,0,2,67.0,0,2023,0,1,0,12,13,1,0,0,1014.9253731343283
1,0,0,0,0,0,0,0,0,0,0,0,0,0,0,0,0,0,0,0,0,0,0,2,84.28,0,2024,0,1,0,5,12,0,0,0,1898.4337921214997
0,0,0,0,0,0,1,0,0,0,0,0,1,0,0,0,0,0,0,0,1,0,0,2,50.0,0,1987,0,0,1,3,5,0,0,0,1440.0
1,0,0,0,0,0,0,0,0,0,0,0,1,0,0,0,0,0,0,0,1,0,0,3,67.0,0,2019,1,0,0,2,5,0,0,0,1835.8208955223881
0,1,0,0,0,0,0,0,0,0,0,0,0,1,0,0,0,0,0,1,0,0,0,1,48.0,0,2025,0,1,0,7,10,0,0,0,1666.6666666666667
0,1,0,0,0,0,0,0,0,0,0,0,1,0,0,0,0,0,0,1,0,0,0,1,49.0,1,2025,0,1,0,13,16,0,0,0,1450.0
1,0,0,0,0,0,0,0,0,0,0,1,0,0,0,0,0,0,1,0,0,0,0,3,84.0,1,2024,0,1,0,9,14,0,0,0,2083.3333333333335
0,1,0,0,0,0,0,0,0,0,0,0,1,0,0,0,0,0,0,1,0,0,0,4,136.8,1,2024,1,0,0,9,14,1,1,0,1681.2865497076023
0,0,0,0,0,0,1,0,0,0,0,0,0,0,0,0,0,0,0,0,0,1,0,3,64.0,0,1987,0,0,1,2,3,0,1,0,1140.625
0,1,0,0,0,0,0,0,0,0,0,1,0,0,0,0,0,0,0,1,0,0,0,3,123.0,0,2024,0,1,0,5,18,0,0,0,1560.0
0,1,0,0,0,0,0,0,0,0,0,0,0,1,0,0,0,0,0,1,0,0,0,3,87.88,0,2023,0,1,0,6,14,1,0,0,1092.3987255348202
0,1,0,0,0,0,0,0,0,0,0,0,0,0,0,0,0,0,0,1,0,0,0,2,87.0,0,2025,0,1,0,8,12,1,0,0,1100.0
0,1,0,0,0,0,0,0,0,0,0,1,0,0,0,0,0,0,0,1,0,0,0,3,137.0,0,2024,0,1,0,14,16,0,0,0,1204.3795620437957
0,1,0,0,0,0,0,0,0,0,0,0,1,0,0,0,0,0,0,1,0,0,0,1,42.0,1,2023,1,0,0,11,13,0,0,0,904.7619047619048
0,0,1,0,0,0,0,0,0,0,0,0,0,0,0,0,0,0,1,0,0,0,0,1,45.0,0,2019,0,0,1,5,9,1,1,0,1555.5555555555557
0,1,0,0,0,0,0,0,0,0,0,1,0,0,0,0,0,0,0,1,0,0,0,2,74.0,1,2024,0,0,1,4,9,1,1,1,1067.5675675675675
0,1,0,0,0,0,0,0,0,0,0,0,1,0,0,0,0,0,1,0,0,0,0,2,75.0,0,2021,0,1,0,10,10,0,1,1,1826.6666666666667
1,0,0,0,0,0,0,0,0,0,0,1,0,0,0,0,0,0,1,0,0,0,0,2,39.0,1,2025,0,1,0,4,4,1,0,1,1076.923076923077
0,1,0,0,0,0,0,0,0,0,0,1,0,0,0,0,0,0,1,0,0,0,0,1,41.0,0,2022,1,0,0,8,9,0,1,0,1500.0
0,0,0,0,0,0,1,0,0,0,0,0,1,0,0,0,0,0,1,0,0,0,0,1,37.0,0,1987,0,0,1,2,9,0,1,1,1540.5405405405406
0,1,0,0,0,0,0,0,0,0,0,1,0,0,0,0,0,0,0,1,0,0,0,2,62.0,0,2025,0,1,0,10,14,0,0,0,1209.6774193548388
1,0,0,0,0,0,0,0,0,0,0,0,1,0,0,0,0,0,0,0,0,1,0,2,46.0,0,2019,1,0,0,1,4,0,0,0,1293.4782608695652
0,1,0,0,0,0,0,0,0,0,0,1,0,0,0,0,0,0,0,1,0,0,0,2,66.0,0,2023,0,1,0,1,10,0,0,0,1007.5757575757576
1,0,0,0,0,0,0,0,0,0,0,0,0,0,0,0,0,0,0,0,0,0,0,1,45.0,0,2018,0,0,1,11,14,0,0,0,1600.0
1,0,0,0,0,0,0,0,0,0,0,0,0,0,0,0,0,0,0,0,0,0,0,4,104.0,0,1997,1,0,0,2,5,0,0,0,1346.1538461538462
0,1,0,0,0,0,0,0,0,0,0,0,0,0,0,0,0,0,1,0,0,0,0,3,70.0,0,2023,0,1,0,2,5,0,0,0,1928.5714285714287
1,0,0,0,0,0,0,0,0,0,0,0,1,0,0,0,0,0,0,0,1,0,0,3,70.0,1,1976,1,0,0,4,4,0,0,1,1385.7142857142858
0,1,0,0,0,0,0,0,0,0,0,0,0,0,0,0,0,0,1,0,0,0,0,3,100.0,0,2022,0,1,0,8,12,0,0,0,1550.0
1,0,0,0,0,0,0,0,0,0,0,0,1,0,0,0,0,0,0,0,1,0,0,1,38.0,0,2019,0,0,1,5,12,0,1,0,1592.1052631578948
0,1,0,0,0,0,0,0,0,0,0,1,0,0,0,0,0,0,0,1,0,0,0,1,39.0,0,2025,0,1,0,14,14,0,0,0,1012.8205128205128
0,0,0,0,0,0,0,0,1,0,0,0,1,0,0,0,0,0,0,0,1,0,0,1,16.0,0,1990,1,0,0,4,4,0,1,0,1343.75
0,1,0,0,0,0,0,0,0,0,0,1,0,0,0,0,0,0,0,1,0,0,0,3,90.5,0,2023,0,1,0,4,10,0,0,0,972.3756906077348
0,1,0,0,0,0,0,0,0,0,0,1,0,0,0,0,0,0,0,0,0,0,1,2,84.4,0,2026,1,0,0,4,12,0,0,0,888.6255924170615
0,0,1,0,0,0,0,0,0,0,0,1,0,0,0,0,0,0,1,0,0,0,0,3,82.7,0,1992,0,1,0,2,9,0,0,0,1354.292623941959
0,1,0,0,0,0,0,0,0,0,0,1,0,0,0,0,0,0,0,1,0,0,0,4,183.0,0,2021,0,1,0,11,14,0,0,0,1550.0
0,1,0,0,0,0,0,0,0,0,0,1,0,0,0,0,0,0,1,0,0,0,0,1,44.0,0,2020,0,1,0,12,13,0,0,0,1500.0
1,0,0,0,0,0,0,0,0,0,0,0,1,0,0,0,0,0,0,0,0,1,0,3,167.0,0,2014,1,0,0,7,9,0,0,0,1047.9041916167664
0,1,0,0,0,0,0,0,0,0,0,1,0,0,0,0,0,0,1,0,0,0,0,1,39.0,0,2024,0,0,1,8,9,0,1,0,1435.8974358974358
0,0,0,1,0,0,0,0,0,0,0,0,1,0,0,0,0,0,0,0,0,1,0,2,42.0,0,1967,1,0,0,2,4,0,0,0,1523.8095238095239
0,1,0,0,0,0,0,0,0,0,0,0,0,1,0,0,0,0,0,1,0,0,0,3,97.0,0,2023,1,0,0,1,4,1,0,0,1825.3711340206185
0,1,0,0,0,0,0,0,0,0,0,1,0,0,0,0,0,0,0,1,0,0,0,3,98.0,0,2025,0,1,0,12,15,0,0,0,1350.0
0,0,0,0,0,0,1,0,0,0,0,0,1,0,0,0,0,0,1,0,0,0,0,3,64.0,0,1990,1,0,0,9,9,0,0,0,1625.0
0,1,0,0,0,0,0,0,0,0,0,1,0,0,0,0,0,0,1,0,0,0,0,2,76.0,0,2024,0,1,0,10,12,0,0,0,1539.4736842105262
0,1,0,0,0,0,0,0,0,0,0,0,0,1,0,0,0,0,1,0,0,0,0,2,53.0,0,2024,0,1,0,2,14,0,0,0,1490.566037735849
0,1,0,0,0,0,0,0,0,0,0,1,0,0,0,0,0,0,1,0,0,0,0,1,40.0,0,2025,1,0,0,3,10,1,0,0,1500.0
0,1,0,0,0,0,0,0,0,0,0,0,1,0,0,0,0,0,1,0,0,0,0,3,86.0,0,2025,0,1,0,8,16,0,0,1,1500.0
0,1,0,0,0,0,0,0,0,0,0,0,0,0,0,0,0,0,1,0,0,0,0,1,42.0,0,2022,0,1,0,9,9,0,0,0,1392.857142857143
0,1,0,0,0,0,0,0,0,0,0,0,0,1,0,0,0,0,0,1,0,0,0,3,85.0,0,2024,0,1,0,12,12,0,0,0,1099.0
0,1,0,0,0,0,0,0,0,0,0,0,0,0,0,0,0,0,1,0,0,0,0,1,40.0,0,2023,1,0,0,6,9,0,0,0,1375.0
0,1,0,0,0,0,0,0,0,0,0,0,1,0,0,0,0,0,1,0,0,0,0,1,48.0,0,2023,1,0,0,2,10,1,1,1,1541.6666666666667
0,0,1,0,0,0,0,0,0,0,0,0,0,0,0,0,0,0,0,0,0,0,0,3,77.1,0,2018,0,0,1,1,9,0,0,0,1361.8677042801557
0,1,0,0,0,0,0,0,0,0,0,0,0,1,0,0,0,0,1,0,0,0,0,1,40.0,0,2024,0,1,0,4,12,0,0,0,1550.0
0,1,0,0,0,0,0,0,0,0,0,0,0,0,0,0,0,0,0,1,0,0,0,2,59.0,0,2023,1,0,0,4,12,0,0,0,1000.0
1,0,0,0,0,0,0,0,0,0,0,0,0,0,0,0,0,0,0,0,0,0,0,2,84.5,0,2027,0,1,0,7,14,0,0,0,1249.7041420118344
0,1,0,0,0,0,0,0,0,0,0,0,1,0,0,0,0,0,0,1,0,0,0,2,62.0,0,2023,0,1,0,2,10,0,0,0,959.6774193548387
0,0,1,0,0,0,0,0,0,0,0,0,0,0,0,0,0,0,1,0,0,0,0,1,45.0,0,2016,0,0,1,9,9,0,0,0,1333.3333333333333
0,1,0,0,0,0,0,0,0,0,0,1,0,0,0,0,0,0,1,0,0,0,0,2,62.0,0,2023,0,1,0,12,14,0,0,0,1427.4193548387098
0,1,0,0,0,0,0,0,0,0,0,0,1,0,0,0,0,0,1,0,0,0,0,2,70.0,0,2020,0,1,0,4,12,0,0,0,1842.857142857143
0,0,0,0,1,0,0,0,0,0,0,0,1,0,0,0,0,0,0,0,1,0,0,2,44.0,0,1975,0,0,1,3,4,0,0,0,1909.090909090909
0,1,0,0,0,0,0,0,0,0,0,1,0,0,0,0,0,0,0,1,0,0,0,1,55.54,0,2023,0,1,0,10,14,0,0,0,1399.0097227223623
0,1,0,0,0,0,0,0,0,0,0,1,0,0,0,0,0,0,0,1,0,0,0,2,99.0,0,2021,0,1,0,3,12,0,0,0,1460.0
0,1,0,0,0,0,0,0,0,0,0,0,1,0,0,0,0,0,0,0,1,0,0,3,126.0,0,2023,1,0,0,9,14,0,0,0,1126.984126984127
0,1,0,0,0,0,0,0,0,0,0,0,1,0,0,0,0,0,1,0,0,0,0,2,53.0,0,2021,0,1,0,10,10,0,0,0,1264.1509433962265
0,0,0,1,0,0,0,0,0,0,0,0,1,0,0,0,0,0,0,0,1,0,0,2,44.0,0,1967,1,0,0,3,4,0,0,0,1409.090909090909
0,1,0,0,0,0,0,0,0,0,0,0,1,0,0,0,0,0,1,0,0,0,0,2,56.0,1,2015,1,0,0,1,8,1,1,1,1767.857142857143
0,1,0,0,0,0,0,0,0,0,0,0,0,0,0,0,0,0,0,1,0,0,0,3,110.74,0,2025,0,1,0,16,18,0,0,0,1128.7700921076396
0,1,0,0,0,0,0,0,0,0,0,1,0,0,0,0,0,0,1,0,0,0,0,1,42.0,1,2024,0,1,0,13,14,0,0,0,1619.047619047619
0,1,0,0,0,0,0,0,0,0,0,0,0,0,1,0,0,0,0,1,0,0,0,3,143.0,0,2023,1,0,0,9,14,0,0,0,1097.2027972027972
0,1,0,0,0,0,0,0,0,0,0,0,0,1,0,0,0,0,1,0,0,0,0,3,102.0,1,2023,0,1,0,7,14,0,1,1,2254.901960784314
0,1,0,0,0,0,0,0,0,0,0,1,0,0,0,0,0,0,1,0,0,0,0,4,227.0,0,2021,0,1,0,14,14,0,0,0,1916.2995594713657
0,1,0,0,0,0,0,0,0,0,0,1,0,0,0,0,0,0,0,1,0,0,0,2,91.0,1,2027,1,0,0,11,14,1,0,0,1200.0
0,1,0,0,0,0,0,0,0,0,0,0,0,1,0,0,0,0,0,1,0,0,0,2,71.79,0,2026,1,0,0,5,16,0,0,0,856.6652737150021
0,1,0,0,0,0,0,0,0,0,0,1,0,0,0,0,0,0,0,1,0,0,0,2,78.0,0,2022,1,0,0,11,14,0,0,0,1250.0
1,0,0,0,0,0,0,0,0,0,0,0,1,0,0,0,0,0,0,0,0,1,0,3,71.0,0,2019,1,0,0,2,5,0,1,0,1239.4366197183099
1,0,0,0,0,0,0,0,0,0,0,1,0,0,0,0,0,0,0,1,0,0,0,3,120.0,0,2023,0,1,0,1,4,0,0,0,1250.0
0,1,0,0,0,0,0,0,0,0,0,0,1,0,0,0,0,0,1,0,0,0,0,2,53.0,0,2023,0,0,1,2,7,0,0,0,1349.0566037735848
0,0,1,0,0,0,0,0,0,0,0,0,0,0,0,0,0,0,0,0,0,0,0,3,65.0,0,1988,0,0,1,1,9,0,0,0,1923.076923076923
0,1,0,0,0,0,0,0,0,0,0,1,0,0,0,0,0,0,0,1,0,0,0,4,113.0,0,2021,0,1,0,9,12,0,0,0,1100.0
1,0,0,0,0,0,0,0,0,0,0,0,0,0,0,0,0,0,0,0,0,0,0,3,113.0,0,2016,0,1,0,8,10,0,0,0,1713.274336283186
0,0,0,0,0,0,1,0,0,0,0,0,1,0,0,0,0,0,0,0,1,0,0,1,41.0,0,2013,0,0,1,5,9,1,1,1,1560.9756097560976
0,0,0,0,1,0,0,0,0,0,0,0,0,0,0,0,0,0,0,0,0,0,0,2,47.0,0,1980,0,0,1,4,4,0,0,0,1531.9148936170213
0,1,0,0,0,0,0,0,0,0,0,0,0,0,0,1,0,0,0,1,0,0,0,2,54.0,0,2023,0,1,0,6,14,1,0,0,1175.9259259259259
0,1,0,0,0,0,0,0,0,0,0,0,1,0,0,0,0,0,1,0,0,0,0,3,112.0,0,2019,0,1,0,3,10,1,1,1,1736.607142857143
0,1,0,0,0,0,0,0,0,0,0,0,0,0,1,0,0,0,1,0,0,0,0,4,212.0,0,2023,1,0,0,6,9,0,0,1,1344.3396226415093
0,1,0,0,0,0,0,0,0,0,0,0,0,0,0,0,0,0,0,1,0,0,0,3,68.0,0,2025,0,1,0,7,12,1,0,0,850.0
0,1,0,0,0,0,0,0,0,0,0,0,1,0,0,0,0,0,1,0,0,0,0,3,77.0,0,2023,1,0,0,4,12,0,0,0,1324.6753246753246
1,0,0,0,0,0,0,0,0,0,0,0,1,0,0,0,0,0,0,0,1,0,0,3,69.0,1,1978,1,0,0,4,5,0,1,1,1536.231884057971
0,1,0,0,0,0,0,0,0,0,0,0,1,0,0,0,0,0,1,0,0,0,0,2,51.0,0,2023,0,1,0,10,12,1,0,1,1509.8039215686274
0,1,0,0,0,0,0,0,0,0,0,0,0,1,0,0,0,0,0,1,0,0,0,2,75.88,0,2023,0,1,0,13,14,0,0,0,1200.0
1,0,0,0,0,0,0,0,0,0,0,0,1,0,0,0,0,0,0,0,1,0,0,2,40.0,1,1980,1,0,0,5,5,1,1,1,1912.5
0,1,0,0,0,0,0,0,0,0,0,0,1,0,0,0,0,0,0,1,0,0,0,3,90.5,0,2023,0,1,0,4,10,0,0,0,1049.7237569060774
0,1,0,0,0,0,0,0,0,0,0,1,0,0,0,0,0,0,1,0,0,0,0,2,90.0,0,2020,0,1,0,5,10,1,1,0,2055.5555555555557
0,1,0,0,0,0,0,0,0,0,0,1,0,0,0,0,0,0,0,1,0,0,0,2,80.0,0,2025,1,0,0,5,10,1,0,0,1800.0
0,1,0,0,0,0,0,0,0,0,0,0,1,0,0,0,0,0,1,0,0,0,0,1,32.0,0,2023,1,0,0,11,12,0,0,0,1812.5
0,1,0,0,0,0,0,0,0,0,0,1,0,0,0,0,0,0,1,0,0,0,0,3,86.0,0,2021,0,1,0,5,9,1,1,1,2034.8837209302326
0,0,0,0,0,0,1,0,0,0,0,0,0,0,0,0,0,0,0,0,0,0,0,4,72.0,0,1968,0,0,1,4,5,0,0,0,1645.8333333333333
0,1,0,0,0,0,0,0,0,0,0,0,1,0,0,0,0,0,1,0,0,0,0,3,115.0,0,2023,0,0,1,5,10,0,0,0,1391.304347826087
0,1,0,0,0,0,0,0,0,0,0,0,1,0,0,0,0,0,1,0,0,0,0,2,66.0,0,2024,0,1,0,8,12,0,0,0,1469.6969696969697
0,0,1,0,0,0,0,0,0,0,0,0,0,0,0,0,0,0,1,0,0,0,0,1,45.0,1,1992,0,0,1,7,9,1,0,0,1555.5555555555557
0,0,0,0,0,0,1,0,0,0,0,0,1,0,0,0,0,0,0,0,1,0,0,2,54.0,1,1979,0,0,1,4,5,0,0,0,1648.148148148148
0,1,0,0,0,0,0,0,0,0,0,0,0,0,0,0,0,0,0,0,0,0,1,2,65.0,0,2025,0,1,0,6,15,0,0,0,1400.0
1,0,0,0,0,0,0,0,0,0,0,0,0,0,0,0,0,0,0,0,0,0,0,4,113.4,0,2020,1,0,0,12,12,0,0,0,1472.663139329806
1,0,0,0,0,0,0,0,0,0,0,0,0,0,0,0,0,0,0,0,0,0,0,2,73.93,0,2024,0,1,0,5,16,0,0,0,1149.7362369809277
0,1,0,0,0,0,0,0,0,0,0,0,1,0,0,0,0,0,1,0,0,0,0,2,61.0,0,2023,1,0,0,6,10,0,0,0,1262.295081967213
0,1,0,0,0,0,0,0,0,0,0,0,0,1,0,0,0,0,1,0,0,0,0,2,51.0,0,2025,1,0,0,10,16,0,0,0,1696.078431372549
0,1,0,0,0,0,0,0,0,0,0,1,0,0,0,0,0,0,0,1,0,0,0,2,100.0,0,2022,1,0,0,11,14,1,0,0,1510.0
1,0,0,0,0,0,0,0,0,0,0,0,1,0,0,0,0,0,1,0,0,0,0,2,48.0,1,2019,1,0,0,5,9,0,1,0,1833.3333333333333
0,1,0,0,0,0,0,0,0,0,0,1,0,0,0,0,0,0,0,0,1,0,0,3,63.0,0,2021,0,1,0,11,15,0,0,0,1500.0
0,1,0,0,0,0,0,0,0,0,0,0,1,0,0,0,0,0,1,0,0,0,0,2,68.0,0,2017,0,1,0,10,12,0,0,0,1544.1176470588234
0,1,0,0,0,0,0,0,0,0,0,0,1,0,0,0,0,0,1,0,0,0,0,2,85.0,0,2021,0,1,0,10,12,0,0,0,1800.0
0,1,0,0,0,0,0,0,0,0,0,1,0,0,0,0,0,0,0,1,0,0,0,3,104.0,0,2024,0,1,0,4,12,1,0,0,1080.0
0,1,0,0,0,0,0,0,0,0,0,0,1,0,0,0,0,0,0,0,1,0,0,3,100.0,1,2023,1,0,0,7,14,1,1,0,1680.0
0,1,0,0,0,0,0,0,0,0,0,0,1,0,0,0,0,0,1,0,0,0,0,3,105.0,0,2016,0,1,0,8,12,0,0,0,1609.5238095238096
0,1,0,0,0,0,0,0,0,0,0,1,0,0,0,0,0,0,1,0,0,0,0,2,63.0,0,2023,0,1,0,13,13,0,0,0,1579.3650793650793
0,1,0,0,0,0,0,0,0,0,0,1,0,0,0,0,0,0,0,1,0,0,0,1,47.0,0,2023,0,1,0,12,15,0,0,0,904.2553191489362
0,1,0,0,0,0,0,0,0,0,0,0,1,0,0,0,0,0,1,0,0,0,0,2,58.0,0,2017,0,1,0,6,10,0,1,0,1293.103448275862
0,1,0,0,0,0,0,0,0,0,0,1,0,0,0,0,0,0,0,1,0,0,0,3,122.0,0,2024,0,1,0,4,12,0,0,0,1188.5245901639344
0,1,0,0,0,0,0,0,0,0,0,0,0,0,0,0,0,0,0,1,0,0,0,1,48.0,0,2022,0,1,0,4,14,0,0,0,1395.8333333333333
1,0,0,0,0,0,0,0,0,0,0,0,1,0,0,0,0,0,0,0,0,1,0,3,63.0,1,2019,1,0,0,3,5,0,0,0,1555.5555555555557
0,0,0,0,1,0,0,0,0,0,0,0,1,0,0,0,0,0,0,0,0,1,0,2,43.0,1,1980,0,0,1,4,4,0,0,1,1686.046511627907
0,1,0,0,0,0,0,0,0,0,0,1,0,0,0,0,0,0,1,0,0,0,0,1,53.0,0,2023,1,0,0,1,9,1,1,0,1198.1132075471698
0,1,0,0,0,0,0,0,0,0,0,0,0,0,0,0,0,0,0,1,0,0,0,1,54.0,1,2023,0,1,0,15,20,0,0,0,1151.851851851852
0,1,0,0,0,0,0,0,0,0,0,1,0,0,0,0,0,0,1,0,0,0,0,1,54.0,0,2022,0,0,1,10,14,1,0,1,2092.5925925925926
0,0,0,0,0,0,0,0,0,1,0,0,1,0,0,0,0,0,0,0,1,0,0,2,43.0,0,1960,1,0,0,1,2,1,1,1,1604.6511627906978
0,0,0,0,1,0,0,0,0,0,0,0,1,0,0,0,0,0,1,0,0,0,0,3,58.0,0,1975,1,0,0,2,5,1,1,1,1500.0
0,0,0,0,0,0,0,0,0,1,0,0,0,0,1,0,0,0,1,0,0,0,0,2,113.0,1,1960,1,0,0,3,3,0,0,0,1814.1592920353983
0,0,1,0,0,0,0,0,0,0,0,1,0,0,0,0,0,0,1,0,0,0,0,1,45.0,0,2025,0,0,1,2,9,1,0,0,1377.7777777777778
1,0,0,0,0,0,0,0,0,0,0,0,0,0,0,0,0,0,0,0,0,0,0,1,50.0,0,2021,1,0,0,4,10,0,0,0,1980.0
0,1,0,0,0,0,0,0,0,0,0,0,1,0,0,0,0,0,1,0,0,0,0,3,107.0,0,2020,0,1,0,7,10,0,1,1,1766.3551401869158
0,1,0,0,0,0,0,0,0,0,0,1,0,0,0,0,0,0,0,1,0,0,0,3,109.0,0,2025,0,1,0,10,12,1,0,0,1700.0
0,0,0,0,0,0,1,0,0,0,0,0,0,0,0,0,0,0,0,0,0,0,0,1,36.0,0,1968,0,0,1,1,9,0,0,0,1666.6666666666667
0,1,0,0,0,0,0,0,0,0,0,1,0,0,0,0,0,0,0,1,0,0,0,1,41.0,1,2024,1,0,0,9,14,0,0,0,1214.6341463414635
0,1,0,0,0,0,0,0,0,0,0,1,0,0,0,0,0,0,0,1,0,0,0,2,73.0,0,2025,0,1,0,10,10,1,0,0,1041.0958904109589
0,1,0,0,0,0,0,0,0,0,0,1,0,0,0,0,0,0,0,1,0,0,0,1,44.0,0,2023,1,0,0,14,14,0,0,0,1045.4545454545455
0,1,0,0,0,0,0,0,0,0,0,0,1,0,0,0,0,0,1,0,0,0,0,3,77.0,0,2019,0,1,0,11,12,0,0,0,2168.8311688311687
0,1,0,0,0,0,0,0,0,0,0,0,0,0,0,0,0,0,1,0,0,0,0,2,53.0,0,2023,0,1,0,4,16,0,0,0,1292.4528301886792
0,0,0,0,1,0,0,0,0,0,0,0,1,0,0,0,0,0,0,0,1,0,0,3,58.0,0,1970,0,0,1,1,5,1,1,0,1310.344827586207
0,1,0,0,0,0,0,0,0,0,0,1,0,0,0,0,0,0,1,0,0,0,0,3,77.0,0,2023,0,1,0,8,15,0,0,0,1883.1168831168832
0,0,0,0,1,0,0,0,0,0,0,0,1,0,0,0,0,0,1,0,0,0,0,3,61.0,0,1975,0,0,1,5,5,0,1,0,1860.655737704918
0,1,0,0,0,0,0,0,0,0,0,0,0,0,0,0,0,0,1,0,0,0,0,2,80.0,1,2020,0,1,0,12,14,0,0,0,2062.5
0,1,0,0,0,0,0,0,0,0,0,0,0,1,0,0,0,0,0,1,0,0,0,2,67.0,0,2024,0,1,0,5,5,1,0,0,992.5373134328358
0,0,0,1,0,0,0,0,0,0,0,0,0,0,0,0,0,0,0,0,0,1,0,1,20.0,1,1967,0,0,1,4,5,0,0,0,1400.0
0,1,0,0,0,0,0,0,0,0,0,0,0,0,0,0,0,0,0,0,1,0,0,1,40.0,0,2021,1,0,0,1,12,0,0,0,1587.5
0,1,0,0,0,0,0,0,0,0,0,1,0,0,0,0,0,0,0,0,0,0,1,2,66.2,1,2024,0,1,0,4,9,0,0,0,1400.0
0,0,1,0,0,0,0,0,0,0,0,0,1,0,0,0,0,0,0,0,1,0,0,3,78.0,0,1992,0,0,1,9,9,0,1,1,1025.6410256410256
0,1,0,0,0,0,0,0,0,0,0,0,1,0,0,0,0,0,1,0,0,0,0,3,77.0,0,2023,0,1,0,8,15,1,0,0,1883.1168831168832
0,1,0,0,0,0,0,0,0,0,0,0,0,0,1,0,0,0,1,0,0,0,0,1,55.0,0,2023,0,1,0,8,9,0,0,0,1181.8181818181818
0,1,0,0,0,0,0,0,0,0,0,1,0,0,0,0,0,0,0,1,0,0,0,1,52.0,0,2024,0,1,0,9,12,0,0,0,1300.0
0,0,0,0,1,0,0,0,0,0,0,0,1,0,0,0,0,0,0,0,1,0,0,2,43.0,0,1975,0,0,1,1,4,0,0,0,1604.6511627906978
0,1,0,0,0,0,0,0,0,0,0,1,0,0,0,0,0,0,0,1,0,0,0,2,59.78,0,2024,0,1,0,14,14,1,0,0,960.0033456005352
0,1,0,0,0,0,0,0,0,0,0,1,0,0,0,0,0,0,0,1,0,0,0,3,87.27,0,2024,0,1,0,2,15,1,0,0,933.8833505213705
1,0,0,0,0,0,0,0,0,0,0,0,1,0,0,0,0,0,0,0,1,0,0,2,44.0,0,1978,1,0,0,4,4,0,0,1,1375.0
0,1,0,0,0,0,0,0,0,0,0,0,0,0,0,0,0,0,1,0,0,0,0,3,90.0,0,2023,1,0,0,9,11,1,1,0,1522.2222222222222
1,0,0,0,0,0,0,0,0,0,0,0,0,0,0,0,0,0,0,0,0,0,0,3,131.0,0,2020,0,1,0,7,11,0,0,0,2442.7480916030536
0,1,0,0,0,0,0,0,0,0,0,0,1,0,0,0,0,0,1,0,0,0,0,3,100.0,0,2021,1,0,0,12,16,0,0,0,1550.0
1,0,0,0,0,0,0,0,0,0,0,0,0,0,0,0,0,0,0,0,0,0,0,3,75.0,0,2022,0,1,0,2,10,0,0,0,920.0
0,0,0,0,0,0,1,0,0,0,0,0,1,0,0,0,0,0,0,0,1,0,0,1,44.0,1,2022,1,0,0,6,9,0,0,0,1545.4545454545455
0,1,0,0,0,0,0,0,0,0,0,1,0,0,0,0,0,0,0,1,0,0,0,3,74.29,0,2022,0,1,0,7,12,0,0,0,1157.6255216045226
0,1,0,0,0,0,0,0,0,0,0,0,0,1,0,0,0,0,0,1,0,0,0,3,86.44,0,2025,0,1,0,13,16,0,0,0,1600.0
0,1,0,0,0,0,0,0,0,0,0,1,0,0,0,0,0,0,0,1,0,0,0,3,117.0,0,2022,0,1,0,7,10,1,0,0,1504.2735042735044
0,1,0,0,0,0,0,0,0,0,0,0,1,0,0,0,0,0,0,1,0,0,0,2,64.0,0,2024,0,1,0,10,20,0,0,0,1296.875
0,1,0,0,0,0,0,0,0,0,0,0,1,0,0,0,0,0,0,0,0,0,1,1,64.8,1,2023,0,1,0,2,12,0,0,1,1018.5185185185186
0,1,0,0,0,0,0,0,0,0,0,1,0,0,0,0,0,0,1,0,0,0,0,1,48.0,0,2024,0,1,0,11,12,0,0,0,1385.4166666666667
0,1,0,0,0,0,0,0,0,0,0,1,0,0,0,0,0,0,0,1,0,0,0,1,47.0,0,2022,0,1,0,6,15,1,0,0,1351.063829787234
0,1,0,0,0,0,0,0,0,0,0,0,1,0,0,0,0,0,0,1,0,0,0,2,70.0,0,2020,0,1,0,8,10,0,0,0,1028.5714285714287
0,1,0,0,0,0,0,0,0,0,0,0,1,0,0,0,0,0,0,1,0,0,0,2,56.0,1,2023,0,1,0,8,12,0,0,0,1350.0
0,1,0,0,0,0,0,0,0,0,0,1,0,0,0,0,0,0,0,1,0,0,0,3,107.0,0,2022,0,1,0,13,14,1,0,0,1280.0
0,1,0,0,0,0,0,0,0,0,0,0,0,0,0,0,0,0,0,1,0,0,0,3,98.0,0,2023,0,1,0,9,25,1,0,0,1250.0
0,1,0,0,0,0,0,0,0,0,0,0,0,0,0,0,0,0,1,0,0,0,0,3,120.0,0,2023,0,1,0,6,17,0,0,0,1208.3333333333333
1,0,0,0,0,0,0,0,0,0,0,0,0,0,0,0,0,0,0,0,0,0,0,2,56.9,0,1950,1,0,0,6,12,0,0,0,2073.8137082601056
0,1,0,0,0,0,0,0,0,0,0,1,0,0,0,0,0,0,1,0,0,0,0,4,127.0,0,2021,1,0,0,10,10,1,1,1,1732.283464566929
0,1,0,0,0,0,0,0,0,0,0,1,0,0,0,0,0,0,0,1,0,0,0,3,110.0,0,2022,1,0,0,11,14,0,0,0,1136.3636363636363
0,1,0,0,0,0,0,0,0,0,0,0,0,1,0,0,0,0,0,1,0,0,0,3,158.0,0,2024,1,0,0,3,10,1,0,0,1000.0
0,1,0,0,0,0,0,0,0,0,0,0,0,0,0,0,0,0,1,0,0,0,0,1,43.0,0,2023,0,1,0,12,12,0,0,0,1511.6279069767443
0,0,1,0,0,0,0,0,0,0,0,0,0,0,1,0,0,0,1,0,0,0,0,1,45.0,0,2012,1,0,0,3,9,0,0,0,1466.6666666666667
0,1,0,0,0,0,0,0,0,0,0,0,1,0,0,0,0,0,1,0,0,0,0,4,206.0,1,2023,1,0,0,10,10,0,1,1,1237.8640776699028
0,1,0,0,0,0,0,0,0,0,0,0,1,0,0,0,0,0,0,1,0,0,0,1,51.0,0,2023,0,1,0,15,15,0,0,0,1127.450980392157
0,1,0,0,0,0,0,0,0,0,0,0,0,1,0,0,0,0,0,1,0,0,0,3,121.0,0,2022,0,0,1,11,14,0,0,0,1400.0
0,1,0,0,0,0,0,0,0,0,0,1,0,0,0,0,0,0,1,0,0,0,0,3,85.0,1,2023,1,0,0,6,9,0,0,0,1317.6470588235295
0,1,0,0,0,0,0,0,0,0,0,0,1,0,0,0,0,0,1,0,0,0,0,1,48.0,0,2024,0,1,0,2,12,0,0,0,1389.5833333333333
1,0,0,0,0,0,0,0,0,0,0,0,1,0,0,0,0,0,0,0,1,0,0,3,67.0,0,2019,1,0,0,2,3,1,1,1,1161.1940298507463
0,0,0,0,1,0,0,0,0,0,0,0,1,0,0,0,0,0,0,0,0,1,0,3,69.0,0,1975,0,0,1,3,4,0,1,1,1260.8695652173913
0,1,0,0,0,0,0,0,0,0,0,1,0,0,0,0,0,0,0,1,0,0,0,1,45.0,0,2025,1,0,0,9,10,1,0,0,1000.0
0,0,0,0,0,0,1,0,0,0,0,0,1,0,0,0,0,0,0,0,1,0,0,1,36.0,0,1987,1,0,0,6,9,1,1,0,1541.6666666666667
0,0,0,0,1,0,0,0,0,0,0,0,1,0,0,0,0,0,1,0,0,0,0,3,58.0,0,1975,0,0,1,2,5,0,1,1,1500.0
0,1,0,0,0,0,0,0,0,0,0,1,0,0,0,0,0,0,0,1,0,0,0,3,101.1,0,2025,0,1,0,6,20,0,0,0,1320.0
0,1,0,0,0,0,0,0,0,0,0,0,1,0,0,0,0,0,0,1,0,0,0,1,51.0,0,2024,1,0,0,13,15,1,0,0,1135.2941176470588
0,1,0,0,0,0,0,0,0,0,0,0,1,0,0,0,0,0,1,0,0,0,0,2,60.0,0,2024,1,0,0,11,15,0,0,0,1450.0
0,0,0,0,0,0,0,0,1,0,0,0,0,0,1,0,0,0,0,0,0,1,0,2,27.0,0,1990,1,0,0,1,1,0,1,1,1296.2962962962963
0,1,0,0,0,0,0,0,0,0,0,0,0,1,0,0,0,0,1,0,0,0,0,2,47.0,0,2023,0,1,0,5,5,0,1,0,1478.723404255319
0,0,0,0,1,0,0,0,0,0,0,0,1,0,0,0,0,0,0,0,1,0,0,2,43.0,0,1970,0,0,1,3,4,0,1,1,1755.8139534883721
1,0,0,0,0,0,0,0,0,0,0,0,1,0,0,0,0,0,0,0,0,1,0,1,19.0,0,2019,1,0,0,4,5,0,0,0,1105.2631578947369
0,1,0,0,0,0,0,0,0,0,0,0,1,0,0,0,0,0,1,0,0,0,0,2,48.0,0,2023,1,0,0,9,9,0,1,0,1395.8333333333333
0,1,0,0,0,0,0,0,0,0,0,0,1,0,0,0,0,0,1,0,0,0,0,5,255.0,1,2003,1,0,0,6,10,0,0,0,1156.862745098039
0,1,0,0,0,0,0,0,0,0,0,0,1,0,0,0,0,0,1,0,0,0,0,3,152.0,0,2019,0,1,0,13,14,0,0,0,1513.157894736842
0,1,0,0,0,0,0,0,0,0,0,0,1,0,0,0,0,0,0,1,0,0,0,2,66.0,0,2024,0,1,0,6,16,0,0,0,1439.3939393939395
0,0,1,0,0,0,0,0,0,0,0,0,0,0,0,0,0,0,1,0,0,0,0,3,83.0,0,2019,0,0,1,7,9,0,0,0,1301.2048192771085
0,1,0,0,0,0,0,0,0,0,0,1,0,0,0,0,0,0,1,0,0,0,0,3,100.0,0,2021,0,1,0,2,9,0,0,0,1700.0
0,1,0,0,0,0,0,0,0,0,0,0,1,0,0,0,0,0,0,0,0,1,0,2,70.0,0,2016,1,0,0,2,9,1,1,1,1785.7142857142858
0,1,0,0,0,0,0,0,0,0,0,0,0,1,0,0,0,0,0,1,0,0,0,2,71.0,0,2023,0,1,0,10,10,0,0,0,973.2394366197183
0,1,0,0,0,0,0,0,0,0,0,1,0,0,0,0,0,0,0,1,0,0,0,3,121.0,0,2022,0,0,1,11,14,1,0,0,1404.9586776859503
1,0,0,0,0,0,0,0,0,0,0,0,1,0,0,0,0,0,0,0,0,1,0,1,32.0,0,2019,1,0,0,5,5,0,1,1,1812.5
0,1,0,0,0,0,0,0,0,0,0,1,0,0,0,0,0,0,1,0,0,0,0,1,40.0,0,2023,0,1,0,4,10,0,1,0,1750.0
1,0,0,0,0,0,0,0,0,0,0,0,0,0,0,0,0,0,0,0,0,0,0,3,117.6,0,2016,0,1,0,10,10,0,0,0,1887.7551020408164
1,0,0,0,0,0,0,0,0,0,0,0,0,0,0,0,0,0,0,0,0,0,0,2,60.18,0,2024,1,0,0,2,15,0,0,0,1246.261216350947
1,0,0,0,0,0,0,0,0,0,0,0,0,0,0,0,0,0,0,0,0,0,0,4,109.28,0,2021,1,0,0,12,12,0,0,0,1766.1054172767203
0,1,0,0,0,0,0,0,0,0,0,0,1,0,0,0,0,0,0,1,0,0,0,2,64.0,1,2020,0,1,0,8,9,0,0,0,781.25
0,1,0,0,0,0,0,0,0,0,0,0,1,0,0,0,0,0,1,0,0,0,0,2,40.0,0,2021,1,0,0,2,10,1,0,1,2125.0
0,1,0,0,0,0,0,0,0,0,0,0,1,0,0,0,0,0,1,0,0,0,0,3,103.0,0,2019,0,1,0,7,12,0,1,0,1922.3300970873786
0,1,0,0,0,0,0,0,0,0,0,1,0,0,0,0,0,0,0,1,0,0,0,2,54.0,0,2025,0,1,0,5,18,0,0,0,1148.148148148148
0,1,0,0,0,0,0,0,0,0,0,1,0,0,0,0,0,0,1,0,0,0,0,3,137.0,0,2022,1,0,0,8,14,0,0,0,1080.0
0,0,1,0,0,0,0,0,0,0,0,0,1,0,0,0,0,0,1,0,0,0,0,2,45.0,0,2019,1,0,0,6,9,0,0,0,1477.7777777777778
0,1,0,0,0,0,0,0,0,0,0,0,1,0,0,0,0,0,1,0,0,0,0,2,62.0,0,2023,0,1,0,3,16,1,0,0,1435.483870967742
0,0,0,0,0,0,0,0,0,1,0,0,1,0,0,0,0,0,0,0,0,1,0,1,40.0,0,1960,1,0,0,1,3,0,1,1,1325.0
0,0,0,0,1,0,0,0,0,0,0,0,1,0,0,0,0,0,0,0,0,1,0,3,100.0,0,2014,1,0,0,1,4,1,1,1,1000.0
0,1,0,0,0,0,0,0,0,0,0,0,0,0,1,0,0,0,0,0,1,0,0,3,62.0,1,2023,1,0,0,4,8,0,1,0,2016.1290322580646
0,1,0,0,0,0,0,0,0,0,0,0,1,0,0,0,0,0,1,0,0,0,0,5,210.0,0,2020,0,1,0,10,10,0,0,0,2285.714285714286
0,1,0,0,0,0,0,0,0,0,0,0,1,0,0,0,0,0,0,0,1,0,0,2,65.0,1,2015,1,0,0,8,12,0,0,1,1492.3076923076924
0,1,0,0,0,0,0,0,0,0,0,0,1,0,0,0,0,0,1,0,0,0,0,3,58.0,0,2019,0,1,0,10,15,1,0,0,1965.5172413793102
0,0,0,1,0,0,0,0,0,0,0,0,1,0,0,0,0,0,1,0,0,0,0,2,42.0,0,1967,1,0,0,2,4,0,0,0,1607.142857142857
0,1,0,0,0,0,0,0,0,0,0,0,0,0,1,0,0,0,1,0,0,0,0,3,72.0,0,2024,1,0,0,5,5,0,0,0,965.2777777777778
0,0,1,0,0,0,0,0,0,0,0,0,0,1,0,0,0,0,0,0,1,0,0,2,67.0,0,2016,0,1,0,9,9,0,1,1,1268.6567164179105
0,0,1,0,0,0,0,0,0,0,0,0,1,0,0,0,0,0,1,0,0,0,0,2,50.0,0,1992,0,1,0,4,9,0,1,1,1830.0
0,1,0,0,0,0,0,0,0,0,0,0,1,0,0,0,0,0,1,0,0,0,0,1,41.0,0,2023,1,0,0,2,8,0,0,0,1365.8536585365853
0,1,0,0,0,0,0,0,0,0,0,1,0,0,0,0,0,0,0,1,0,0,0,1,48.7,0,2023,0,1,0,10,10,1,0,0,1437.3716632443532
1,0,0,0,0,0,0,0,0,0,0,0,0,0,0,0,0,0,0,0,0,0,0,1,39.0,0,2022,1,0,0,2,7,0,0,0,1333.3333333333333
0,1,0,0,0,0,0,0,0,0,0,1,0,0,0,0,0,0,0,1,0,0,0,2,75.0,0,2025,0,1,0,2,18,0,0,0,1700.0
0,1,0,0,0,0,0,0,0,0,0,0,0,0,0,0,0,0,0,1,0,0,0,2,59.0,1,2024,0,1,0,7,9,0,0,0,930.5084745762712
0,1,0,0,0,0,0,0,0,0,0,1,0,0,0,0,0,0,1,0,0,0,0,3,85.0,0,2024,0,1,0,6,13,0,0,0,1717.6470588235295
0,1,0,0,0,0,0,0,0,0,0,1,0,0,0,0,0,0,0,1,0,0,0,1,48.0,0,2022,0,1,0,9,12,1,0,0,1041.6666666666667
1,0,0,0,0,0,0,0,0,0,0,0,0,0,0,0,0,0,0,0,0,0,0,2,48.7,0,2015,1,0,0,6,12,0,0,0,1663.2443531827514
0,1,0,0,0,0,0,0,0,0,0,0,1,0,0,0,0,0,1,0,0,0,0,2,64.0,1,2022,0,1,0,15,16,0,0,0,1640.625
0,1,0,0,0,0,0,0,0,0,0,0,1,0,0,0,0,0,1,0,0,0,0,1,46.0,0,2024,0,1,0,9,12,0,0,0,1239.1304347826087
0,1,0,0,0,0,0,0,0,0,0,0,1,0,0,0,0,0,0,1,0,0,0,1,49.12,0,2025,0,1,0,13,16,1,0,0,1300.8957654723129
0,1,0,0,0,0,0,0,0,0,0,0,1,0,0,0,0,0,1,0,0,0,0,3,108.0,0,2023,1,0,0,9,15,0,0,0,1111.111111111111
0,1,0,0,0,0,0,0,0,0,0,1,0,0,0,0,0,0,1,0,0,0,0,3,88.0,0,2023,0,1,0,5,10,1,0,0,1761.3636363636363
1,0,0,0,0,0,0,0,0,0,0,0,0,0,0,0,0,0,0,0,0,0,0,3,91.8,0,2015,1,0,0,2,12,0,0,0,1742.9193899782135
0,1,0,0,0,0,0,0,0,0,0,0,0,0,0,0,0,0,0,1,0,0,0,2,70.0,0,2023,0,1,0,7,14,1,0,1,1064.2857142857142
0,1,0,0,0,0,0,0,0,0,0,0,1,0,0,0,0,0,0,1,0,0,0,1,52.0,1,2026,1,0,0,5,20,0,0,0,1200.0
0,1,0,0,0,0,0,0,0,0,0,0,1,0,0,0,0,0,0,1,0,0,0,3,112.0,0,2024,0,1,0,15,20,1,0,0,1200.0
1,0,0,0,0,0,0,0,0,0,0,0,1,0,0,0,0,0,0,0,0,1,0,3,87.0,0,1995,1,0,0,9,12,1,1,1,913.7931034482758
0,1,0,0,0,0,0,0,0,0,0,0,1,0,0,0,0,0,1,0,0,0,0,3,92.0,0,2023,0,1,0,5,12,0,0,0,1467.391304347826
0,1,0,0,0,0,0,0,0,0,0,0,1,0,0,0,0,0,0,1,0,0,0,2,65.0,0,2023,1,0,0,9,10,0,0,0,1236.923076923077
0,1,0,0,0,0,0,0,0,0,0,1,0,0,0,0,0,0,0,1,0,0,0,1,50.89,0,2023,0,1,0,5,9,0,0,0,890.155236785223
0,0,0,0,1,0,0,0,0,0,0,0,1,0,0,0,0,0,0,0,0,1,0,3,67.5,1,1973,0,0,1,1,4,0,1,0,1451.851851851852
0,0,0,1,0,0,0,0,0,0,0,0,1,0,0,0,0,0,0,0,0,1,0,2,42.0,0,1960,1,0,0,1,4,0,1,0,1523.8095238095239
0,1,0,0,0,0,0,0,0,0,0,1,0,0,0,0,0,0,1,0,0,0,0,3,126.0,0,2021,0,1,0,4,14,0,0,0,2142.8571428571427
0,1,0,0,0,0,0,0,0,0,0,1,0,0,0,0,0,0,0,1,0,0,0,2,60.0,0,2025,0,1,0,11,14,0,0,0,1269.1666666666667
0,1,0,0,0,0,0,0,0,0,0,0,1,0,0,0,0,0,0,0,1,0,0,2,48.0,0,2017,0,1,0,10,13,0,0,0,1458.3333333333333
0,1,0,0,0,0,0,0,0,0,0,1,0,0,0,0,0,0,0,1,0,0,0,3,127.0,0,2027,1,0,0,7,12,0,0,0,1500.0
0,1,0,0,0,0,0,0,0,0,0,1,0,0,0,0,0,0,1,0,0,0,0,3,100.17,0,2023,1,0,0,13,14,0,0,0,1547.3694718977738
0,1,0,0,0,0,0,0,0,0,0,0,0,0,0,0,0,0,0,1,0,0,0,2,60.0,0,2024,0,1,0,8,14,1,0,0,1116.6666666666667
0,1,0,0,0,0,0,0,0,0,0,0,1,0,0,0,0,0,1,0,0,0,0,4,125.0,0,2018,1,0,0,10,15,0,0,0,1416.0
0,1,0,0,0,0,0,0,0,0,0,0,1,0,0,0,0,0,1,0,0,0,0,1,39.4,0,2017,0,1,0,7,12,1,1,0,1675.1269035532996
0,0,1,0,0,0,0,0,0,0,0,0,1,0,0,0,0,0,0,0,0,1,0,2,58.0,0,1980,0,1,0,8,9,1,1,1,1431.0344827586207
0,0,1,0,0,0,0,0,0,0,0,0,1,0,0,0,0,0,0,0,0,1,0,1,48.0,0,1992,0,0,1,8,9,0,1,1,1291.6666666666667
1,0,0,0,0,0,0,0,0,0,0,0,0,0,0,0,0,0,0,0,0,0,0,2,71.0,0,2022,0,1,0,9,10,0,0,0,1767.605633802817
1,0,0,0,0,0,0,0,0,0,0,0,1,0,0,0,0,0,0,0,1,0,0,1,41.0,1,1980,0,1,0,9,9,0,1,1,1292.6829268292684
0,0,1,0,0,0,0,0,0,0,0,0,1,0,0,0,0,0,0,0,1,0,0,1,36.0,0,1992,0,0,1,1,9,0,1,1,1763.888888888889
0,1,0,0,0,0,0,0,0,0,0,0,0,0,1,0,0,0,1,0,0,0,0,2,66.0,0,2017,1,0,0,2,12,0,1,0,1878.7878787878788
0,1,0,0,0,0,0,0,0,0,0,0,1,0,0,0,0,0,0,1,0,0,0,2,52.0,0,2023,0,1,0,7,12,0,0,0,1221.1538461538462
0,0,0,0,0,0,1,0,0,0,0,0,1,0,0,0,0,0,1,0,0,0,0,3,62.0,0,1987,0,0,1,4,9,0,0,0,1725.8064516129032
0,1,0,0,0,0,0,0,0,0,0,1,0,0,0,0,0,0,0,1,0,0,0,3,116.82,0,2022,0,1,0,11,12,0,0,0,1250.0
0,1,0,0,0,0,0,0,0,0,0,1,0,0,0,0,0,0,0,1,0,0,0,3,122.0,0,2024,0,1,0,10,12,0,0,0,1085.0
0,0,0,0,0,0,1,0,0,0,0,0,1,0,0,0,0,0,0,0,1,0,0,4,101.0,0,1987,1,0,0,1,9,0,1,1,1079.2079207920792
0,0,0,0,0,0,1,0,0,0,0,0,0,0,0,0,0,0,0,0,0,0,0,1,36.1,0,1990,0,0,1,5,5,0,0,0,1662.0498614958449
0,1,0,0,0,0,0,0,0,0,0,0,1,0,0,0,0,0,1,0,0,0,0,3,125.0,0,2016,0,1,0,8,9,1,1,1,1800.0
1,0,0,0,0,0,0,0,0,0,0,0,0,0,0,0,0,0,0,0,0,0,0,3,70.0,0,2018,1,0,0,14,14,0,0,0,1542.857142857143
0,1,0,0,0,0,0,0,0,0,0,0,0,1,0,0,0,0,1,0,0,0,0,1,36.1,0,2018,0,1,0,5,11,0,1,0,1897.5069252077562
1,0,0,0,0,0,0,0,0,0,0,0,0,0,0,0,0,0,0,0,0,0,0,1,44.7,0,2021,0,1,0,3,3,0,0,0,1277.4049217002237
1,0,0,0,0,0,0,0,0,0,0,0,0,0,0,0,0,0,0,0,0,0,0,3,74.0,0,1995,1,0,0,7,9,0,0,0,1418.918918918919
0,1,0,0,0,0,0,0,0,0,0,1,0,0,0,0,0,0,0,1,0,0,0,1,47.0,0,2023,1,0,0,7,17,1,0,0,1031.9148936170213
0,0,0,0,0,0,1,0,0,0,0,0,0,1,0,0,0,0,0,1,0,0,0,1,45.0,0,2025,0,0,1,3,5,0,0,0,1044.4444444444443
0,1,0,0,0,0,0,0,0,0,0,1,0,0,0,0,0,0,1,0,0,0,0,2,78.0,0,2022,1,0,0,4,14,0,0,0,1730.7692307692307
0,1,0,0,0,0,0,0,0,0,0,1,0,0,0,0,0,0,0,1,0,0,0,3,109.0,0,2024,0,1,0,7,12,1,0,0,1150.0
1,0,0,0,0,0,0,0,0,0,0,1,0,0,0,0,0,0,0,1,0,0,0,1,37.0,1,2025,0,1,0,14,14,0,0,0,1297.2972972972973
0,1,0,0,0,0,0,0,0,0,0,0,1,0,0,0,0,0,0,1,0,0,0,1,44.0,0,2023,1,0,0,8,8,0,0,0,977.2727272727273
0,1,0,0,0,0,0,0,0,0,0,0,0,1,0,0,0,0,0,1,0,0,0,2,73.3,0,2025,0,1,0,9,10,1,0,0,1159.6180081855389
0,1,0,0,0,0,0,0,0,0,0,0,1,0,0,0,0,0,1,0,0,0,0,4,118.0,0,2018,0,1,0,9,12,0,1,1,1847.457627118644
0,1,0,0,0,0,0,0,0,0,0,1,0,0,0,0,0,0,0,1,0,0,0,2,86.0,0,2023,0,1,0,4,16,0,0,0,1250.0
0,1,0,0,0,0,0,0,0,0,0,1,0,0,0,0,0,0,0,0,1,0,0,1,44.0,1,2020,1,0,0,12,13,0,0,0,1500.0
0,1,0,0,0,0,0,0,0,0,0,0,0,0,0,0,0,0,0,1,0,0,0,1,44.0,0,2022,0,1,0,13,16,0,0,0,1227.2727272727273
0,1,0,0,0,0,0,0,0,0,0,0,1,0,0,0,0,0,0,1,0,0,0,1,37.33,0,2024,0,1,0,7,14,0,0,0,1205.4647736405036
0,0,1,0,0,0,0,0,0,0,0,0,0,0,0,0,0,0,0,1,0,0,0,1,44.5,0,2024,0,0,1,7,9,0,0,0,1123.5955056179776
0,1,0,0,0,0,0,0,0,0,0,1,0,0,0,0,0,0,0,1,0,0,0,2,66.0,0,2023,0,1,0,12,14,0,0,0,1110.0
0,1,0,0,0,0,0,0,0,0,0,1,0,0,0,0,0,0,0,0,1,0,0,4,129.0,0,2019,0,1,0,4,13,0,0,0,2325.5813953488373
0,1,0,0,0,0,0,0,0,0,0,0,1,0,0,0,0,0,0,0,1,0,0,3,108.0,0,2008,1,0,0,6,9,1,1,1,1527.7777777777778
0,1,0,0,0,0,0,0,0,0,0,1,0,0,0,0,0,0,1,0,0,0,0,1,40.0,1,2021,1,0,0,3,10,1,1,1,1625.0
0,1,0,0,0,0,0,0,0,0,0,1,0,0,0,0,0,0,1,0,0,0,0,2,48.0,1,2024,1,0,0,3,11,0,0,0,1500.0
0,1,0,0,0,0,0,0,0,0,0,0,0,0,0,0,0,0,0,0,1,0,0,2,62.0,0,2023,0,0,1,6,13,0,0,0,1500.0
0,0,0,1,0,0,0,0,0,0,0,0,1,0,0,0,0,0,0,0,1,0,0,3,54.0,0,1967,1,0,0,1,4,1,1,1,1370.3703703703704
0,1,0,0,0,0,0,0,0,0,0,0,0,0,0,0,0,0,1,0,0,0,0,2,76.0,0,2022,0,1,0,9,12,0,0,0,1710.5263157894738
0,1,0,0,0,0,0,0,0,0,0,0,0,0,0,0,0,0,1,0,0,0,0,3,146.0,0,2012,1,0,0,8,11,0,0,0,1760.2739726027398
0,0,0,0,0,0,1,0,0,0,0,0,0,0,0,0,0,0,0,0,0,0,0,1,36.0,0,1987,0,0,1,2,5,0,0,0,1583.3333333333333
0,1,0,0,0,0,0,0,0,0,0,0,1,0,0,0,0,0,0,1,0,0,0,1,44.0,0,2025,0,1,0,2,16,1,0,0,1295.4545454545455
1,0,0,0,0,0,0,0,0,0,0,1,0,0,0,0,0,0,0,0,1,0,0,2,42.0,0,2019,1,0,0,1,2,0,1,1,1071.4285714285713
0,0,1,0,0,0,0,0,0,0,0,0,0,0,0,0,0,0,0,0,1,0,0,3,81.0,0,1992,0,0,1,9,9,0,0,0,1296.2962962962963
0,0,0,0,0,1,0,0,0,0,0,0,0,1,0,0,0,0,0,0,1,0,0,1,45.0,0,2022,0,1,0,1,9,0,0,0,1711.111111111111
0,0,0,0,1,0,0,0,0,0,0,0,1,0,0,0,0,0,0,0,1,0,0,2,46.0,0,1977,0,0,1,4,4,0,0,0,1641.304347826087
1,0,0,0,0,0,0,0,0,0,0,0,1,0,0,0,0,0,0,0,0,1,0,2,45.4,0,1975,1,0,0,3,5,0,1,1,1618.942731277533
0,1,0,0,0,0,0,0,0,0,0,0,1,0,0,0,0,0,1,0,0,0,0,2,55.0,0,2015,0,1,0,2,7,0,1,0,1718.1818181818182
0,1,0,0,0,0,0,0,0,0,0,0,1,0,0,0,0,0,0,1,0,0,0,2,83.8,0,2025,0,1,0,3,14,1,0,0,954.6539379474941
0,0,0,0,1,0,0,0,0,0,0,0,1,0,0,0,0,0,0,0,1,0,0,2,47.0,0,1975,1,0,0,4,4,0,1,1,1617.0212765957447
0,1,0,0,0,0,0,0,0,0,0,0,0,0,1,0,0,0,1,0,0,0,0,3,150.0,0,2023,1,0,0,9,10,1,1,1,1366.6666666666667
0,1,0,0,0,0,0,0,0,0,0,1,0,0,0,0,0,0,0,1,0,0,0,3,109.0,0,2024,0,1,0,4,12,1,0,0,1229.3577981651376
1,0,0,0,0,0,0,0,0,0,0,0,1,0,0,0,0,0,0,0,1,0,0,1,37.0,0,2019,0,0,1,1,5,0,0,0,1351.3513513513512
0,0,1,0,0,0,0,0,0,0,0,0,1,0,0,0,0,0,1,0,0,0,0,3,64.0,0,1988,0,0,1,5,9,0,1,1,1710.9375
0,1,0,0,0,0,0,0,0,0,0,1,0,0,0,0,0,0,0,1,0,0,0,1,54.0,0,2025,0,1,0,6,15,1,0,0,1000.0
0,1,0,0,0,0,0,0,0,0,0,0,0,0,0,0,0,0,1,0,0,0,0,3,126.0,0,2024,0,1,0,5,18,0,0,0,1480.0
0,1,0,0,0,0,0,0,0,0,0,1,0,0,0,0,0,0,1,0,0,0,0,1,44.0,0,2024,0,1,0,4,9,1,0,0,1693.1818181818182
0,1,0,0,0,0,0,0,0,0,0,0,0,0,0,0,0,0,0,1,0,0,0,3,150.0,0,2023,1,0,0,10,12,0,0,0,900.0
0,1,0,0,0,0,0,0,0,0,0,1,0,0,0,0,0,0,0,1,0,0,0,2,75.0,0,2025,0,1,0,8,10,1,0,0,1800.0
0,0,0,0,0,1,0,0,0,0,0,0,0,1,0,0,0,0,1,0,0,0,0,1,50.0,1,2024,0,0,1,7,16,1,0,0,1370.0
0,0,1,0,0,0,0,0,0,0,0,0,1,0,0,0,0,0,1,0,0,0,0,2,61.0,0,2019,0,0,1,6,9,0,0,0,1295.0819672131147
0,1,0,0,0,0,0,0,0,0,0,1,0,0,0,0,0,0,1,0,0,0,0,2,68.0,0,2023,0,1,0,7,14,0,0,0,1911.764705882353
0,1,0,0,0,0,0,0,0,0,0,0,1,0,0,0,0,0,0,0,0,0,1,2,78.0,0,2025,0,1,0,11,16,1,0,1,1089.7435897435898
1,0,0,0,0,0,0,0,0,0,0,0,0,0,0,0,0,0,0,0,0,0,0,2,49.0,0,2018,0,1,0,4,13,0,0,0,1551.0204081632653
0,1,0,0,0,0,0,0,0,0,0,0,0,0,0,0,0,0,0,0,0,0,1,2,65.0,0,2023,1,0,0,9,14,1,0,0,843.0769230769231
0,1,0,0,0,0,0,0,0,0,0,1,0,0,0,0,0,0,1,0,0,0,0,1,54.0,0,2021,0,1,0,6,14,0,0,0,1759.2592592592594
0,1,0,0,0,0,0,0,0,0,0,0,1,0,0,0,0,0,0,1,0,0,0,3,69.0,0,2025,0,1,0,13,16,0,1,0,1521.7391304347825
0,0,0,0,0,1,0,0,0,0,0,1,0,0,0,0,0,0,0,1,0,0,0,1,44.6,1,2025,0,0,1,1,5,1,0,0,950.0
0,1,0,0,0,0,0,0,0,0,0,0,1,0,0,0,0,0,0,1,0,0,0,1,51.0,0,2023,0,1,0,15,15,0,0,0,1000.0
1,0,0,0,0,0,0,0,0,0,0,0,1,0,0,0,0,0,0,0,1,0,0,1,35.0,0,2019,1,0,0,1,5,1,1,1,1634.2857142857142
0,1,0,0,0,0,0,0,0,0,0,1,0,0,0,0,0,0,0,1,0,0,0,2,65.0,0,2023,0,1,0,2,3,1,0,0,830.7692307692307
0,1,0,0,0,0,0,0,0,0,0,0,1,0,0,0,0,0,1,0,0,0,0,2,60.0,0,2017,0,1,0,3,12,1,0,1,1616.6666666666667
0,1,0,0,0,0,0,0,0,0,0,0,1,0,0,0,0,0,1,0,0,0,0,1,38.0,0,2019,0,1,0,8,12,0,0,0,1828.9473684210527
0,1,0,0,0,0,0,0,0,0,0,0,1,0,0,0,0,0,0,1,0,0,0,2,67.0,0,2024,0,1,0,13,14,1,0,0,1029.8507462686566
0,0,0,0,0,0,0,0,0,1,0,0,1,0,0,0,0,0,1,0,0,0,0,3,65.0,1,1960,1,0,0,3,3,0,0,0,1230.7692307692307
0,1,0,0,0,0,0,0,0,0,0,1,0,0,0,0,0,0,1,0,0,0,0,1,45.0,0,2024,0,1,0,11,12,0,0,0,1466.6666666666667
0,0,0,0,0,0,1,0,0,0,0,0,1,0,0,0,0,0,0,0,1,0,0,2,48.0,0,1987,0,0,1,4,5,0,1,1,1614.5833333333333
0,1,0,0,0,0,0,0,0,0,0,0,1,0,0,0,0,0,0,1,0,0,0,1,48.0,0,2022,0,1,0,9,12,1,0,0,1020.8333333333334
0,1,0,0,0,0,0,0,0,0,0,1,0,0,0,0,0,0,0,1,0,0,0,1,47.0,0,2023,0,1,0,12,14,0,0,0,1212.7659574468084
0,1,0,0,0,0,0,0,0,0,0,0,0,0,0,0,0,0,0,1,0,0,0,2,58.62,0,2023,0,1,0,10,11,0,0,0,1236.7792562265438
0,1,0,0,0,0,0,0,0,0,0,1,0,0,0,0,0,0,0,1,0,0,0,3,74.5,0,2022,0,1,0,2,12,0,0,0,1140.9395973154362
0,1,0,0,0,0,0,0,0,0,0,0,1,0,0,0,0,0,0,0,1,0,0,3,88.0,0,2024,0,1,0,1,14,0,0,0,1363.6363636363637
0,1,0,0,0,0,0,0,0,0,0,0,1,0,0,0,0,0,1,0,0,0,0,3,105.0,0,2009,1,0,0,5,9,0,0,0,1609.5238095238096
0,1,0,0,0,0,0,0,0,0,0,0,1,0,0,0,0,0,1,0,0,0,0,2,84.0,0,2020,0,1,0,2,10,0,1,1,1369.047619047619
1,0,0,0,0,0,0,0,0,0,0,0,1,0,0,0,0,0,0,0,0,1,0,3,55.3,0,1965,1,0,0,4,4,0,1,1,1356.23869801085
0,0,0,0,0,0,0,0,0,1,0,0,1,0,0,0,0,0,0,0,1,0,0,2,60.0,1,1960,1,0,0,2,3,0,0,0,1200.0
1,0,0,0,0,0,0,0,0,0,0,0,0,0,0,0,0,0,0,0,0,0,0,2,44.0,0,1972,1,0,0,5,5,0,0,0,1681.8181818181818
0,1,0,0,0,0,0,0,0,0,0,0,0,0,0,0,0,0,0,1,0,0,0,3,96.0,0,2024,0,1,0,3,16,0,0,0,1322.9166666666667
0,1,0,0,0,0,0,0,0,0,0,0,1,0,0,0,0,0,1,0,0,0,0,3,127.0,0,2023,1,0,0,3,11,0,1,1,2047.244094488189
0,1,0,0,0,0,0,0,0,0,0,1,0,0,0,0,0,0,0,1,0,0,0,1,40.0,0,2023,0,1,0,7,16,1,0,0,1175.0
0,1,0,0,0,0,0,0,0,0,0,1,0,0,0,0,0,0,0,1,0,0,0,2,73.0,0,2024,0,1,0,5,10,1,0,0,904.1095890410959
0,1,0,0,0,0,0,0,0,0,0,0,1,0,0,0,0,0,0,0,1,0,0,1,40.0,0,2023,1,0,0,1,10,0,1,0,1612.5
0,0,0,0,0,0,0,1,0,0,0,0,1,0,0,0,0,0,1,0,0,0,0,5,214.0,0,2019,1,0,0,9,10,1,1,1,1939.252336448598
0,1,0,0,0,0,0,0,0,0,0,0,1,0,0,0,0,0,1,0,0,0,0,2,67.0,0,2017,1,0,0,6,12,1,1,1,1179.1044776119404
0,0,0,0,0,1,0,0,0,0,0,0,0,0,0,0,0,0,1,0,0,0,0,1,48.0,0,2020,0,0,1,7,12,0,0,0,1354.1666666666667
0,1,0,0,0,0,0,0,0,0,0,1,0,0,0,0,0,0,1,0,0,0,0,3,98.0,1,2023,0,1,0,13,14,0,0,0,1683.6734693877552
0,1,0,0,0,0,0,0,0,0,0,1,0,0,0,0,0,0,0,1,0,0,0,3,83.48,0,2022,1,0,0,8,14,0,0,0,1185.912793483469
0,1,0,0,0,0,0,0,0,0,0,1,0,0,0,0,0,0,1,0,0,0,0,1,27.0,0,2023,1,0,0,1,9,1,0,0,1537.037037037037
0,0,0,0,0,0,1,0,0,0,0,0,1,0,0,0,0,0,0,0,1,0,0,3,83.0,1,1987,0,0,1,5,5,0,0,0,1084.3373493975903
0,0,0,0,1,0,0,0,0,0,0,0,0,0,0,0,0,0,0,0,0,0,0,2,44.0,0,1972,0,0,1,1,4,0,0,0,1659.090909090909
0,1,0,0,0,0,0,0,0,0,0,0,1,0,0,0,0,0,0,0,1,0,0,1,28.0,1,2022,0,1,0,5,10,0,1,0,1785.7142857142858
0,1,0,0,0,0,0,0,0,0,0,1,0,0,0,0,0,0,0,1,0,0,0,3,84.03,0,2025,0,1,0,7,10,1,0,0,930.0011900511722
0,1,0,0,0,0,0,0,0,0,0,0,1,0,0,0,0,0,1,0,0,0,0,4,164.0,0,2023,0,1,0,4,11,0,0,0,1981.7073170731708
0,1,0,0,0,0,0,0,0,0,0,0,1,0,0,0,0,0,1,0,0,0,0,5,164.0,0,2019,0,1,0,16,17,0,0,0,2000.0
1,0,0,0,0,0,0,0,0,0,0,0,0,0,0,0,0,0,0,0,0,0,0,2,50.0,0,2023,1,0,0,10,13,0,0,0,1100.0
0,1,0,0,0,0,0,0,0,0,0,0,0,1,0,0,0,0,0,1,0,0,0,4,137.95,0,2022,0,1,0,8,14,1,0,0,1250.003624501631
0,1,0,0,0,0,0,0,0,0,0,1,0,0,0,0,0,0,0,1,0,0,0,2,100.0,0,2022,0,1,0,5,14,0,0,0,1480.0
0,1,0,0,0,0,0,0,0,0,0,1,0,0,0,0,0,0,0,0,1,0,0,2,60.0,0,2022,0,1,0,11,12,0,1,0,1700.0
1,0,0,0,0,0,0,0,0,0,0,0,0,0,0,0,0,0,0,0,0,0,0,1,53.72,0,2022,1,0,0,4,12,0,0,0,1358.8979895755772
0,0,0,0,0,0,1,0,0,0,0,0,1,0,0,0,0,0,1,0,0,0,0,1,34.0,0,1987,0,0,1,7,9,0,0,0,1852.9411764705883
0,0,0,0,0,0,1,0,0,0,0,0,1,0,0,0,0,0,0,0,1,0,0,3,62.0,0,1990,0,0,1,3,5,0,1,0,1806.4516129032259
0,1,0,0,0,0,0,0,0,0,0,0,1,0,0,0,0,0,1,0,0,0,0,2,133.0,0,2003,1,0,0,7,8,1,1,1,1180.451127819549
0,0,1,0,0,0,0,0,0,0,0,1,0,0,0,0,0,0,1,0,0,0,0,2,79.0,0,2022,0,1,0,2,9,0,1,1,1417.7215189873418
0,1,0,0,0,0,0,0,0,0,0,1,0,0,0,0,0,0,1,0,0,0,0,1,43.0,0,2024,0,1,0,5,16,0,0,0,1720.9302325581396
0,1,0,0,0,0,0,0,0,0,0,1,0,0,0,0,0,0,1,0,0,0,0,4,176.0,0,2022,0,1,0,9,12,1,0,0,2375.0
0,1,0,0,0,0,0,0,0,0,0,0,1,0,0,0,0,0,1,0,0,0,0,1,52.0,0,2023,1,0,0,13,14,0,0,0,1442.3076923076924
0,1,0,0,0,0,0,0,0,0,0,0,0,1,0,0,0,0,0,1,0,0,0,5,228.0,0,2025,0,1,0,11,18,0,0,0,1420.0
0,1,0,0,0,0,0,0,0,0,0,0,1,0,0,0,0,0,1,0,0,0,0,3,120.0,0,2023,1,0,0,4,10,0,1,1,1500.0
1,0,0,0,0,0,0,0,0,0,0,0,1,0,0,0,0,0,0,0,1,0,0,1,34.0,0,2018,0,1,0,4,9,0,0,0,1691.1764705882354
0,1,0,0,0,0,0,0,0,0,0,1,0,0,0,0,0,0,0,1,0,0,0,2,74.29,0,2022,0,1,0,14,16,1,0,1,1130.703997846278
0,0,0,0,0,1,0,0,0,0,0,0,0,1,0,0,0,0,1,0,0,0,0,2,75.0,0,2022,0,1,0,4,9,0,0,0,1520.0
0,1,0,0,0,0,0,0,0,0,0,0,1,0,0,0,0,0,0,1,0,0,0,2,76.0,1,2025,1,0,0,8,15,0,0,0,947.3684210526316
0,0,0,0,0,0,1,0,0,0,0,0,0,0,0,0,0,0,0,0,0,1,0,1,34.0,1,1987,0,0,1,6,9,0,0,0,1602.9411764705883
0,1,0,0,0,0,0,0,0,0,0,0,1,0,0,0,0,0,1,0,0,0,0,3,77.0,0,2023,0,1,0,8,15,1,0,0,1883.1168831168832
1,0,0,0,0,0,0,0,0,0,0,1,0,0,0,0,0,0,0,0,1,0,0,2,49.0,0,2019,1,0,0,2,5,0,1,1,1591.8367346938776
0,1,0,0,0,0,0,0,0,0,0,0,1,0,0,0,0,0,0,0,1,0,0,2,86.0,1,2023,1,0,0,1,5,0,0,0,1395.3488372093022
0,1,0,0,0,0,0,0,0,0,0,0,1,0,0,0,0,0,0,1,0,0,0,3,100.34,0,2023,0,1,0,11,16,0,0,0,1146.1032489535578
0,1,0,0,0,0,0,0,0,0,0,1,0,0,0,0,0,0,1,0,0,0,0,2,76.0,1,2022,1,0,0,9,14,0,0,0,1684.2105263157894
0,1,0,0,0,0,0,0,0,0,0,1,0,0,0,0,0,0,1,0,0,0,0,3,132.0,0,2022,0,1,0,7,10,0,1,1,2121.212121212121
0,1,0,0,0,0,0,0,0,0,0,0,1,0,0,0,0,0,1,0,0,0,0,3,100.0,0,2023,1,0,0,4,10,0,0,0,1470.0
0,0,1,0,0,0,0,0,0,0,0,0,1,0,0,0,0,0,0,0,1,0,0,1,45.0,0,2019,0,0,1,7,9,0,0,0,1444.4444444444443
0,1,0,0,0,0,0,0,0,0,0,0,1,0,0,0,0,0,0,1,0,0,0,4,135.0,0,2024,0,1,0,16,20,1,0,0,1150.0
0,1,0,0,0,0,0,0,0,0,0,0,0,0,1,0,0,0,0,1,0,0,0,3,96.0,0,2018,0,1,0,7,12,0,0,0,1520.8333333333333
0,0,0,0,1,0,0,0,0,0,0,0,0,0,0,0,0,0,0,0,0,0,0,2,44.0,0,1970,0,0,1,1,4,0,0,0,1670.4545454545455
0,1,0,0,0,0,0,0,0,0,0,1,0,0,0,0,0,0,0,1,0,0,0,1,49.0,0,2025,0,1,0,10,12,0,0,0,850.0
0,1,0,0,0,0,0,0,0,0,0,1,0,0,0,0,0,0,0,1,0,0,0,1,47.0,0,2025,0,1,0,12,12,0,0,0,946.8085106382979
0,1,0,0,0,0,0,0,0,0,0,1,0,0,0,0,0,0,0,1,0,0,0,2,86.0,0,2022,1,0,0,4,14,0,0,0,1104.6511627906978
1,0,0,0,0,0,0,0,0,0,0,0,1,0,0,0,0,0,0,0,1,0,0,3,63.0,0,1985,1,0,0,12,12,0,0,0,1460.3174603174602
0,1,0,0,0,0,0,0,0,0,0,1,0,0,0,0,0,0,0,0,0,0,1,2,59.0,0,2022,0,1,0,8,12,1,0,0,1118.6440677966102
1,0,0,0,0,0,0,0,0,0,0,0,0,0,0,0,0,0,0,0,0,0,0,1,58.0,0,2020,1,0,0,9,14,0,0,0,1836.2068965517242
0,1,0,0,0,0,0,0,0,0,0,0,1,0,0,0,0,0,0,1,0,0,0,3,137.0,0,2023,0,1,0,14,16,0,0,0,1350.3649635036497
0,0,1,0,0,0,0,0,0,0,0,0,0,0,0,0,0,0,0,0,0,0,0,3,72.0,0,1990,0,0,1,2,9,0,0,0,1597.2222222222222
0,1,0,0,0,0,0,0,0,0,0,0,0,1,0,0,0,0,0,1,0,0,0,3,100.0,0,2023,0,1,0,7,14,0,0,0,860.0
0,1,0,0,0,0,0,0,0,0,0,1,0,0,0,0,0,0,0,1,0,0,0,1,49.0,0,2024,0,1,0,8,12,1,1,1,1500.0
0,1,0,0,0,0,0,0,0,0,0,0,0,0,1,0,0,0,1,0,0,0,0,4,122.0,0,2023,0,1,0,10,10,0,1,1,1245.9016393442623
0,0,0,0,1,0,0,0,0,0,0,0,1,0,0,0,0,0,1,0,0,0,0,3,58.0,1,1975,0,0,1,4,4,0,0,0,1500.0
0,1,0,0,0,0,0,0,0,0,0,0,0,1,0,0,0,0,0,1,0,0,0,2,59.0,0,2022,0,1,0,11,16,0,0,0,1220.3389830508474
0,1,0,0,0,0,0,0,0,0,0,0,0,0,0,0,0,0,1,0,0,0,0,2,65.0,0,2020,0,1,0,4,10,0,0,0,1846.1538461538462
0,1,0,0,0,0,0,0,0,0,0,0,1,0,0,0,0,0,1,0,0,0,0,2,60.0,0,2021,0,1,0,10,12,1,0,0,1291.6666666666667
0,0,0,0,0,0,1,0,0,0,0,0,1,0,0,0,0,0,1,0,0,0,0,2,50.0,0,1987,0,0,1,5,5,0,0,0,1520.0
0,1,0,0,0,0,0,0,0,0,0,1,0,0,0,0,0,0,0,1,0,0,0,1,60.0,0,2025,0,1,0,6,14,1,0,0,1250.0
0,1,0,0,0,0,0,0,0,0,0,0,1,0,0,0,0,0,0,1,0,0,0,1,50.0,0,2023,1,0,0,16,17,1,0,0,1040.0
0,1,0,0,0,0,0,0,0,0,0,0,1,0,0,0,0,0,0,0,1,0,0,1,36.0,0,2023,0,1,0,6,9,1,1,1,1805.5555555555557
0,1,0,0,0,0,0,0,0,0,0,0,1,0,0,0,0,0,0,1,0,0,0,4,141.6,0,2022,0,1,0,11,16,0,0,0,1129.7669491525423
0,1,0,0,0,0,0,0,0,0,0,0,0,0,0,0,0,0,0,1,0,0,0,2,78.0,0,2023,0,1,0,16,16,1,0,0,1166.6666666666667
1,0,0,0,0,0,0,0,0,0,0,0,0,0,0,0,0,0,0,0,0,0,0,2,64.0,0,1980,0,1,0,11,13,0,0,0,1421.875
0,1,0,0,0,0,0,0,0,0,0,1,0,0,0,0,0,0,0,1,0,0,0,2,80.0,0,2024,1,0,0,9,14,0,0,0,1512.5
0,1,0,0,0,0,0,0,0,0,0,0,0,0,0,0,0,0,1,0,0,0,0,3,77.0,0,2023,0,1,0,8,15,1,0,0,1883.1168831168832
0,1,0,0,0,0,0,0,0,0,0,1,0,0,0,0,0,0,0,0,0,0,1,3,88.0,0,2026,0,1,0,6,12,0,0,0,1602.2727272727273
0,0,0,1,0,0,0,0,0,0,0,0,1,0,0,0,0,0,1,0,0,0,0,2,40.6,0,1967,1,0,0,4,4,0,1,1,1674.8768472906404
0,1,0,0,0,0,0,0,0,0,0,1,0,0,0,0,0,0,0,1,0,0,0,3,84.0,1,2025,0,1,0,7,10,1,0,0,880.952380952381
0,1,0,0,0,0,0,0,0,0,0,0,1,0,0,0,0,0,1,0,0,0,0,3,95.0,1,2017,0,1,0,3,7,0,1,0,1473.6842105263158
0,1,0,0,0,0,0,0,0,0,0,0,0,0,1,0,0,0,0,0,1,0,0,2,48.5,0,2018,1,0,0,12,12,0,1,1,1515.4639175257732
0,1,0,0,0,0,0,0,0,0,0,0,0,1,0,0,0,0,0,1,0,0,0,3,107.0,0,2024,1,0,0,9,14,0,0,0,1598.1308411214952
0,1,0,0,0,0,0,0,0,0,0,1,0,0,0,0,0,0,0,1,0,0,0,2,60.85,0,2022,0,1,0,2,12,0,0,0,1002.4650780608052
0,1,0,0,0,0,0,0,0,0,0,0,1,0,0,0,0,0,1,0,0,0,0,2,57.0,0,2014,0,1,0,7,10,1,1,0,1500.0
0,1,0,0,0,0,0,0,0,0,0,0,0,0,1,0,0,0,0,0,1,0,0,1,27.0,0,2022,0,1,0,3,4,1,1,0,1777.7777777777778
0,0,1,0,0,0,0,0,0,0,0,0,1,0,0,0,0,0,1,0,0,0,0,1,45.0,0,2000,0,0,1,4,9,0,1,0,1477.7777777777778
0,1,0,0,0,0,0,0,0,0,0,1,0,0,0,0,0,0,0,1,0,0,0,2,60.0,0,2023,1,0,0,3,5,1,0,0,766.6666666666666
0,0,0,0,1,0,0,0,0,0,0,0,1,0,0,0,0,0,1,0,0,0,0,1,36.0,0,1975,0,0,1,4,5,0,1,1,1666.6666666666667
0,0,0,0,0,0,1,0,0,0,0,0,1,0,0,0,0,0,0,0,0,1,0,1,35.0,1,1987,0,0,1,3,9,0,1,1,2057.1428571428573
0,1,0,0,0,0,0,0,0,0,0,1,0,0,0,0,0,0,0,1,0,0,0,1,40.0,0,2023,0,1,0,7,14,0,0,0,1175.0
0,0,0,0,1,0,0,0,0,0,0,0,0,0,0,0,0,0,0,0,0,0,0,3,58.0,0,1970,0,0,1,3,4,0,0,0,1603.448275862069
0,0,0,0,0,0,1,0,0,0,0,0,0,0,0,0,0,0,0,0,0,1,0,1,33.0,0,1987,1,0,0,1,5,0,1,1,1757.5757575757575
0,1,0,0,0,0,0,0,0,0,0,1,0,0,0,0,0,0,1,0,0,0,0,2,67.0,0,2023,1,0,0,9,9,0,1,0,1477.6119402985075
0,1,0,0,0,0,0,0,0,0,0,0,1,0,0,0,0,0,1,0,0,0,0,3,100.0,1,2023,1,0,0,10,10,0,0,0,1390.0
1,0,0,0,0,0,0,0,0,0,0,0,0,0,1,0,0,0,0,0,0,1,0,2,52.0,0,2019,1,0,0,2,3,0,1,1,1000.0
0,0,0,0,0,0,1,0,0,0,0,0,1,0,0,0,0,0,0,0,1,0,0,3,62.0,0,1987,0,0,1,5,5,0,1,0,1290.3225806451612
0,1,0,0,0,0,0,0,0,0,0,0,1,0,0,0,0,0,1,0,0,0,0,2,70.0,0,2017,0,1,0,8,12,0,0,0,1928.5714285714287
0,0,0,0,0,0,1,0,0,0,0,0,1,0,0,0,0,0,1,0,0,0,0,2,50.0,0,1980,0,0,1,5,5,0,1,1,1610.0
0,1,0,0,0,0,0,0,0,0,0,0,0,0,0,0,0,0,0,1,0,0,0,2,80.0,0,2025,0,1,0,12,15,0,0,0,1850.0
0,1,0,0,0,0,0,0,0,0,0,1,0,0,0,0,0,0,0,1,0,0,0,2,60.18,0,2022,0,1,0,2,16,1,0,0,1213.027583914922
1,0,0,0,0,0,0,0,0,0,0,0,0,0,0,0,0,0,0,0,0,0,0,2,60.0,0,2016,0,1,0,9,11,0,0,0,1666.6666666666667
0,0,0,0,1,0,0,0,0,0,0,0,1,0,0,0,0,0,0,0,0,1,0,2,43.0,0,1979,0,0,1,1,5,0,1,1,1709.3023255813953
0,1,0,0,0,0,0,0,0,0,0,0,1,0,0,0,0,0,0,1,0,0,0,1,48.0,0,2023,0,1,0,12,13,0,0,0,1031.25
0,0,0,1,0,0,0,0,0,0,0,0,1,0,0,0,0,0,0,0,0,1,0,1,30.0,0,1967,1,0,0,1,3,0,0,0,1566.6666666666667
0,1,0,0,0,0,0,0,0,0,0,0,0,0,0,0,0,0,0,1,0,0,0,2,63.0,0,2025,0,1,0,6,15,0,0,0,1452.3809523809523
1,0,0,0,0,0,0,0,0,0,0,1,0,0,0,0,0,0,0,0,1,0,0,1,44.0,1,2021,0,1,0,3,3,1,0,0,1250.0
0,0,1,0,0,0,0,0,0,0,0,0,1,0,0,0,0,0,0,0,1,0,0,2,63.0,0,2019,0,1,0,1,9,1,1,1,1444.4444444444443
0,1,0,0,0,0,0,0,0,0,0,0,0,0,0,0,0,0,1,0,0,0,0,2,68.0,0,2022,0,1,0,7,10,0,0,0,1514.7058823529412
0,1,0,0,0,0,0,0,0,0,0,0,1,0,0,0,0,0,1,0,0,0,0,4,172.0,0,2022,1,0,0,12,13,0,0,0,2151.1627906976746
0,1,0,0,0,0,0,0,0,0,0,0,1,0,0,0,0,0,1,0,0,0,0,3,112.0,0,2023,1,0,0,8,10,1,1,1,1651.7857142857142
0,1,0,0,0,0,0,0,0,0,0,1,0,0,0,0,0,0,0,1,0,0,0,1,42.0,0,2023,0,1,0,14,14,0,0,0,1119.047619047619
0,1,0,0,0,0,0,0,0,0,0,1,0,0,0,0,0,0,1,0,0,0,0,3,80.0,0,2022,0,1,0,9,14,0,0,0,2112.5
0,0,0,0,0,0,0,0,0,1,0,0,1,0,0,0,0,0,0,0,0,1,0,4,84.0,1,1960,1,0,0,2,3,0,0,0,3571.4285714285716
0,1,0,0,0,0,0,0,0,0,0,0,1,0,0,0,0,0,0,1,0,0,0,2,54.0,0,2025,0,1,0,6,24,1,0,0,1185.1851851851852
1,0,0,0,0,0,0,0,0,0,0,0,1,0,0,0,0,0,1,0,0,0,0,3,79.3,0,2019,0,0,1,6,9,0,1,0,1172.7616645649432
0,1,0,0,0,0,0,0,0,0,0,0,1,0,0,0,0,0,1,0,0,0,0,1,44.0,0,2023,0,1,0,11,12,0,0,0,1659.090909090909
0,0,1,0,0,0,0,0,0,0,0,0,1,0,0,0,0,0,0,0,1,0,0,2,52.0,0,1992,0,0,1,9,9,0,0,0,1225.0
0,1,0,0,0,0,0,0,0,0,0,0,1,0,0,0,0,0,0,0,1,0,0,2,94.42,0,2017,0,1,0,6,13,0,0,0,1991.1035797500529
0,1,0,0,0,0,0,0,0,0,0,0,1,0,0,0,0,0,1,0,0,0,0,2,78.0,0,2017,0,1,0,8,16,0,0,0,1628.2051282051282
0,1,0,0,0,0,0,0,0,0,0,0,1,0,0,0,0,0,0,1,0,0,0,1,40.25,0,2026,0,1,0,8,14,1,0,0,1043.4782608695652
0,1,0,0,0,0,0,0,0,0,0,0,1,0,0,0,0,0,1,0,0,0,0,2,58.0,0,2023,0,1,0,9,12,0,0,0,1586.2068965517242
0,1,0,0,0,0,0,0,0,0,0,1,0,0,0,0,0,0,1,0,0,0,0,2,70.0,0,2023,1,0,0,4,12,0,1,0,1900.0
1,0,0,0,0,0,0,0,0,0,0,0,1,0,0,0,0,0,0,0,1,0,0,2,45.0,0,2019,0,0,1,12,13,0,0,0,1311.111111111111
0,0,0,0,0,0,0,0,1,0,0,0,0,0,1,0,0,0,0,0,1,0,0,1,28.0,0,1990,1,0,0,1,4,1,1,1,1285.7142857142858
0,1,0,0,0,0,0,0,0,0,0,1,0,0,0,0,0,0,1,0,0,0,0,3,78.0,1,2022,0,1,0,5,10,0,0,0,1987.179487179487
0,1,0,0,0,0,0,0,0,0,0,1,0,0,0,0,0,0,0,1,0,0,0,3,83.9,0,2022,0,1,0,7,16,0,0,0,1162.0977353992848
0,1,0,0,0,0,0,0,0,0,0,0,0,1,0,0,0,0,1,0,0,0,0,3,121.6,0,2023,0,0,1,6,14,0,0,0,1891.4473684210527
0,1,0,0,0,0,0,0,0,0,0,0,1,0,0,0,0,0,1,0,0,0,0,1,39.4,0,2017,0,1,0,7,12,0,0,0,1675.1269035532996
1,0,0,0,0,0,0,0,0,0,0,0,0,0,0,0,0,0,0,0,0,0,0,2,65.0,0,2021,0,1,0,9,12,0,0,0,1923.076923076923
0,1,0,0,0,0,0,0,0,0,0,0,1,0,0,0,0,0,1,0,0,0,0,3,128.0,0,2019,0,1,0,5,12,1,1,0,1679.6875
0,1,0,0,0,0,0,0,0,0,0,1,0,0,0,0,0,0,1,0,0,0,0,2,41.0,0,2023,0,1,0,14,14,0,0,0,1670.7317073170732
0,1,0,0,0,0,0,0,0,0,0,0,1,0,0,0,0,0,0,1,0,0,0,1,45.0,0,2023,1,0,0,13,14,1,1,0,1388.888888888889
1,0,0,0,0,0,0,0,0,0,0,0,0,0,0,0,0,0,0,0,0,0,0,1,28.6,0,1960,1,0,0,3,3,0,0,0,1503.4965034965035
1,0,0,0,0,0,0,0,0,0,0,0,0,0,0,0,0,0,0,0,0,0,0,4,125.0,0,2020,0,1,0,11,14,0,0,0,1960.0
1,0,0,0,0,0,0,0,0,0,0,0,0,0,0,0,0,0,1,0,0,0,0,3,69.0,0,2023,0,1,0,3,5,0,0,0,1869.5652173913043
0,1,0,0,0,0,0,0,0,0,0,1,0,0,0,0,0,0,1,0,0,0,0,3,100.0,0,2022,0,1,0,13,13,0,0,0,1650.0
0,1,0,0,0,0,0,0,0,0,0,0,1,0,0,0,0,0,1,0,0,0,0,3,80.0,0,2021,0,1,0,9,12,0,0,0,1600.0
0,1,0,0,0,0,0,0,0,0,0,1,0,0,0,0,0,0,0,1,0,0,0,1,58.0,0,2023,0,1,0,9,10,1,1,0,1224.1379310344828
0,1,0,0,0,0,0,0,0,0,0,0,0,0,1,0,0,0,0,0,1,0,0,4,118.0,0,2023,0,1,0,12,12,0,1,0,1500.0
0,1,0,0,0,0,0,0,0,0,0,0,1,0,0,0,0,0,1,0,0,0,0,2,70.0,0,2018,0,1,0,19,19,1,1,1,2564.285714285714
0,1,0,0,0,0,0,0,0,0,0,0,0,0,0,0,0,0,0,1,0,0,0,1,47.0,0,2023,0,1,0,13,13,0,0,0,936.1702127659574
0,1,0,0,0,0,0,0,0,0,0,1,0,0,0,0,0,0,0,1,0,0,0,3,120.0,0,2024,1,0,0,6,15,1,0,0,1800.0
0,1,0,0,0,0,0,0,0,0,0,0,0,0,0,0,0,0,0,1,0,0,0,2,76.0,0,2023,1,0,0,5,14,0,0,0,1223.6842105263158
0,1,0,0,0,0,0,0,0,0,0,1,0,0,0,0,0,0,0,1,0,0,0,1,42.0,0,2021,0,1,0,9,14,0,1,1,1511.904761904762
0,1,0,0,0,0,0,0,0,0,0,0,1,0,0,0,0,0,0,0,1,0,0,2,68.8,0,2023,1,0,0,2,9,0,0,0,1802.325581395349
0,1,0,0,0,0,0,0,0,0,0,0,1,0,0,0,0,0,0,0,1,0,0,2,96.0,1,2023,1,0,0,4,9,0,0,0,1375.0
0,1,0,0,0,0,0,0,0,0,0,0,1,0,0,0,0,0,1,0,0,0,0,1,40.0,1,2020,1,0,0,3,7,0,0,0,1650.0
0,1,0,0,0,0,0,0,0,0,0,0,1,0,0,0,0,0,1,0,0,0,0,2,48.0,0,2023,1,0,0,2,9,0,0,0,1291.6666666666667
0,1,0,0,0,0,0,0,0,0,0,0,0,1,0,0,0,0,0,1,0,0,0,1,43.4,0,2026,0,1,0,5,15,1,0,0,1025.3456221198157
1,0,0,0,0,0,0,0,0,0,0,0,1,0,0,0,0,0,1,0,0,0,0,5,90.0,0,1980,1,0,0,3,4,0,1,1,1711.111111111111
0,1,0,0,0,0,0,0,0,0,0,0,0,1,0,0,0,0,0,1,0,0,0,4,179.0,0,2016,0,1,0,13,15,1,1,1,1731.8435754189943
0,1,0,0,0,0,0,0,0,0,0,0,1,0,0,0,0,0,1,0,0,0,0,3,102.0,0,2020,0,1,0,6,9,0,1,0,1500.0
0,0,0,0,1,0,0,0,0,0,0,0,0,0,0,0,0,0,0,0,1,0,0,2,47.6,0,1975,0,0,1,4,4,0,0,0,1554.6218487394958
1,0,0,0,0,0,0,0,0,0,0,0,1,0,0,0,0,0,0,0,1,0,0,2,42.0,0,2019,1,0,0,5,5,0,0,0,1821.4285714285713
1,0,0,0,0,0,0,0,0,0,0,0,1,0,0,0,0,0,1,0,0,0,0,1,33.0,0,1975,1,0,0,3,4,0,1,1,1884.8484848484848
0,1,0,0,0,0,0,0,0,0,0,0,0,1,0,0,0,0,0,0,1,0,0,3,100.0,0,2023,0,1,0,5,14,0,0,0,1770.0
0,0,0,0,0,0,1,0,0,0,0,0,1,0,0,0,0,0,0,0,1,0,0,2,61.0,0,1987,0,0,1,8,9,0,0,0,1586.8852459016393
0,1,0,0,0,0,0,0,0,0,0,1,0,0,0,0,0,0,0,1,0,0,0,1,59.0,0,2025,0,1,0,11,14,0,0,0,1381.3559322033898
0,1,0,0,0,0,0,0,0,0,0,0,1,0,0,0,0,0,0,1,0,0,0,3,83.0,0,2026,0,1,0,7,14,1,0,0,870.0
0,1,0,0,0,0,0,0,0,0,0,0,1,0,0,0,0,0,1,0,0,0,0,2,77.0,0,2024,1,0,0,11,12,0,1,0,1623.3766233766235
0,0,1,0,0,0,0,0,0,0,0,0,0,0,1,0,0,0,0,0,1,0,0,1,45.0,0,2016,0,0,1,6,9,0,1,1,1304.4444444444443
0,1,0,0,0,0,0,0,0,0,0,1,0,0,0,0,0,0,0,1,0,0,0,1,42.0,0,2023,0,1,0,12,14,0,0,0,1154.7619047619048
1,0,0,0,0,0,0,0,0,0,0,0,1,0,0,0,0,0,1,0,0,0,0,2,48.8,0,2019,0,1,0,6,17,0,0,1,1895.4918032786886
0,0,0,0,0,0,1,0,0,0,0,0,1,0,0,0,0,0,1,0,0,0,0,3,71.5,1,2025,0,0,1,5,5,0,1,1,1678.3216783216783
0,0,0,0,0,1,0,0,0,0,0,1,0,0,0,0,0,0,1,0,0,0,0,2,45.0,0,2024,0,1,0,6,9,0,0,0,1455.5555555555557
0,0,0,0,1,0,0,0,0,0,0,0,1,0,0,0,0,0,0,0,1,0,0,2,43.0,0,1975,0,0,1,1,4,0,0,0,1837.2093023255813
0,1,0,0,0,0,0,0,0,0,0,0,0,1,0,0,0,0,0,1,0,0,0,1,44.63,0,2025,0,1,0,2,9,0,0,0,952.2742549854357
0,0,1,0,0,0,0,0,0,0,0,0,0,0,0,0,0,0,0,0,0,0,0,2,52.0,0,1990,0,0,1,8,9,0,0,0,1788.4615384615386
0,0,0,0,0,0,1,0,0,0,0,0,1,0,0,0,0,0,1,0,0,0,0,3,64.0,1,1987,0,0,1,1,4,0,1,1,1609.375
0,1,0,0,0,0,0,0,0,0,0,0,1,0,0,0,0,0,1,0,0,0,0,1,48.0,0,2020,0,1,0,7,10,1,0,0,1718.75
0,1,0,0,0,0,0,0,0,0,0,0,1,0,0,0,0,0,0,1,0,0,0,1,60.0,1,2023,1,0,0,2,12,0,1,0,1750.0
0,1,0,0,0,0,0,0,0,0,0,0,1,0,0,0,0,0,0,0,1,0,0,2,71.0,0,2018,0,1,0,8,9,0,0,0,1264.7887323943662
0,1,0,0,0,0,0,0,0,0,0,0,1,0,0,0,0,0,1,0,0,0,0,1,48.0,1,2021,0,1,0,12,13,0,0,0,1297.9166666666667
1,0,0,0,0,0,0,0,0,0,0,0,0,0,0,0,0,0,0,0,0,0,0,1,52.0,0,2023,1,0,0,9,12,0,0,0,1634.6153846153845
1,0,0,0,0,0,0,0,0,0,0,1,0,0,0,0,0,0,1,0,0,0,0,2,77.0,0,2019,0,1,0,9,12,1,0,0,1714.2857142857142
0,0,0,0,1,0,0,0,0,0,0,0,1,0,0,0,0,0,0,0,0,1,0,1,32.0,0,1975,0,0,1,3,4,0,0,0,1625.0
0,0,0,0,0,0,1,0,0,0,0,0,1,0,0,0,0,0,0,0,0,1,0,3,62.0,0,1985,1,0,0,9,9,0,1,0,1185.483870967742
0,1,0,0,0,0,0,0,0,0,0,0,1,0,0,0,0,0,1,0,0,0,0,1,50.0,0,2016,0,1,0,10,10,1,1,0,1440.0
0,1,0,0,0,0,0,0,0,0,0,0,1,0,0,0,0,0,0,1,0,0,0,1,49.73,0,2022,0,1,0,16,16,0,0,0,1085.863663784436
0,1,0,0,0,0,0,0,0,0,0,1,0,0,0,0,0,0,1,0,0,0,0,3,113.0,0,2022,0,1,0,10,12,0,0,0,2300.8849557522126
0,1,0,0,0,0,0,0,0,0,0,0,1,0,0,0,0,0,0,1,0,0,0,2,61.0,0,2025,0,1,0,15,16,0,0,1,1500.0
0,1,0,0,0,0,0,0,0,0,0,0,0,1,0,0,0,0,1,0,0,0,0,1,55.0,0,2022,0,1,0,3,10,1,1,0,2181.818181818182
0,1,0,0,0,0,0,0,0,0,0,0,1,0,0,0,0,0,1,0,0,0,0,2,68.0,0,2023,0,1,0,1,12,0,1,1,1845.5882352941176
0,1,0,0,0,0,0,0,0,0,0,0,1,0,0,0,0,0,0,1,0,0,0,3,103.0,0,2023,0,1,0,7,10,0,1,1,1533.9805825242718
0,1,0,0,0,0,0,0,0,0,0,0,1,0,0,0,0,0,0,1,0,0,0,3,127.0,1,2024,0,1,0,8,10,1,0,0,1555.1181102362204
0,1,0,0,0,0,0,0,0,0,0,1,0,0,0,0,0,0,0,1,0,0,0,2,73.2,0,2025,0,1,0,3,12,0,0,0,969.9453551912568
1,0,0,0,0,0,0,0,0,0,0,1,0,0,0,0,0,0,0,0,1,0,0,1,33.0,0,2019,1,0,0,1,5,0,1,1,1424.2424242424242
0,1,0,0,0,0,0,0,0,0,0,1,0,0,0,0,0,0,0,0,1,0,0,1,57.0,0,2023,1,0,0,6,17,0,1,1,1254.3859649122808
0,0,0,0,1,0,0,0,0,0,0,0,1,0,0,0,0,0,0,0,1,0,0,3,58.0,0,1975,0,0,1,4,4,0,1,0,1439.655172413793
0,0,1,0,0,0,0,0,0,0,0,0,1,0,0,0,0,0,0,0,0,1,0,2,52.0,1,1992,0,0,1,7,9,0,1,1,1490.3846153846155
0,1,0,0,0,0,0,0,0,0,0,1,0,0,0,0,0,0,0,0,0,0,1,1,42.0,0,2025,0,1,0,10,12,1,0,0,1119.047619047619
0,1,0,0,0,0,0,0,0,0,0,1,0,0,0,0,0,0,0,1,0,0,0,2,70.0,0,2022,0,1,0,7,12,0,0,0,1307.142857142857
0,1,0,0,0,0,0,0,0,0,0,1,0,0,0,0,0,0,0,1,0,0,0,1,62.0,1,2025,1,0,0,7,16,0,0,0,1306.4516129032259
0,0,1,0,0,0,0,0,0,0,0,0,1,0,0,0,0,0,1,0,0,0,0,2,60.0,0,1990,0,0,1,3,9,0,1,1,1458.3166666666666
0,1,0,0,0,0,0,0,0,0,0,0,1,0,0,0,0,0,0,1,0,0,0,1,49.0,1,2024,0,1,0,7,15,0,0,0,1295.0
0,0,0,0,0,1,0,0,0,0,0,0,0,0,0,0,0,0,0,1,0,0,0,1,48.1,1,2023,0,0,1,8,9,0,0,0,1200.0
0,1,0,0,0,0,0,0,0,0,0,1,0,0,0,0,0,0,0,1,0,0,0,1,41.0,0,2024,0,1,0,12,14,1,0,0,1182.9268292682927
0,1,0,0,0,0,0,0,0,0,0,0,1,0,0,0,0,0,0,1,0,0,0,2,45.0,0,2017,0,1,0,9,14,1,0,0,977.7777777777778
0,0,1,0,0,0,0,0,0,0,0,0,1,0,0,0,0,0,1,0,0,0,0,2,55.0,0,1992,0,0,1,4,9,0,1,0,1636.3636363636363
0,0,0,1,0,0,0,0,0,0,0,0,1,0,0,0,0,0,0,0,0,1,0,1,29.0,0,1976,1,0,0,3,3,0,1,1,1775.8620689655172
0,1,0,0,0,0,0,0,0,0,0,1,0,0,0,0,0,0,0,1,0,0,0,3,108.0,0,2025,1,0,0,11,14,0,0,0,1152.7777777777778
1,0,0,0,0,0,0,0,0,0,0,0,0,0,0,0,0,0,0,0,0,0,0,3,88.0,0,2020,0,1,0,3,10,0,0,0,1772.7272727272727
0,1,0,0,0,0,0,0,0,0,0,1,0,0,0,0,0,0,1,0,0,0,0,3,105.0,0,2021,0,1,0,5,14,0,0,0,2428.5714285714284
0,1,0,0,0,0,0,0,0,0,0,1,0,0,0,0,0,0,0,1,0,0,0,1,40.0,0,2024,0,1,0,8,13,0,0,0,1198.25
0,0,0,0,0,0,1,0,0,0,0,0,1,0,0,0,0,0,1,0,0,0,0,1,34.0,0,2012,0,0,1,7,9,0,1,1,1748.5
0,1,0,0,0,0,0,0,0,0,0,1,0,0,0,0,0,0,0,1,0,0,0,3,140.0,0,2022,0,1,0,6,14,0,0,0,842.8571428571429
0,1,0,0,0,0,0,0,0,0,0,1,0,0,0,0,0,0,0,1,0,0,0,2,70.0,0,2024,0,1,0,4,10,0,0,0,1350.0
0,1,0,0,0,0,0,0,0,0,0,1,0,0,0,0,0,0,0,0,0,0,1,3,60.2,0,2023,1,0,0,3,9,0,0,0,1550.0
0,1,0,0,0,0,0,0,0,0,0,0,0,0,0,0,0,0,0,1,0,0,0,3,72.0,0,2024,0,1,0,3,5,0,0,0,777.7777777777778
0,1,0,0,0,0,0,0,0,0,0,1,0,0,0,0,0,0,0,1,0,0,0,4,158.29,0,2021,0,1,0,4,14,0,0,0,1168.7409185671868
0,1,0,0,0,0,0,0,0,0,0,1,0,0,0,0,0,0,1,0,0,0,0,2,69.0,1,2021,0,1,0,12,14,0,0,0,1985.5072463768115
0,1,0,0,0,0,0,0,0,0,0,1,0,0,0,0,0,0,0,1,0,0,0,1,39.0,0,2024,0,1,0,3,9,1,0,0,1115.3846153846155
0,1,0,0,0,0,0,0,0,0,0,1,0,0,0,0,0,0,0,1,0,0,0,1,59.0,0,2025,0,1,0,11,14,0,0,0,1415.2542372881355
0,1,0,0,0,0,0,0,0,0,0,1,0,0,0,0,0,0,0,1,0,0,0,2,85.27,0,2024,0,1,0,12,12,0,0,0,1131.6993080802158
0,1,0,0,0,0,0,0,0,0,0,0,1,0,0,0,0,0,1,0,0,0,0,3,100.0,0,2015,0,1,0,9,10,0,1,0,1800.0
0,1,0,0,0,0,0,0,0,0,0,0,1,0,0,0,0,0,0,1,0,0,0,3,92.0,1,2025,0,1,0,12,12,1,0,0,1100.0
0,1,0,0,0,0,0,0,0,0,0,0,1,0,0,0,0,0,1,0,0,0,0,2,65.0,0,2020,0,1,0,8,14,0,0,0,1307.6923076923076
0,1,0,0,0,0,0,0,0,0,0,0,1,0,0,0,0,0,1,0,0,0,0,2,76.0,0,2021,0,1,0,10,10,1,1,0,2276.315789473684
0,1,0,0,0,0,0,0,0,0,0,0,1,0,0,0,0,0,1,0,0,0,0,2,72.0,0,2020,0,1,0,11,12,0,0,0,1736.111111111111
0,0,1,0,0,0,0,0,0,0,0,0,1,0,0,0,0,0,1,0,0,0,0,1,49.0,1,1992,0,0,1,3,9,1,1,1,1193.8775510204082
0,0,1,0,0,0,0,0,0,0,0,1,0,0,0,0,0,0,1,0,0,0,0,2,68.0,0,2016,0,0,1,8,9,0,0,0,1220.5882352941176
0,1,0,0,0,0,0,0,0,0,0,0,0,0,0,0,0,0,0,1,0,0,0,2,101.0,0,2022,0,1,0,2,8,0,0,0,2580.0
0,1,0,0,0,0,0,0,0,0,0,0,0,1,0,0,0,0,0,1,0,0,0,1,37.0,0,2023,0,1,0,2,9,0,0,0,1337.837837837838
1,0,0,0,0,0,0,0,0,0,0,0,0,0,0,0,0,0,0,0,0,0,0,2,110.76,0,2022,1,0,0,2,10,0,0,0,1291.0798122065728
0,1,0,0,0,0,0,0,0,0,0,1,0,0,0,0,0,0,0,1,0,0,0,1,39.0,1,2025,0,1,0,3,14,1,0,0,1346.1538461538462
1,0,0,0,0,0,0,0,0,0,0,0,0,0,0,0,0,0,0,0,0,0,0,2,105.0,0,2022,1,0,0,2,10,0,0,0,1352.3809523809523
0,1,0,0,0,0,0,0,0,0,0,1,0,0,0,0,0,0,1,0,0,0,0,2,80.0,0,2021,0,1,0,5,14,0,0,0,1600.0
0,1,0,0,0,0,0,0,0,0,0,1,0,0,0,0,0,0,0,1,0,0,0,2,81.0,0,2023,0,1,0,6,17,1,0,0,900.0
0,1,0,0,0,0,0,0,0,0,0,1,0,0,0,0,0,0,1,0,0,0,0,3,101.0,0,2019,0,1,0,8,13,0,0,0,1326.7326732673268
1,0,0,0,0,0,0,0,0,0,0,0,0,0,0,0,0,0,0,0,0,0,0,3,74.78,0,2026,1,0,0,11,15,0,0,0,982.883123829901
0,1,0,0,0,0,0,0,0,0,0,0,0,0,1,0,0,0,1,0,0,0,0,3,100.0,0,2023,0,1,0,7,9,1,1,1,1950.0
0,1,0,0,0,0,0,0,0,0,0,1,0,0,0,0,0,0,1,0,0,0,0,1,43.0,1,2023,0,1,0,4,9,0,0,0,1732.5581395348838
0,1,0,0,0,0,0,0,0,0,0,0,0,1,0,0,0,0,1,0,0,0,0,5,39.0,0,2023,0,1,0,5,5,0,0,0,1487.179487179487
0,0,0,0,1,0,0,0,0,0,0,0,1,0,0,0,0,0,1,0,0,0,0,2,43.0,0,1975,0,0,1,3,4,0,1,0,1732.5581395348838
0,1,0,0,0,0,0,0,0,0,0,0,1,0,0,0,0,0,1,0,0,0,0,1,43.0,0,2022,0,1,0,12,12,0,0,0,1744.1860465116279
0,1,0,0,0,0,0,0,0,0,0,1,0,0,0,0,0,0,0,1,0,0,0,2,64.19,1,2025,0,1,0,14,14,0,0,0,1106.0912914784235
0,1,0,0,0,0,0,0,0,0,0,1,0,0,0,0,0,0,1,0,0,0,0,3,38.0,0,2018,0,1,0,5,10,0,0,0,1710.5263157894738
0,1,0,0,0,0,0,0,0,0,0,1,0,0,0,0,0,0,0,1,0,0,0,3,119.0,0,2024,1,0,0,3,15,1,0,0,1690.0
0,1,0,0,0,0,0,0,0,0,0,1,0,0,0,0,0,0,1,0,0,0,0,2,76.8,0,2024,0,1,0,10,15,0,0,0,1536.4583333333335
1,0,0,0,0,0,0,0,0,0,0,0,0,0,0,0,1,0,0,0,0,1,0,3,66.2,0,1960,1,0,0,1,1,1,1,0,959.214501510574
0,1,0,0,0,0,0,0,0,0,0,0,1,0,0,0,0,0,1,0,0,0,0,2,67.0,0,2020,0,0,1,10,10,1,1,1,1716.4179104477612
0,1,0,0,0,0,0,0,0,0,0,1,0,0,0,0,0,0,0,1,0,0,0,2,67.0,0,2022,0,1,0,13,14,0,0,0,1022.3880597014926
0,1,0,0,0,0,0,0,0,0,0,1,0,0,0,0,0,0,1,0,0,0,0,1,42.0,0,2023,0,1,0,9,14,1,1,1,1642.857142857143
0,1,0,0,0,0,0,0,0,0,0,0,1,0,0,0,0,0,0,0,1,0,0,1,48.0,0,2023,0,0,1,5,9,0,0,0,1458.3333333333333
0,1,0,0,0,0,0,0,0,0,0,0,0,0,0,0,0,0,1,0,0,0,0,2,52.0,0,2023,0,1,0,2,9,0,0,0,1509.6153846153845
0,0,0,0,0,0,1,0,0,0,0,0,0,0,0,0,0,0,1,0,0,0,0,1,35.0,0,1987,0,0,1,4,9,0,0,0,1828.5714285714287
0,1,0,0,0,0,0,0,0,0,0,1,0,0,0,0,0,0,0,1,0,0,0,4,138.0,0,2022,0,1,0,8,14,0,0,0,1250.0
0,1,0,0,0,0,0,0,0,0,0,1,0,0,0,0,0,0,1,0,0,0,0,4,126.0,1,2021,0,1,0,4,14,0,0,0,2142.8571428571427
0,1,0,0,0,0,0,0,0,0,0,1,0,0,0,0,0,0,0,1,0,0,0,3,74.17,1,2024,1,0,0,5,5,1,0,0,1038.1555885128757
0,1,0,0,0,0,0,0,0,0,0,1,0,0,0,0,0,0,0,1,0,0,0,3,102.0,0,2023,0,1,0,13,14,0,0,0,745.0980392156863
0,1,0,0,0,0,0,0,0,0,0,0,1,0,0,0,0,0,1,0,0,0,0,2,65.0,0,2023,0,1,0,4,10,0,0,0,1330.7692307692307
0,1,0,0,0,0,0,0,0,0,0,0,1,0,0,0,0,0,1,0,0,0,0,1,58.0,0,2023,0,1,0,4,12,1,0,1,1000.0
0,1,0,0,0,0,0,0,0,0,0,1,0,0,0,0,0,0,0,1,0,0,0,2,59.0,0,2022,0,1,0,11,16,0,0,0,1194.915254237288
1,0,0,0,0,0,0,0,0,0,0,0,0,0,0,0,0,0,0,0,0,0,0,3,109.0,0,2012,1,0,0,7,12,0,0,0,1458.7155963302753
0,1,0,0,0,0,0,0,0,0,0,0,0,1,0,0,0,0,0,1,0,0,0,2,73.0,0,2024,0,1,0,7,12,0,0,0,1100.0
0,1,0,0,0,0,0,0,0,0,0,1,0,0,0,0,0,0,1,0,0,0,0,2,45.0,0,2023,0,1,0,13,14,1,0,0,1755.5555555555557
0,1,0,0,0,0,0,0,0,0,0,0,1,0,0,0,0,0,1,0,0,0,0,2,60.0,0,2016,0,1,0,2,11,0,0,0,1691.6666666666667
0,1,0,0,0,0,0,0,0,0,0,0,1,0,0,0,0,0,1,0,0,0,0,1,46.0,0,2022,1,0,0,9,11,0,1,1,1845.6521739130435
0,1,0,0,0,0,0,0,0,0,0,1,0,0,0,0,0,0,0,1,0,0,0,2,71.0,0,2023,0,1,0,13,14,0,0,0,1009.8591549295775
0,1,0,0,0,0,0,0,0,0,0,0,0,1,0,0,0,0,1,0,0,0,0,1,48.0,0,2021,0,0,1,1,10,0,0,0,1312.5
1,0,0,0,0,0,0,0,0,0,0,0,0,0,0,1,0,0,0,1,0,0,0,4,289.3,0,2022,1,0,0,1,3,1,1,1,1209.8167991704113
0,1,0,0,0,0,0,0,0,0,0,0,0,1,0,0,0,0,1,0,0,0,0,3,70.0,0,2020,0,1,0,8,10,0,0,0,1528.5714285714287
0,1,0,0,0,0,0,0,0,0,0,0,1,0,0,0,0,0,0,1,0,0,0,1,49.0,1,2025,0,1,0,11,13,1,0,1,1285.7142857142858
0,1,0,0,0,0,0,0,0,0,0,0,1,0,0,0,0,0,1,0,0,0,0,4,146.0,0,2020,0,1,0,8,14,0,0,0,1917.8082191780823
0,0,1,0,0,0,0,0,0,0,0,0,0,0,1,0,0,0,0,0,1,0,0,2,72.0,0,1992,0,0,1,1,9,0,1,0,1270.8333333333333
0,1,0,0,0,0,0,0,0,0,0,1,0,0,0,0,0,0,0,1,0,0,0,1,38.0,0,2024,1,0,0,2,9,0,0,0,1302.6315789473683
0,1,0,0,0,0,0,0,0,0,0,0,1,0,0,0,0,0,1,0,0,0,0,4,160.0,0,2010,1,0,0,4,7,1,1,1,2281.25
0,1,0,0,0,0,0,0,0,0,0,0,0,0,0,0,0,0,0,1,0,0,0,2,69.0,0,2023,1,0,0,4,14,0,0,0,1000.0
0,1,0,0,0,0,0,0,0,0,0,0,1,0,0,0,0,0,0,0,1,0,0,2,49.0,0,2017,0,1,0,3,8,0,0,0,1530.6122448979593
0,1,0,0,0,0,0,0,0,0,0,1,0,0,0,0,0,0,0,1,0,0,0,2,70.0,0,2022,0,1,0,8,12,1,0,0,1285.7142857142858
0,1,0,0,0,0,0,0,0,0,0,0,1,0,0,0,0,0,0,1,0,0,0,2,58.0,1,2023,0,1,0,4,12,0,0,0,1094.8275862068965
0,1,0,0,0,0,0,0,0,0,0,0,0,1,0,0,0,0,0,1,0,0,0,1,63.46,0,2023,0,1,0,3,16,1,0,0,992.7513394264104
0,1,0,0,0,0,0,0,0,0,0,0,1,0,0,0,0,0,1,0,0,0,0,1,42.0,0,2023,0,1,0,2,13,0,0,0,1750.0
0,1,0,0,0,0,0,0,0,0,0,1,0,0,0,0,0,0,0,1,0,0,0,2,72.0,0,2023,0,1,0,7,14,0,0,0,1222.2222222222222
0,1,0,0,0,0,0,0,0,0,0,0,0,0,1,0,0,0,1,0,0,0,0,3,160.0,0,2023,1,0,0,7,7,0,1,0,1531.25
0,1,0,0,0,0,0,0,0,0,0,1,0,0,0,0,0,0,0,1,0,0,0,1,52.2,0,2027,0,1,0,9,14,1,0,0,1300.0
0,1,0,0,0,0,0,0,0,0,0,1,0,0,0,0,0,0,1,0,0,0,0,1,36.0,0,2018,0,1,0,5,11,0,1,1,1652.7777777777778
0,1,0,0,0,0,0,0,0,0,0,1,0,0,0,0,0,0,0,1,0,0,0,3,73.5,0,2023,0,1,0,5,12,0,0,0,1115.6462585034014
0,1,0,0,0,0,0,0,0,0,0,1,0,0,0,0,0,0,1,0,0,0,0,2,71.5,1,2024,0,1,0,12,12,0,0,0,1314.6853146853148
0,1,0,0,0,0,0,0,0,0,0,0,1,0,0,0,0,0,1,0,0,0,0,2,56.0,1,2021,0,1,0,4,7,1,1,1,1464.2857142857142
0,0,0,0,0,0,1,0,0,0,0,0,1,0,0,0,0,0,0,0,1,0,0,3,68.0,0,1993,0,0,1,4,9,0,1,1,1397.0588235294117
0,0,0,0,0,0,1,0,0,0,0,0,1,0,0,0,0,0,1,0,0,0,0,2,48.0,1,1995,0,0,1,5,5,0,0,0,1500.0
0,1,0,0,0,0,0,0,0,0,0,1,0,0,0,0,0,0,0,1,0,0,0,3,100.17,0,2022,0,1,0,12,15,0,0,0,853.5489667565139
0,1,0,0,0,0,0,0,0,0,0,0,1,0,0,0,0,0,0,1,0,0,0,2,87.96,0,2023,0,1,0,6,12,0,0,0,1300.5911778080947
1,0,0,0,0,0,0,0,0,0,0,0,1,0,0,0,0,0,0,0,1,0,0,4,76.0,0,2019,0,0,1,5,5,0,1,1,1223.6842105263158
0,0,1,0,0,0,0,0,0,0,0,0,1,0,0,0,0,0,1,0,0,0,0,3,78.5,0,1992,0,0,1,3,9,1,1,1,1337.5796178343949
1,0,0,0,0,0,0,0,0,0,0,0,0,0,0,0,0,0,0,0,0,0,0,3,120.0,0,2018,0,1,0,9,12,0,0,0,1458.3333333333333
0,1,0,0,0,0,0,0,0,0,0,1,0,0,0,0,0,0,0,1,0,0,0,2,59.0,0,2026,0,1,0,3,12,0,0,0,1237.2881355932204
1,0,0,0,0,0,0,0,0,0,0,0,0,0,0,0,0,0,0,0,0,0,0,1,51.0,0,2016,1,0,0,10,12,0,0,0,1078.4313725490197
0,1,0,0,0,0,0,0,0,0,0,0,1,0,0,0,0,0,0,0,0,0,1,2,63.0,0,2024,0,1,0,12,14,0,0,0,1365.079365079365
0,1,0,0,0,0,0,0,0,0,0,0,0,0,0,0,0,0,1,0,0,0,0,3,107.0,1,2023,0,1,0,9,12,0,0,0,1682.2429906542056
0,1,0,0,0,0,0,0,0,0,0,0,1,0,0,0,0,0,1,0,0,0,0,3,84.0,0,2024,0,1,0,3,14,1,0,0,1565.4761904761904
0,1,0,0,0,0,0,0,0,0,0,0,0,0,0,0,0,0,0,1,0,0,0,2,75.0,0,2025,0,1,0,5,10,0,0,0,1750.0
0,1,0,0,0,0,0,0,0,0,0,1,0,0,0,0,0,0,0,1,0,0,0,1,53.8,0,2023,0,1,0,5,9,1,0,0,1171.003717472119
0,1,0,0,0,0,0,0,0,0,0,1,0,0,0,0,0,0,1,0,0,0,0,1,53.3,1,2023,0,1,0,7,16,1,1,0,1407.1294559099438
0,0,1,0,0,0,0,0,0,0,0,0,1,0,0,0,0,0,1,0,0,0,0,3,65.0,0,1990,0,0,1,2,9,0,1,1,1492.3076923076924
0,1,0,0,0,0,0,0,0,0,0,0,1,0,0,0,0,0,0,0,0,1,0,3,82.0,0,2020,0,1,0,9,14,0,0,0,1597.560975609756
0,1,0,0,0,0,0,0,0,0,0,0,1,0,0,0,0,0,1,0,0,0,0,2,59.0,0,2023,0,1,0,14,16,0,0,0,1474.5762711864406
0,0,0,0,0,0,1,0,0,0,0,0,1,0,0,0,0,0,1,0,0,0,0,1,45.0,0,2025,0,0,1,7,9,0,0,0,1533.3333333333333
0,1,0,0,0,0,0,0,0,0,0,0,1,0,0,0,0,0,1,0,0,0,0,1,38.0,0,2023,0,1,0,2,12,0,0,0,1578.9473684210527
0,1,0,0,0,0,0,0,0,0,0,0,1,0,0,0,0,0,1,0,0,0,0,3,84.0,0,2014,1,0,0,10,10,1,1,0,1464.2857142857142
0,1,0,0,0,0,0,0,0,0,0,1,0,0,0,0,0,0,0,1,0,0,0,2,87.01,0,2023,1,0,0,10,12,1,0,0,950.0057464659234
0,1,0,0,0,0,0,0,0,0,0,0,1,0,0,0,0,0,0,1,0,0,0,2,77.0,0,2023,1,0,0,11,15,0,0,0,1285.7142857142858
0,1,0,0,0,0,0,0,0,0,0,0,0,0,0,0,0,0,0,1,0,0,0,2,80.0,0,2025,0,1,0,9,10,0,0,0,1800.0
0,1,0,0,0,0,0,0,0,0,0,1,0,0,0,0,0,0,1,0,0,0,0,1,40.0,1,2023,0,1,0,5,9,0,0,0,1389.75
0,1,0,0,0,0,0,0,0,0,0,1,0,0,0,0,0,0,0,0,1,0,0,2,67.0,0,2020,0,1,0,13,13,1,1,0,1268.6567164179105
0,1,0,0,0,0,0,0,0,0,0,1,0,0,0,0,0,0,0,1,0,0,0,3,92.0,0,2025,0,1,0,4,10,0,0,0,858.695652173913
0,1,0,0,0,0,0,0,0,0,0,0,1,0,0,0,0,0,1,0,0,0,0,2,77.3,0,2018,0,1,0,12,15,0,0,0,1002.5873221216042
0,1,0,0,0,0,0,0,0,0,0,0,1,0,0,0,0,0,0,1,0,0,0,2,88.0,1,2025,0,1,0,6,22,1,0,0,2150.0
0,1,0,0,0,0,0,0,0,0,0,0,1,0,0,0,0,0,0,1,0,0,0,1,58.0,0,2022,1,0,0,8,16,0,0,0,1243.103448275862
0,1,0,0,0,0,0,0,0,0,0,1,0,0,0,0,0,0,0,1,0,0,0,3,134.88,1,2024,1,0,0,2,9,0,0,0,1379.9970344009491
0,0,1,0,0,0,0,0,0,0,0,0,0,0,1,0,0,0,0,0,1,0,0,2,53.0,0,2019,0,0,1,8,9,0,0,1,1254.7169811320755
0,1,0,0,0,0,0,0,0,0,0,0,1,0,0,0,0,0,1,0,0,0,0,3,114.0,0,2017,0,1,0,13,16,1,1,1,1640.3508771929824
0,1,0,0,0,0,0,0,0,0,0,1,0,0,0,0,0,0,0,1,0,0,0,1,44.0,0,2025,0,1,0,10,10,0,0,0,1159.090909090909
1,0,0,0,0,0,0,0,0,0,0,0,1,0,0,0,0,0,1,0,0,0,0,1,39.0,0,2022,1,0,0,5,5,1,1,0,1358.974358974359
0,1,0,0,0,0,0,0,0,0,0,1,0,0,0,0,0,0,1,0,0,0,0,2,90.0,0,2022,0,1,0,11,14,1,1,1,1855.5555555555557
0,1,0,0,0,0,0,0,0,0,0,0,0,1,0,0,0,0,1,0,0,0,0,6,239.0,0,2019,0,1,0,12,14,0,1,1,2029.2887029288702
1,0,0,0,0,0,0,0,0,0,0,0,0,0,0,0,0,0,0,0,0,0,0,1,46.0,0,2019,1,0,0,3,7,0,0,0,1597.8260869565217
0,1,0,0,0,0,0,0,0,0,0,1,0,0,0,0,0,0,0,1,0,0,0,4,148.0,0,2024,0,1,0,10,11,1,0,0,1400.0
0,0,1,0,0,0,0,0,0,0,0,0,0,0,1,0,0,0,0,0,1,0,0,1,35.0,0,1992,0,0,1,5,9,0,1,0,1800.0
1,0,0,0,0,0,0,0,0,0,0,0,0,0,0,0,0,0,0,0,0,0,0,6,213.8,0,2011,0,1,0,4,9,0,0,0,2245.0888681010288
0,0,0,0,1,0,0,0,0,0,0,0,1,0,0,0,0,0,0,0,0,1,0,1,39.0,0,1975,1,0,0,2,4,0,0,1,1589.7435897435898
0,0,0,0,0,0,1,0,0,0,0,0,1,0,0,0,0,0,0,0,1,0,0,1,34.0,1,1990,0,1,0,4,9,1,1,1,1735.2941176470588
0,1,0,0,0,0,0,0,0,0,0,0,1,0,0,0,0,0,1,0,0,0,0,2,84.0,0,2023,1,0,0,4,11,0,0,0,1761.904761904762
0,1,0,0,0,0,0,0,0,0,0,0,1,0,0,0,0,0,0,1,0,0,0,2,71.0,0,2024,0,1,0,5,14,0,0,0,1169.0140845070423
0,1,0,0,0,0,0,0,0,0,0,0,0,1,0,0,0,0,0,0,0,0,1,2,50.0,1,2025,1,0,0,7,12,0,0,0,1100.0
0,1,0,0,0,0,0,0,0,0,0,0,0,0,1,0,0,0,0,0,1,0,0,1,31.0,0,2023,1,0,0,2,3,1,1,1,1451.6129032258063
0,0,0,0,1,0,0,0,0,0,0,0,1,0,0,0,0,0,0,0,1,0,0,2,48.0,0,1975,0,0,1,5,5,0,1,0,1510.4166666666667
0,1,0,0,0,0,0,0,0,0,0,0,1,0,0,0,0,0,0,0,1,0,0,3,125.0,0,2019,0,1,0,5,12,0,0,0,1960.0
0,0,1,0,0,0,0,0,0,0,0,0,0,1,0,0,0,0,1,0,0,0,0,2,52.0,0,1992,1,0,0,8,9,0,1,0,1615.3846153846155
0,0,0,0,0,0,0,0,1,0,0,0,1,0,0,0,0,0,0,0,1,0,0,1,12.0,0,1965,1,0,0,5,5,0,1,1,2000.0
0,1,0,0,0,0,0,0,0,0,0,0,1,0,0,0,0,0,1,0,0,0,0,3,74.0,0,2023,1,0,0,9,9,0,1,0,1418.918918918919
1,0,0,0,0,0,0,0,0,0,0,1,0,0,0,0,0,0,0,0,0,0,1,1,56.0,1,2027,0,1,0,16,18,1,0,0,1130.0
0,1,0,0,0,0,0,0,0,0,0,0,1,0,0,0,0,0,0,1,0,0,0,2,72.6,0,2024,1,0,0,15,16,0,0,0,1239.6694214876034
0,1,0,0,0,0,0,0,0,0,0,1,0,0,0,0,0,0,1,0,0,0,0,2,75.0,0,2022,1,0,0,14,14,0,0,0,1653.3333333333333
0,1,0,0,0,0,0,0,0,0,0,1,0,0,0,0,0,0,0,1,0,0,0,3,108.0,0,2024,0,1,0,11,12,0,0,0,1120.3703703703704
0,1,0,0,0,0,0,0,0,0,0,1,0,0,0,0,0,0,0,1,0,0,0,2,64.0,0,2024,0,1,0,12,12,1,0,0,851.5625
0,1,0,0,0,0,0,0,0,0,0,0,1,0,0,0,0,0,1,0,0,0,0,3,85.0,1,2024,0,1,0,14,14,1,0,0,1458.8235294117646
0,0,0,1,0,0,0,0,0,0,0,0,0,0,0,0,0,0,1,0,0,0,0,2,41.0,1,1967,1,0,0,3,3,0,1,1,1670.7317073170732
1,0,0,0,0,0,0,0,0,0,0,0,0,0,0,0,0,0,0,0,0,0,0,2,73.0,0,2025,0,1,0,9,12,0,0,0,958.9041095890411
0,1,0,0,0,0,0,0,0,0,0,1,0,0,0,0,0,0,0,1,0,0,0,3,97.3,0,2024,0,1,0,13,16,0,0,0,1048.3042137718396
0,1,0,0,0,0,0,0,0,0,0,0,1,0,0,0,0,0,0,1,0,0,0,3,112.0,0,2024,0,1,0,15,20,1,0,0,1200.0
0,1,0,0,0,0,0,0,0,0,0,0,0,1,0,0,0,0,0,1,0,0,0,2,78.7,0,2022,1,0,0,11,12,0,0,0,1143.5832274459974
0,1,0,0,0,0,0,0,0,0,0,1,0,0,0,0,0,0,0,1,0,0,0,4,96.0,0,2023,1,0,0,4,12,1,0,0,1114.5833333333333
0,1,0,0,0,0,0,0,0,0,0,1,0,0,0,0,0,0,0,1,0,0,0,2,92.0,0,2026,0,1,0,6,9,0,0,0,1527.1739130434783
1,0,0,0,0,0,0,0,0,0,0,0,0,0,1,0,0,0,0,0,0,1,0,4,186.0,0,2016,0,1,0,9,10,1,1,0,1048.3870967741937
0,0,0,0,0,0,1,0,0,0,0,0,0,0,0,0,0,0,0,0,0,0,0,2,52.0,0,1982,1,0,0,5,5,0,0,0,1586.5384615384614
1,0,0,0,0,0,0,0,0,0,0,0,0,0,0,0,0,0,0,0,0,0,0,3,110.6,0,2018,1,0,0,7,10,0,0,0,2305.605786618445
0,0,0,1,0,0,0,0,0,0,0,0,1,0,0,0,0,0,0,0,0,1,0,2,44.0,0,1967,1,0,0,3,4,0,1,1,1443.1818181818182
0,1,0,0,0,0,0,0,0,0,0,0,1,0,0,0,0,0,0,0,1,0,0,2,57.0,1,2014,0,1,0,7,10,1,1,0,1500.0
0,1,0,0,0,0,0,0,0,0,0,0,1,0,0,0,0,0,0,1,0,0,0,3,128.0,0,2024,0,1,0,3,13,0,0,0,2000.0
0,1,0,0,0,0,0,0,0,0,0,0,1,0,0,0,0,0,1,0,0,0,0,2,59.0,0,2023,0,1,0,13,16,0,0,0,1406.7796610169491
0,1,0,0,0,0,0,0,0,0,0,0,0,0,0,0,0,0,1,0,0,0,0,3,100.0,0,2023,1,0,0,5,15,1,0,0,1900.0
1,0,0,0,0,0,0,0,0,0,0,0,1,0,0,0,0,0,1,0,0,0,0,2,50.0,0,1980,1,0,0,1,5,0,1,1,1470.0
1,0,0,0,0,0,0,0,0,0,0,0,1,0,0,0,0,0,0,0,1,0,0,2,44.0,1,2004,0,0,1,0,9,0,0,1,1159.090909090909
1,0,0,0,0,0,0,0,0,0,0,0,1,0,0,0,0,0,0,0,1,0,0,2,47.0,0,1990,0,0,1,3,5,0,0,0,1255.3191489361702
0,1,0,0,0,0,0,0,0,0,0,1,0,0,0,0,0,0,1,0,0,0,0,2,75.0,0,2022,0,1,0,7,14,1,0,0,1560.0
0,1,0,0,0,0,0,0,0,0,0,0,0,1,0,0,0,0,1,0,0,0,0,2,54.0,0,2024,0,1,0,3,9,1,0,1,1350.0
0,1,0,0,0,0,0,0,0,0,0,1,0,0,0,0,0,0,1,0,0,0,0,2,74.0,0,2019,0,1,0,8,14,0,0,0,2094.5945945945946
0,1,0,0,0,0,0,0,0,0,0,0,1,0,0,0,0,0,0,1,0,0,0,2,55.0,0,2025,1,0,0,10,15,0,0,0,1076.3636363636363
0,1,0,0,0,0,0,0,0,0,0,1,0,0,0,0,0,0,0,1,0,0,0,2,52.0,0,2024,1,0,0,13,14,0,0,0,1211.5384615384614
0,0,0,0,1,0,0,0,0,0,0,0,0,0,0,0,0,0,0,0,0,0,0,3,60.0,0,1962,1,0,0,4,4,0,0,0,1516.6666666666667
0,1,0,0,0,0,0,0,0,0,0,0,1,0,0,0,0,0,0,1,0,0,0,2,67.0,0,2023,0,1,0,13,14,1,0,0,1044.7761194029852
0,1,0,0,0,0,0,0,0,0,0,0,1,0,0,0,0,0,0,1,0,0,0,3,133.0,0,2025,1,0,0,12,16,1,0,0,1203.0075187969924
0,1,0,0,0,0,0,0,0,0,0,0,0,0,0,0,0,0,0,1,0,0,0,4,152.0,0,2024,1,0,0,9,15,1,0,0,1700.0
0,1,0,0,0,0,0,0,0,0,0,0,1,0,0,0,0,0,0,1,0,0,0,3,104.0,0,2023,1,0,0,5,10,0,0,0,1700.0
0,1,0,0,0,0,0,0,0,0,0,0,0,0,0,0,0,0,0,1,0,0,0,3,92.0,0,2024,0,1,0,2,12,0,0,0,1028.2608695652175
0,0,0,0,1,0,0,0,0,0,0,0,1,0,0,0,0,0,0,0,1,0,0,3,62.0,0,1975,1,0,0,3,4,0,0,0,1322.5806451612902
1,0,0,0,0,0,0,0,0,0,0,0,1,0,0,0,0,0,0,0,0,1,0,2,52.0,0,2019,1,0,0,4,5,0,0,0,1115.3846153846155
0,1,0,0,0,0,0,0,0,0,0,0,1,0,0,0,0,0,1,0,0,0,0,2,99.0,1,2018,0,1,0,5,9,1,1,0,1212.121212121212
0,1,0,0,0,0,0,0,0,0,0,1,0,0,0,0,0,0,0,1,0,0,0,1,49.0,0,2025,0,1,0,11,12,0,0,0,1163.265306122449
0,0,0,0,0,1,0,0,0,0,0,1,0,0,0,0,0,0,1,0,0,0,0,3,97.5,0,2022,0,1,0,2,9,0,1,1,1589.7435897435898
0,1,0,0,0,0,0,0,0,0,0,0,0,1,0,0,0,0,1,0,0,0,0,2,79.0,1,2021,0,1,0,3,14,0,0,0,2250.0
0,1,0,0,0,0,0,0,0,0,0,0,1,0,0,0,0,0,0,1,0,0,0,2,71.0,0,2021,0,1,0,7,10,0,1,0,1084.5070422535211
0,1,0,0,0,0,0,0,0,0,0,1,0,0,0,0,0,0,0,1,0,0,0,1,49.7,0,2025,1,0,0,6,9,1,0,0,1350.0
0,0,1,0,0,0,0,0,0,0,0,0,1,0,0,0,0,0,0,0,1,0,0,4,96.0,0,1992,0,0,1,8,9,0,1,1,1458.3333333333333
0,1,0,0,0,0,0,0,0,0,0,0,0,0,0,0,0,0,1,0,0,0,0,2,45.0,0,2023,1,0,0,8,14,0,0,0,2088.8888888888887
0,1,0,0,0,0,0,0,0,0,0,1,0,0,0,0,0,0,1,0,0,0,0,2,63.0,0,2022,0,1,0,11,16,0,0,0,1753.968253968254
0,1,0,0,0,0,0,0,0,0,0,1,0,0,0,0,0,0,1,0,0,0,0,3,105.0,1,2022,0,1,0,4,16,1,0,0,2190.4761904761904
0,1,0,0,0,0,0,0,0,0,0,0,1,0,0,0,0,0,1,0,0,0,0,2,60.0,0,2023,0,1,0,13,13,1,1,0,1583.3333333333333
0,1,0,0,0,0,0,0,0,0,0,0,1,0,0,0,0,0,0,1,0,0,0,3,99.18,0,2025,0,1,0,13,16,1,0,0,1280.5001008267795
0,1,0,0,0,0,0,0,0,0,0,0,1,0,0,0,0,0,1,0,0,0,0,2,69.0,0,2016,1,0,0,6,10,1,1,0,1347.8260869565217
0,1,0,0,0,0,0,0,0,0,0,1,0,0,0,0,0,0,0,1,0,0,0,3,108.11,0,2024,0,1,0,11,12,0,0,0,1150.0046249190639
0,1,0,0,0,0,0,0,0,0,0,1,0,0,0,0,0,0,1,0,0,0,0,1,44.0,0,2023,0,1,0,2,13,0,0,0,1954.5454545454545
0,1,0,0,0,0,0,0,0,0,0,1,0,0,0,0,0,0,0,1,0,0,0,1,52.0,0,2022,0,1,0,8,10,1,0,0,848.0769230769231
0,1,0,0,0,0,0,0,0,0,0,0,1,0,0,0,0,0,1,0,0,0,0,4,128.0,0,2023,0,1,0,7,10,1,1,0,1835.9375
0,1,0,0,0,0,0,0,0,0,0,0,1,0,0,0,0,0,0,1,0,0,0,1,46.0,0,2023,0,1,0,13,14,0,0,0,1000.0
0,0,0,1,0,0,0,0,0,0,0,0,0,0,0,0,0,0,0,0,0,0,0,2,42.0,0,1960,1,0,0,2,4,0,0,0,1380.952380952381
0,1,0,0,0,0,0,0,0,0,0,1,0,0,0,0,0,0,0,1,0,0,0,2,70.0,0,2023,0,1,0,8,14,1,0,0,1028.5714285714287
0,0,0,0,1,0,0,0,0,0,0,0,1,0,0,0,0,0,0,0,1,0,0,3,58.0,1,1975,0,0,1,4,4,0,0,0,1413.7931034482758
1,0,0,0,0,0,0,0,0,0,0,0,1,0,0,0,0,0,0,0,1,0,0,2,65.0,0,2019,0,1,0,8,9,0,1,1,1661.5384615384614
0,1,0,0,0,0,0,0,0,0,0,1,0,0,0,0,0,0,1,0,0,0,0,1,40.0,0,2025,1,0,0,8,10,1,0,0,1400.0
0,0,0,1,0,0,0,0,0,0,0,0,1,0,0,0,0,0,1,0,0,0,0,2,40.0,0,1966,1,0,0,1,4,0,1,1,2125.0
0,0,1,0,0,0,0,0,0,0,0,0,1,0,0,0,0,0,1,0,0,0,0,1,35.0,1,2013,0,0,1,3,9,0,1,1,1657.142857142857
0,1,0,0,0,0,0,0,0,0,0,0,1,0,0,0,0,0,1,0,0,0,0,3,110.0,0,2017,0,1,0,11,12,0,0,0,1409.090909090909
0,1,0,0,0,0,0,0,0,0,0,0,1,0,0,0,0,0,0,1,0,0,0,3,100.0,0,2024,0,1,0,12,14,0,0,0,900.0
0,1,0,0,0,0,0,0,0,0,0,1,0,0,0,0,0,0,0,1,0,0,0,3,102.3,0,2025,1,0,0,2,4,1,0,0,2000.0
0,1,0,0,0,0,0,0,0,0,0,0,1,0,0,0,0,0,0,1,0,0,0,3,80.0,0,2023,0,1,0,8,10,0,0,0,1050.0
0,0,1,0,0,0,0,0,0,0,0,0,1,0,0,0,0,0,0,0,1,0,0,2,52.0,0,1992,0,0,1,8,9,0,1,1,1769.2307692307693
1,0,0,0,0,0,0,0,0,0,0,0,0,0,0,0,0,0,0,0,0,0,0,2,81.0,0,2024,0,1,0,4,12,0,0,0,1790.1234567901236
0,1,0,0,0,0,0,0,0,0,0,1,0,0,0,0,0,0,0,1,0,0,0,1,45.0,1,2024,0,1,0,2,15,1,0,0,1244.4222222222222
0,1,0,0,0,0,0,0,0,0,0,0,1,0,0,0,0,0,0,1,0,0,0,2,81.0,0,2025,0,1,0,14,16,0,0,0,1456.79012345679
0,1,0,0,0,0,0,0,0,0,0,0,1,0,0,0,0,0,0,1,0,0,0,2,80.0,0,2022,0,1,0,7,14,0,0,0,1400.0
0,1,0,0,0,0,0,0,0,0,0,0,0,0,0,0,0,0,1,0,0,0,0,2,73.0,0,2023,1,0,0,11,12,0,0,0,1438.3561643835617
0,1,0,0,0,0,0,0,0,0,0,0,0,1,0,0,0,0,1,0,0,0,0,2,74.0,0,2019,0,1,0,7,14,1,1,1,2837.837837837838
0,1,0,0,0,0,0,0,0,0,0,0,1,0,0,0,0,0,1,0,0,0,0,1,42.0,1,2012,1,0,0,2,9,0,0,0,2261.904761904762
0,1,0,0,0,0,0,0,0,0,0,0,1,0,0,0,0,0,1,0,0,0,0,2,83.0,0,2023,1,0,0,7,12,0,0,0,1777.1084337349398
1,0,0,0,0,0,0,0,0,0,0,0,0,0,0,0,0,0,0,0,0,0,0,3,101.0,0,2019,0,1,0,5,10,0,0,0,1435.6435643564357
0,1,0,0,0,0,0,0,0,0,0,0,1,0,0,0,0,0,0,1,0,0,0,1,50.0,0,2021,0,1,0,8,16,1,0,0,1340.0
0,0,0,0,0,0,1,0,0,0,0,0,1,0,0,0,0,0,1,0,0,0,0,5,96.0,0,1987,1,0,0,5,5,1,1,0,1500.5104166666667
0,1,0,0,0,0,0,0,0,0,0,0,1,0,0,0,0,0,1,0,0,0,0,3,98.0,0,2022,0,1,0,8,15,0,0,0,1790.8163265306123
1,0,0,0,0,0,0,0,0,0,0,0,0,0,0,0,0,0,0,0,0,0,0,1,47.0,0,2025,1,0,0,14,15,0,0,0,950.0
1,0,0,0,0,0,0,0,0,0,0,0,1,0,0,0,0,0,0,0,1,0,0,3,60.0,0,2019,1,0,0,4,5,0,0,0,1283.3333333333333
1,0,0,0,0,0,0,0,0,0,0,0,0,1,0,0,0,0,0,1,0,0,0,2,78.4,1,2026,0,1,0,12,17,1,1,1,1211.7346938775509
0,0,0,0,1,0,0,0,0,0,0,0,1,0,0,0,0,0,0,0,1,0,0,2,45.0,0,1975,0,0,1,2,4,0,0,0,1622.2222222222222
0,1,0,0,0,0,0,0,0,0,0,0,1,0,0,0,0,0,0,1,0,0,0,3,76.26,1,2025,0,1,0,7,16,0,0,0,1050.354051927616
0,1,0,0,0,0,0,0,0,0,0,0,0,1,0,0,0,0,0,1,0,0,0,4,154.0,0,2022,0,1,0,9,14,0,0,0,1318.1818181818182
0,1,0,0,0,0,0,0,0,0,0,0,1,0,0,0,0,0,0,1,0,0,0,1,50.0,0,2020,0,1,0,6,10,0,0,0,1350.0
1,0,0,0,0,0,0,0,0,0,0,0,1,0,0,0,0,0,0,0,0,1,0,2,50.0,0,1984,0,0,1,3,3,0,1,0,1120.0
0,1,0,0,0,0,0,0,0,0,0,0,1,0,0,0,0,0,1,0,0,0,0,3,108.0,1,2018,0,1,0,9,9,0,0,0,1481.4814814814815
0,1,0,0,0,0,0,0,0,0,0,0,1,0,0,0,0,0,0,0,1,0,0,1,39.0,0,2023,0,1,0,3,9,0,0,0,1730.7692307692307
0,1,0,0,0,0,0,0,0,0,0,0,1,0,0,0,0,0,0,1,0,0,0,4,217.0,0,2024,0,1,0,2,13,0,0,0,1843.3179723502303
0,1,0,0,0,0,0,0,0,0,0,1,0,0,0,0,0,0,1,0,0,0,0,1,37.5,0,2018,0,1,0,6,11,0,0,0,1813.3333333333333
0,1,0,0,0,0,0,0,0,0,0,1,0,0,0,0,0,0,0,1,0,0,0,1,46.28,0,2024,0,1,0,5,15,1,0,0,1004.7536732929991
0,1,0,0,0,0,0,0,0,0,0,1,0,0,0,0,0,0,0,1,0,0,0,2,60.0,0,2025,0,1,0,5,12,1,0,0,1100.0
0,1,0,0,0,0,0,0,0,0,0,0,1,0,0,0,0,0,0,1,0,0,0,2,70.0,0,2020,0,1,0,6,9,0,1,0,1328.5714285714287
0,1,0,0,0,0,0,0,0,0,0,0,1,0,0,0,0,0,0,1,0,0,0,2,63.19,0,2024,0,1,0,4,10,1,0,0,1700.0
0,1,0,0,0,0,0,0,0,0,0,1,0,0,0,0,0,0,0,1,0,0,0,2,58.87,0,2022,0,1,0,10,12,1,0,0,1240.0203838967216
0,0,0,0,0,0,0,0,1,0,0,0,0,0,1,0,0,0,0,0,1,0,0,1,16.6,0,1990,1,0,0,4,4,0,0,0,1295.1807228915661
0,1,0,0,0,0,0,0,0,0,0,0,0,0,0,0,0,0,0,1,0,0,0,1,54.0,0,2024,0,1,0,8,9,0,0,0,1037.037037037037
0,1,0,0,0,0,0,0,0,0,0,0,0,0,0,0,0,0,0,1,0,0,0,2,72.0,0,2023,0,1,0,11,14,0,0,0,1062.5
0,1,0,0,0,0,0,0,0,0,0,0,1,0,0,0,0,0,0,1,0,0,0,3,91.0,0,2024,0,1,0,11,17,0,0,0,1080.0
0,1,0,0,0,0,0,0,0,0,0,0,1,0,0,0,0,0,1,0,0,0,0,2,51.0,0,2021,0,1,0,12,12,0,0,0,1862.7450980392157
0,1,0,0,0,0,0,0,0,0,0,0,0,0,0,0,0,0,0,1,0,0,0,2,52.0,1,2026,1,0,0,4,15,0,0,0,1490.1923076923076
0,1,0,0,0,0,0,0,0,0,0,0,0,0,0,0,0,0,0,1,0,0,0,1,44.87,0,2024,0,1,0,8,9,0,0,0,1103.186984622242
0,1,0,0,0,0,0,0,0,0,0,0,1,0,0,0,0,0,1,0,0,0,0,2,50.0,0,2020,1,0,0,8,10,0,0,0,1700.0
0,1,0,0,0,0,0,0,0,0,0,0,1,0,0,0,0,0,0,0,1,0,0,3,128.0,0,2019,0,1,0,4,12,0,0,0,1679.6875
1,0,0,0,0,0,0,0,0,0,0,1,0,0,0,0,0,0,0,1,0,0,0,1,28.0,0,2019,1,0,0,3,3,0,0,0,1150.0
0,0,1,0,0,0,0,0,0,0,0,1,0,0,0,0,0,0,0,0,1,0,0,2,69.0,0,2019,0,1,0,5,9,0,0,0,1579.7101449275362
1,0,0,0,0,0,0,0,0,0,0,0,1,0,0,0,0,0,1,0,0,0,0,1,40.0,0,2024,1,0,0,3,5,0,0,0,1450.0
0,1,0,0,0,0,0,0,0,0,0,0,1,0,0,0,0,0,1,0,0,0,0,1,42.0,0,2024,0,1,0,6,14,0,0,0,1714.2857142857142
1,0,0,0,0,0,0,0,0,0,0,0,1,0,0,0,0,0,1,0,0,0,0,3,127.0,0,2019,1,0,0,2,7,0,1,1,1133.8582677165355
1,0,0,0,0,0,0,0,0,0,0,0,0,0,0,0,0,0,0,0,0,0,0,3,90.7,0,2009,1,0,0,2,5,0,0,0,1708.9305402425578
0,1,0,0,0,0,0,0,0,0,0,1,0,0,0,0,0,0,1,0,0,0,0,1,43.0,0,2023,1,0,0,2,16,0,0,0,1732.5581395348838
0,0,1,0,0,0,0,0,0,0,0,0,1,0,0,0,0,0,0,0,1,0,0,3,68.0,1,1985,0,0,1,2,9,0,0,1,1838.235294117647
1,0,0,0,0,0,0,0,0,0,0,1,0,0,0,0,0,0,1,0,0,0,0,2,46.0,1,2025,1,0,0,3,4,0,0,0,1195.6521739130435
0,1,0,0,0,0,0,0,0,0,0,0,0,0,0,0,0,0,1,0,0,0,0,3,97.0,0,2023,0,0,1,6,10,0,0,0,2268.041237113402
0,1,0,0,0,0,0,0,0,0,0,0,0,0,0,0,0,0,1,0,0,0,0,3,90.0,0,2024,0,1,0,9,16,1,0,0,1744.4444444444443
0,0,1,0,0,0,0,0,0,0,0,0,1,0,0,0,0,0,0,0,1,0,0,3,75.0,0,2019,0,0,1,8,9,0,1,1,1093.3333333333333
0,1,0,0,0,0,0,0,0,0,0,0,0,0,0,0,0,0,1,0,0,0,0,2,61.0,0,2023,0,1,0,10,15,0,0,0,1754.0983606557377
0,0,0,0,0,1,0,0,0,0,0,1,0,0,0,0,0,0,0,1,0,0,0,1,52.61,0,2023,0,1,0,8,16,1,0,0,1050.0095038965976
0,1,0,0,0,0,0,0,0,0,0,1,0,0,0,0,0,0,0,1,0,0,0,2,83.0,0,2024,0,1,0,7,16,0,0,0,1349.3975903614457
0,1,0,0,0,0,0,0,0,0,0,1,0,0,0,0,0,0,0,1,0,0,0,3,84.0,0,2025,0,1,0,7,10,0,0,0,900.0
0,1,0,0,0,0,0,0,0,0,0,1,0,0,0,0,0,0,0,1,0,0,0,2,69.4,1,2024,0,1,0,8,14,1,0,0,1268.0115273775216
1,0,0,0,0,0,0,0,0,0,0,0,0,0,0,0,0,0,0,0,0,0,0,2,66.0,0,2024,0,1,0,2,5,0,0,0,1800.0
0,1,0,0,0,0,0,0,0,0,0,0,1,0,0,0,0,0,1,0,0,0,0,2,61.0,0,2023,0,1,0,10,15,0,0,0,1721.311475409836
0,0,0,0,1,0,0,0,0,0,0,0,1,0,0,0,0,0,1,0,0,0,0,2,49.0,1,1975,0,0,1,2,5,0,0,0,1530.6122448979593
0,0,0,0,1,0,0,0,0,0,0,0,1,0,0,0,0,0,0,0,1,0,0,5,112.0,1,1967,0,0,1,1,4,1,1,1,1071.4285714285713
0,1,0,0,0,0,0,0,0,0,0,1,0,0,0,0,0,0,1,0,0,0,0,2,57.0,1,2023,1,0,0,5,12,1,1,1,1929.8245614035088
0,1,0,0,0,0,0,0,0,0,0,0,0,0,0,0,0,0,0,1,0,0,0,3,123.0,0,2024,0,1,0,4,10,0,0,1,1200.0
0,1,0,0,0,0,0,0,0,0,0,0,0,1,0,0,0,0,0,1,0,0,0,3,78.0,0,2025,0,1,0,6,18,1,0,0,1807.4358974358975
0,1,0,0,0,0,0,0,0,0,0,0,1,0,0,0,0,0,1,0,0,0,0,3,90.0,0,2018,1,0,0,9,12,1,1,1,1500.0
0,1,0,0,0,0,0,0,0,0,0,1,0,0,0,0,0,0,0,1,0,0,0,2,69.6,0,2025,0,1,0,3,10,0,0,0,800.2873563218392
0,1,0,0,0,0,0,0,0,0,0,0,1,0,0,0,0,0,0,0,1,0,0,3,73.0,0,2023,1,0,0,11,12,1,0,0,1534.2465753424658
0,1,0,0,0,0,0,0,0,0,0,1,0,0,0,0,0,0,1,0,0,0,0,4,97.0,0,2023,1,0,0,9,10,0,0,0,1525.7731958762886
1,0,0,0,0,0,0,0,0,0,0,0,1,0,0,0,0,0,1,0,0,0,0,3,57.42,1,2019,1,0,0,5,8,0,0,0,1410.6583072100314
0,1,0,0,0,0,0,0,0,0,0,1,0,0,0,0,0,0,1,0,0,0,0,2,73.0,0,2023,0,1,0,7,13,0,0,0,1684.9315068493152
0,0,1,0,0,0,0,0,0,0,0,0,1,0,0,0,0,0,0,0,1,0,0,3,93.0,1,2014,0,1,0,9,9,1,1,0,1053.763440860215
0,1,0,0,0,0,0,0,0,0,0,0,0,1,0,0,0,0,0,1,0,0,0,4,154.0,0,2022,0,1,0,3,14,1,0,0,1428.5714285714287
0,0,1,0,0,0,0,0,0,0,0,0,1,0,0,0,0,0,0,1,0,0,0,1,45.0,0,2019,1,0,0,4,9,1,0,0,966.6666666666666
0,1,0,0,0,0,0,0,0,0,0,1,0,0,0,0,0,0,1,0,0,0,0,2,65.0,0,2023,1,0,0,7,12,0,0,0,1876.923076923077
1,0,0,0,0,0,0,0,0,0,0,0,0,0,0,0,0,0,0,0,0,0,0,3,76.66,0,2026,1,0,0,11,15,0,0,0,978.3459431254893
0,1,0,0,0,0,0,0,0,0,0,0,1,0,0,0,0,0,0,1,0,0,0,2,68.0,0,2024,0,1,0,5,14,0,0,0,1029.4117647058824
0,1,0,0,0,0,0,0,0,0,0,1,0,0,0,0,0,0,0,1,0,0,0,1,45.0,0,2025,0,1,0,5,9,1,0,0,1011.1111111111111
1,0,0,0,0,0,0,0,0,0,0,0,0,0,0,0,0,0,0,0,0,0,0,2,100.2,0,2024,0,1,0,7,13,0,0,0,1826.3473053892214
0,1,0,0,0,0,0,0,0,0,0,0,1,0,0,0,0,0,1,0,0,0,0,2,78.0,0,2022,0,1,0,13,16,0,0,0,1871.7948717948718
0,1,0,0,0,0,0,0,0,0,0,0,1,0,0,0,0,0,1,0,0,0,0,2,67.0,0,2023,1,0,0,3,10,0,1,1,1641.7910447761194
0,1,0,0,0,0,0,0,0,0,0,0,1,0,0,0,0,0,1,0,0,0,0,3,140.0,1,2023,1,0,0,6,12,0,0,0,1564.2857142857142
0,1,0,0,0,0,0,0,0,0,0,0,1,0,0,0,0,0,0,1,0,0,0,1,47.0,0,2023,1,0,0,5,10,0,0,0,1421.276595744681
0,1,0,0,0,0,0,0,0,0,0,0,1,0,0,0,0,0,1,0,0,0,0,2,53.0,0,2024,0,1,0,12,12,0,0,0,1481.132075471698
0,1,0,0,0,0,0,0,0,0,0,0,1,0,0,0,0,0,0,0,1,0,0,3,75.0,0,2026,1,0,0,2,12,0,0,0,826.6666666666666
0,0,1,0,0,0,0,0,0,0,0,0,1,0,0,0,0,0,1,0,0,0,0,2,88.0,0,2019,0,0,1,3,9,0,1,1,1210.2272727272727
0,1,0,0,0,0,0,0,0,0,0,1,0,0,0,0,0,0,1,0,0,0,0,2,44.0,0,2025,0,1,0,7,9,1,0,0,1931.8181818181818
0,0,0,0,0,0,1,0,0,0,0,0,1,0,0,0,0,0,0,0,1,0,0,2,48.3,0,1981,0,0,1,1,5,1,1,0,1759.8343685300208
1,0,0,0,0,0,0,0,0,0,0,0,1,0,0,0,0,0,0,0,0,1,0,3,52.0,1,2019,1,0,0,1,2,0,0,0,1346.1538461538462
0,1,0,0,0,0,0,0,0,0,0,1,0,0,0,0,0,0,0,1,0,0,0,2,86.0,0,2024,0,1,0,16,18,0,0,0,1476.7441860465117
0,1,0,0,0,0,0,0,0,0,0,0,1,0,0,0,0,0,0,1,0,0,0,2,80.0,0,2021,0,1,0,12,12,0,0,0,1125.0
0,1,0,0,0,0,0,0,0,0,0,1,0,0,0,0,0,0,0,1,0,0,0,1,41.17,0,2025,0,1,0,9,10,0,0,0,1044.4498421180472
0,1,0,0,0,0,0,0,0,0,0,1,0,0,0,0,0,0,0,1,0,0,0,1,53.6,0,2023,1,0,0,2,12,1,0,0,1050.0
0,1,0,0,0,0,0,0,0,0,0,0,0,0,0,0,0,0,0,0,1,0,0,1,48.0,0,2023,0,0,1,12,13,0,0,0,1500.0
0,1,0,0,0,0,0,0,0,0,0,0,0,0,0,0,0,0,0,1,0,0,0,3,115.0,0,2017,0,1,0,10,12,0,0,0,1473.9130434782608
0,0,0,0,0,0,1,0,0,0,0,0,0,0,0,0,0,0,0,0,0,0,0,1,48.0,0,1989,0,0,1,3,9,0,0,0,1833.3333333333333
0,1,0,0,0,0,0,0,0,0,0,0,1,0,0,0,0,0,1,0,0,0,0,1,55.0,0,2022,0,1,0,12,14,0,0,0,1772.7272727272727
0,1,0,0,0,0,0,0,0,0,0,1,0,0,0,0,0,0,0,1,0,0,0,1,53.0,0,2024,0,1,0,7,12,1,0,0,1264.1509433962265
0,1,0,0,0,0,0,0,0,0,0,1,0,0,0,0,0,0,0,1,0,0,0,3,104.0,0,2024,0,1,0,4,12,1,0,0,1080.0
0,0,1,0,0,0,0,0,0,0,0,0,1,0,0,0,0,0,0,1,0,0,0,2,61.0,0,2024,0,1,0,8,9,0,0,0,1032.7868852459017
0,1,0,0,0,0,0,0,0,0,0,0,0,1,0,0,0,0,1,0,0,0,0,1,53.0,0,2023,0,1,0,6,9,0,0,0,1349.0566037735848
0,1,0,0,0,0,0,0,0,0,0,0,0,0,0,0,0,0,0,1,0,0,0,1,43.0,0,2026,1,0,0,3,12,0,0,0,953.4883720930233
0,1,0,0,0,0,0,0,0,0,0,1,0,0,0,0,0,0,0,1,0,0,0,3,87.19,0,2022,0,1,0,9,12,0,0,0,900.3326069503383
0,1,0,0,0,0,0,0,0,0,0,0,0,0,0,0,0,0,0,1,0,0,0,4,164.0,0,2025,0,1,0,3,22,1,0,0,2000.0
0,1,0,0,0,0,0,0,0,0,0,0,0,0,0,0,0,0,0,1,0,0,0,2,60.0,0,2025,0,1,0,2,12,1,0,0,998.3333333333334
0,1,0,0,0,0,0,0,0,0,0,0,1,0,0,0,0,0,0,1,0,0,0,2,76.0,1,2025,0,1,0,6,12,0,0,0,1400.0
0,0,0,0,0,0,1,0,0,0,0,0,0,0,0,0,0,0,0,0,1,0,0,1,35.0,1,1981,0,0,1,8,9,1,0,0,1571.4285714285713
0,1,0,0,0,0,0,0,0,0,0,0,1,0,0,0,0,0,1,0,0,0,0,2,70.0,0,2021,0,1,0,3,13,0,1,1,2142.8571428571427
0,1,0,0,0,0,0,0,0,0,0,0,1,0,0,0,0,0,1,0,0,0,0,2,73.0,0,2020,0,1,0,7,9,0,1,0,1479.4520547945206
0,1,0,0,0,0,0,0,0,0,0,0,1,0,0,0,0,0,1,0,0,0,0,4,91.0,1,2015,0,1,0,12,13,0,0,0,1648.3516483516485
1,0,0,0,0,0,0,0,0,0,0,0,0,0,0,0,0,0,0,0,0,0,0,4,164.0,0,2024,0,1,0,3,8,0,0,0,1951.219512195122
0,1,0,0,0,0,0,0,0,0,0,1,0,0,0,0,0,0,1,0,0,0,0,3,63.0,0,2021,0,1,0,11,15,0,0,0,1523.8095238095239
1,0,0,0,0,0,0,0,0,0,0,0,0,0,0,0,0,0,0,0,0,0,0,4,168.0,0,2006,0,1,0,5,6,0,0,0,1666.6666666666667
0,0,0,0,1,0,0,0,0,0,0,0,1,0,0,0,0,0,0,0,0,1,0,3,57.0,0,1975,0,0,1,2,4,0,0,0,1491.2280701754387
0,0,1,0,0,0,0,0,0,0,0,0,1,0,0,0,0,0,1,0,0,0,0,3,100.0,1,1993,0,0,1,4,9,0,1,0,1650.0
0,0,0,1,0,0,0,0,0,0,0,0,1,0,0,0,0,0,0,1,0,0,0,1,58.0,0,1975,1,0,0,1,4,0,1,0,1000.0
0,0,0,0,0,1,0,0,0,0,0,1,0,0,0,0,0,0,1,0,0,0,0,1,51.0,1,2025,0,0,1,2,10,1,0,0,1470.5882352941176
0,1,0,0,0,0,0,0,0,0,0,1,0,0,0,0,0,0,0,1,0,0,0,4,132.0,0,2022,0,1,0,9,14,0,0,0,1507.5757575757575
0,0,1,0,0,0,0,0,0,0,0,0,1,0,0,0,0,0,1,0,0,0,0,1,35.0,0,1992,1,0,0,8,9,0,0,0,1771.4285714285713
0,1,0,0,0,0,0,0,0,0,0,0,1,0,0,0,0,0,1,0,0,0,0,2,52.0,0,2023,1,0,0,5,12,0,0,0,1519.2307692307693
0,1,0,0,0,0,0,0,0,0,0,0,1,0,0,0,0,0,1,0,0,0,0,3,104.0,0,2014,0,1,0,7,9,0,0,0,1394.2307692307693
1,0,0,0,0,0,0,0,0,0,0,0,0,0,0,0,0,0,0,0,0,0,0,2,71.0,0,2018,0,1,0,9,9,0,0,0,1281.6901408450703
0,1,0,0,0,0,0,0,0,0,0,1,0,0,0,0,0,0,1,0,0,0,0,2,78.5,0,2022,0,1,0,13,16,0,0,0,1987.2611464968154
0,0,1,0,0,0,0,0,0,0,0,0,1,0,0,0,0,0,1,0,0,0,0,2,53.0,0,1992,0,0,1,4,9,0,1,0,1632.0754716981132
0,1,0,0,0,0,0,0,0,0,0,0,1,0,0,0,0,0,1,0,0,0,0,1,43.1,0,2017,1,0,0,5,10,0,1,0,1461.7169373549884
0,1,0,0,0,0,0,0,0,0,0,1,0,0,0,0,0,0,0,1,0,0,0,1,49.62,0,2022,1,0,0,7,14,0,0,0,1239.4195888754534
0,1,0,0,0,0,0,0,0,0,0,1,0,0,0,0,0,0,0,1,0,0,0,2,86.7,0,2024,0,1,0,10,16,0,0,0,1300.0
0,0,0,0,0,1,0,0,0,0,0,0,0,1,0,0,0,0,1,0,0,0,0,2,67.0,0,2022,0,1,0,4,9,0,1,1,1567.1641791044776
1,0,0,0,0,0,0,0,0,0,0,0,1,0,0,0,0,0,0,0,0,1,0,1,33.0,0,2019,1,0,0,10,12,0,1,0,1451.5151515151515
1,0,0,0,0,0,0,0,0,0,0,0,1,0,0,0,0,0,1,0,0,0,0,1,42.0,0,2019,1,0,0,3,5,0,0,0,1821.4285714285713
1,0,0,0,0,0,0,0,0,0,0,0,1,0,0,0,0,0,0,0,1,0,0,2,68.0,0,2025,1,0,0,3,3,0,0,0,1125.0
0,1,0,0,0,0,0,0,0,0,0,0,0,1,0,0,0,0,0,1,0,0,0,1,44.28,0,2026,0,1,0,14,14,1,0,0,1151.7615176151762
0,1,0,0,0,0,0,0,0,0,0,0,0,1,0,0,0,0,0,1,0,0,0,2,78.71,0,2025,0,1,0,8,15,1,0,0,1000.0000000000001
0,1,0,0,0,0,0,0,0,0,0,0,0,0,0,0,0,0,0,1,0,0,0,1,54.0,0,2023,0,1,0,6,16,0,0,0,962.9629629629629
0,1,0,0,0,0,0,0,0,0,0,0,0,0,0,0,0,0,0,1,0,0,0,4,141.0,1,2022,0,0,1,6,14,0,0,0,1404.2553191489362
0,1,0,0,0,0,0,0,0,0,0,0,1,0,0,0,0,0,0,1,0,0,0,3,108.0,1,2024,0,1,0,10,12,1,1,1,1250.0
0,0,0,0,1,0,0,0,0,0,0,0,0,0,0,0,0,0,0,0,0,0,0,3,58.0,0,1971,1,0,0,4,4,0,0,0,1431.0344827586207
0,1,0,0,0,0,0,0,0,0,0,0,1,0,0,0,0,0,0,1,0,0,0,3,67.0,0,2023,0,1,0,3,9,0,0,0,1238.8059701492537
0,0,0,0,0,0,1,0,0,0,0,0,0,0,0,0,0,0,0,0,0,0,0,1,35.0,0,1981,0,0,1,2,9,0,0,0,1685.7142857142858
0,1,0,0,0,0,0,0,0,0,0,1,0,0,0,0,0,0,1,0,0,0,0,3,132.0,0,2020,0,1,0,6,14,1,1,1,2121.212121212121
0,0,0,0,0,0,1,0,0,0,0,0,1,0,0,0,0,0,0,0,1,0,0,3,62.0,0,1987,0,0,1,3,9,0,1,1,1564.516129032258
0,1,0,0,0,0,0,0,0,0,0,1,0,0,0,0,0,0,1,0,0,0,0,2,53.0,0,2023,0,1,0,7,9,0,0,0,1216.9811320754718
0,0,0,0,0,0,1,0,0,0,0,0,0,0,0,0,0,0,0,0,0,0,0,2,48.2,0,1972,0,0,1,4,5,0,0,0,1784.2323651452282
0,1,0,0,0,0,0,0,0,0,0,0,1,0,0,0,0,0,1,0,0,0,0,3,125.0,1,2019,0,1,0,5,12,0,0,0,1960.0
0,1,0,0,0,0,0,0,0,0,0,1,0,0,0,0,0,0,0,0,0,0,1,2,59.0,0,2022,0,1,0,10,16,0,0,0,1220.3389830508474
0,0,0,0,1,0,0,0,0,0,0,0,1,0,0,0,0,0,0,0,1,0,0,3,58.0,0,1975,0,0,1,1,4,0,0,0,1498.2758620689656
0,1,0,0,0,0,0,0,0,0,0,0,0,0,0,0,0,0,0,1,0,0,0,1,64.0,1,2023,0,1,0,12,16,0,0,0,1200.0
1,0,0,0,0,0,0,0,0,0,0,0,0,0,0,0,0,0,0,0,0,0,0,2,62.3,0,2018,1,0,0,6,14,0,0,0,1573.0337078651687
0,1,0,0,0,0,0,0,0,0,0,1,0,0,0,0,0,0,1,0,0,0,0,2,75.0,0,2022,1,0,0,13,14,0,0,0,1733.3333333333333
1,0,0,0,0,0,0,0,0,0,0,0,1,0,0,0,0,0,0,0,1,0,0,1,45.0,0,1978,1,0,0,1,5,0,0,1,1555.5555555555557
0,1,0,0,0,0,0,0,0,0,0,1,0,0,0,0,0,0,0,1,0,0,0,2,60.0,0,2024,0,1,0,8,9,1,0,0,1116.6666666666667
0,1,0,0,0,0,0,0,0,0,0,1,0,0,0,0,0,0,1,0,0,0,0,2,47.0,0,2022,0,1,0,5,8,1,0,0,1425.531914893617
0,1,0,0,0,0,0,0,0,0,0,1,0,0,0,0,0,0,1,0,0,0,0,2,60.0,0,2022,0,1,0,13,14,0,0,0,2333.3333333333335
0,0,0,0,1,0,0,0,0,0,0,0,1,0,0,0,0,0,1,0,0,0,0,2,45.0,0,1975,1,0,0,3,4,0,1,0,1711.111111111111
0,1,0,0,0,0,0,0,0,0,0,1,0,0,0,0,0,0,0,1,0,0,0,2,76.0,0,2025,0,1,0,7,12,1,0,0,828.9473684210526
0,1,0,0,0,0,0,0,0,0,0,0,0,0,1,0,0,0,0,0,1,0,0,3,66.0,0,2023,0,1,0,5,10,0,1,1,1666.6666666666667
0,1,0,0,0,0,0,0,0,0,0,1,0,0,0,0,0,0,0,1,0,0,0,2,100.0,0,2022,0,1,0,2,8,1,1,0,2600.0
0,1,0,0,0,0,0,0,0,0,0,1,0,0,0,0,0,0,0,1,0,0,0,3,118.0,0,2023,0,1,0,10,10,1,0,0,1350.0
0,0,1,0,0,0,0,0,0,0,0,1,0,0,0,0,0,0,0,0,0,1,0,1,45.0,0,2016,0,0,1,4,9,0,0,0,1444.4444444444443
1,0,0,0,0,0,0,0,0,0,0,0,0,0,0,0,0,0,1,0,0,0,0,3,82.0,1,2019,1,0,0,6,6,0,0,0,1585.3658536585365
1,0,0,0,0,0,0,0,0,0,0,0,1,0,0,0,0,0,1,0,0,0,0,2,60.0,1,2011,1,0,0,6,7,0,1,1,2100.0
0,0,1,0,0,0,0,0,0,0,0,0,0,0,0,0,0,0,0,1,0,0,0,1,44.0,0,2024,1,0,0,1,9,0,0,0,1159.090909090909
0,1,0,0,0,0,0,0,0,0,0,0,0,0,0,0,0,0,0,1,0,0,0,1,43.0,0,2025,0,1,0,13,14,0,0,0,930.2325581395348
0,0,0,0,0,0,1,0,0,0,0,0,1,0,0,0,0,0,0,0,1,0,0,3,66.0,0,1987,0,0,1,4,5,0,0,0,1484.8484848484848
0,1,0,0,0,0,0,0,0,0,0,1,0,0,0,0,0,0,0,1,0,0,0,1,55.0,0,2024,0,1,0,11,14,0,0,0,1054.5454545454545
0,1,0,0,0,0,0,0,0,0,0,1,0,0,0,0,0,0,0,1,0,0,0,1,53.0,0,2024,1,0,0,7,12,0,0,0,1254.7169811320755
0,0,0,0,0,0,1,0,0,0,0,0,0,0,0,0,0,0,0,0,0,0,0,3,76.0,0,1985,0,0,1,8,9,0,0,0,1578.9473684210527
0,1,0,0,0,0,0,0,0,0,0,1,0,0,0,0,0,0,0,1,0,0,0,1,52.0,0,2024,0,1,0,7,12,0,0,0,1307.6923076923076
0,1,0,0,0,0,0,0,0,0,0,1,0,0,0,0,0,0,1,0,0,0,0,1,42.0,1,2025,1,0,0,4,14,0,0,0,1607.142857142857
0,1,0,0,0,0,0,0,0,0,0,0,1,0,0,0,0,0,1,0,0,0,0,1,45.0,0,2017,0,1,0,11,14,0,1,1,1622.2222222222222
0,1,0,0,0,0,0,0,0,0,0,0,1,0,0,0,0,0,1,0,0,0,0,1,56.0,0,2023,0,1,0,12,12,0,0,0,1875.0
1,0,0,0,0,0,0,0,0,0,0,0,1,0,0,0,0,0,0,0,1,0,0,4,152.0,0,1984,1,0,0,9,9,0,1,0,1457.2368421052631
0,1,0,0,0,0,0,0,0,0,0,0,1,0,0,0,0,0,1,0,0,0,0,2,78.0,0,2017,0,1,0,13,13,0,0,0,1378.2051282051282
0,1,0,0,0,0,0,0,0,0,0,1,0,0,0,0,0,0,0,1,0,0,0,2,83.0,0,2025,0,1,0,4,13,1,0,0,1700.0
1,0,0,0,0,0,0,0,0,0,0,1,0,0,0,0,0,0,1,0,0,0,0,2,63.0,0,2019,0,0,1,3,5,0,0,0,1238.095238095238
0,0,0,0,0,0,1,0,0,0,0,0,1,0,0,0,0,0,0,0,1,0,0,2,50.0,0,1987,0,0,1,2,5,0,1,1,1720.0
0,1,0,0,0,0,0,0,0,0,0,1,0,0,0,0,0,0,0,1,0,0,0,3,90.0,0,2023,0,1,0,4,10,0,0,0,1044.4444444444443
0,1,0,0,0,0,0,0,0,0,0,0,0,1,0,0,0,0,1,0,0,0,0,1,38.0,0,2023,0,1,0,3,5,0,0,0,1394.7368421052631
1,0,0,0,0,0,0,0,0,0,0,0,0,0,0,0,0,0,0,0,0,0,0,2,68.44,0,2025,1,0,0,10,12,0,0,0,879.8947983635302
0,1,0,0,0,0,0,0,0,0,0,1,0,0,0,0,0,0,0,1,0,0,0,2,77.0,0,2022,1,0,0,4,14,0,0,0,1350.6493506493507
0,0,0,1,0,0,0,0,0,0,0,0,0,0,0,0,0,0,0,0,0,0,0,3,53.0,0,1978,1,0,0,2,4,0,0,0,1490.566037735849
0,1,0,0,0,0,0,0,0,0,0,0,1,0,0,0,0,0,1,0,0,0,0,1,52.0,0,2021,0,1,0,8,12,1,0,0,1480.7692307692307
0,0,0,0,1,0,0,0,0,0,0,0,0,0,0,0,0,0,1,0,0,0,0,3,61.0,0,1975,0,1,0,1,4,1,1,1,1409.8360655737704
0,0,0,0,0,0,1,0,0,0,0,0,0,0,0,0,0,0,0,0,0,0,0,3,62.0,0,1982,0,0,1,4,5,0,0,0,1274.1935483870968
0,1,0,0,0,0,0,0,0,0,0,1,0,0,0,0,0,0,0,1,0,0,0,1,40.0,0,2022,0,1,0,11,14,0,0,0,1300.0
0,1,0,0,0,0,0,0,0,0,0,0,1,0,0,0,0,0,1,0,0,0,0,1,48.0,1,2020,0,1,0,7,10,0,0,0,1708.3333333333333
1,0,0,0,0,0,0,0,0,0,0,1,0,0,0,0,0,0,0,1,0,0,0,2,65.0,1,2024,0,1,0,2,5,1,0,0,692.3076923076923
0,1,0,0,0,0,0,0,0,0,0,0,1,0,0,0,0,0,1,0,0,0,0,2,62.0,0,2019,0,1,0,4,12,0,1,1,2016.1290322580646
0,1,0,0,0,0,0,0,0,0,0,0,0,1,0,0,0,0,0,1,0,0,0,2,67.0,0,2022,0,1,0,6,10,0,0,0,895.5223880597015
0,0,0,0,0,0,1,0,0,0,0,0,1,0,0,0,0,0,0,0,1,0,0,1,35.0,0,1987,1,0,0,9,9,0,0,0,1485.7142857142858
0,1,0,0,0,0,0,0,0,0,0,1,0,0,0,0,0,0,0,1,0,0,0,1,48.0,0,2023,0,1,0,3,14,0,0,0,1500.0
0,1,0,0,0,0,0,0,0,0,0,0,0,1,0,0,0,0,1,0,0,0,0,2,38.84,0,2022,0,1,0,6,7,1,0,0,1725.025746652935
0,1,0,0,0,0,0,0,0,0,0,0,0,0,0,0,0,0,0,1,0,0,0,1,46.0,0,2026,0,1,0,2,14,0,0,0,913.0434782608696
0,1,0,0,0,0,0,0,0,0,0,1,0,0,0,0,0,0,0,1,0,0,0,1,45.0,0,2022,0,1,0,6,12,0,0,0,1444.4444444444443
1,0,0,0,0,0,0,0,0,0,0,0,1,0,0,0,0,0,0,0,1,0,0,2,49.0,0,2019,1,0,0,5,5,0,0,1,1530.6122448979593
0,1,0,0,0,0,0,0,0,0,0,1,0,0,0,0,0,0,0,1,0,0,0,5,289.0,1,2023,1,0,0,1,2,1,1,1,1384.083044982699
0,0,0,1,0,0,0,0,0,0,0,0,1,0,0,0,0,0,0,0,0,1,0,1,30.0,0,1963,1,0,0,3,3,0,1,1,1660.0
0,1,0,0,0,0,0,0,0,0,0,1,0,0,0,0,0,0,1,0,0,0,0,1,52.1,1,2020,1,0,0,6,12,0,1,0,1631.4779270633396
0,1,0,0,0,0,0,0,0,0,0,0,1,0,0,0,0,0,1,0,0,0,0,2,64.0,0,2023,0,1,0,4,11,0,1,0,1546.875
0,1,0,0,0,0,0,0,0,0,0,0,1,0,0,0,0,0,0,1,0,0,0,1,45.4,1,2025,1,0,0,11,14,0,0,0,1189.0088105726873
1,0,0,0,0,0,0,0,0,0,0,0,1,0,0,0,0,0,0,0,1,0,0,4,75.0,0,2019,1,0,0,3,5,0,0,0,1493.3333333333333
0,1,0,0,0,0,0,0,0,0,0,0,0,0,0,0,0,0,0,1,0,0,0,3,92.0,0,2025,0,1,0,12,12,1,0,0,880.4347826086956
0,1,0,0,0,0,0,0,0,0,0,0,0,1,0,0,0,0,0,1,0,0,0,3,109.0,0,2026,1,0,0,17,17,0,0,0,1350.0
0,1,0,0,0,0,0,0,0,0,0,0,1,0,0,0,0,0,0,1,0,0,0,4,167.0,0,2019,0,1,0,5,12,0,0,0,1300.0
0,1,0,0,0,0,0,0,0,0,0,0,1,0,0,0,0,0,0,1,0,0,0,1,47.0,0,2025,0,1,0,2,14,0,0,0,1148.936170212766
0,1,0,0,0,0,0,0,0,0,0,1,0,0,0,0,0,0,0,1,0,0,0,1,55.6,0,2024,0,1,0,2,10,0,1,1,1645.68345323741
0,1,0,0,0,0,0,0,0,0,0,1,0,0,0,0,0,0,1,0,0,0,0,2,63.0,0,2024,0,1,0,6,16,1,0,0,1587.2857142857142
1,0,0,0,0,0,0,0,0,0,0,0,1,0,0,0,0,0,0,0,1,0,0,2,62.0,0,2019,1,0,0,3,5,0,1,0,1233.8709677419354
0,1,0,0,0,0,0,0,0,0,0,0,1,0,0,0,0,0,0,1,0,0,0,3,136.0,0,2024,0,1,0,15,16,0,0,0,1154.4117647058824
0,1,0,0,0,0,0,0,0,0,0,0,1,0,0,0,0,0,1,0,0,0,0,3,122.0,0,2020,0,1,0,7,9,0,0,0,1295.0819672131147
0,1,0,0,0,0,0,0,0,0,0,0,1,0,0,0,0,0,1,0,0,0,0,1,50.0,1,2016,1,0,0,2,10,1,1,1,1540.0
0,1,0,0,0,0,0,0,0,0,0,1,0,0,0,0,0,0,0,1,0,0,0,1,43.0,0,2024,0,1,0,14,16,0,0,0,1320.0
1,0,0,0,0,0,0,0,0,0,0,0,1,0,0,0,0,0,1,0,0,0,0,3,130.0,1,2013,1,0,0,7,8,0,1,0,1846.1538461538462
0,1,0,0,0,0,0,0,0,0,0,0,1,0,0,0,0,0,0,1,0,0,0,3,114.5,0,2025,0,0,1,13,16,0,0,0,1004.3668122270742
0,1,0,0,0,0,0,0,0,0,0,0,1,0,0,0,0,0,1,0,0,0,0,1,40.0,0,2024,0,1,0,8,14,0,1,0,1575.0
0,1,0,0,0,0,0,0,0,0,0,0,1,0,0,0,0,0,1,0,0,0,0,1,66.0,0,2023,0,1,0,6,10,0,0,0,1383.3333333333333
0,0,1,0,0,0,0,0,0,0,0,0,0,0,1,0,0,0,0,0,1,0,0,3,64.0,0,1992,0,0,1,4,9,0,1,1,1640.625
0,1,0,0,0,0,0,0,0,0,0,0,0,0,0,0,0,0,0,1,0,0,0,2,72.0,0,2025,0,1,0,9,10,1,0,0,850.0
0,1,0,0,0,0,0,0,0,0,0,0,0,1,0,0,0,0,1,0,0,0,0,4,220.0,0,2016,0,1,0,12,15,0,1,1,2750.0
0,1,0,0,0,0,0,0,0,0,0,1,0,0,0,0,0,0,1,0,0,0,0,1,29.0,0,2024,0,1,0,1,5,0,0,0,1586.2068965517242
0,0,1,0,0,0,0,0,0,0,0,0,1,0,0,0,0,0,0,0,1,0,0,2,52.0,1,1992,0,0,1,8,9,0,1,1,1750.0
0,1,0,0,0,0,0,0,0,0,0,0,1,0,0,0,0,0,1,0,0,0,0,3,99.0,0,2023,1,0,0,10,14,1,1,0,1919.1919191919192
0,1,0,0,0,0,0,0,0,0,0,0,1,0,0,0,0,0,1,0,0,0,0,2,48.0,0,2023,0,1,0,8,13,0,0,0,1375.0
0,1,0,0,0,0,0,0,0,0,0,0,0,0,0,0,0,0,0,1,0,0,0,2,68.8,0,2023,0,1,0,7,9,0,0,0,1235.46511627907
1,0,0,0,0,0,0,0,0,0,0,1,0,0,0,0,0,0,1,0,0,0,0,2,43.0,0,2024,1,0,0,4,5,1,0,0,1360.4651162790697
0,1,0,0,0,0,0,0,0,0,0,0,0,1,0,0,0,0,1,0,0,0,0,3,86.0,0,2021,0,1,0,12,12,0,0,0,1337.2093023255813
0,1,0,0,0,0,0,0,0,0,0,0,1,0,0,0,0,0,1,0,0,0,0,1,50.0,0,2023,1,0,0,7,9,0,0,0,1540.0
0,1,0,0,0,0,0,0,0,0,0,1,0,0,0,0,0,0,0,1,0,0,0,1,56.0,1,2023,0,1,0,5,12,0,0,0,1392.857142857143
0,1,0,0,0,0,0,0,0,0,0,0,1,0,0,0,0,0,1,0,0,0,0,2,60.0,1,2023,1,0,0,7,9,0,0,0,1416.6666666666667
0,1,0,0,0,0,0,0,0,0,0,0,0,0,0,0,0,0,0,1,0,0,0,2,72.46,0,2024,0,1,0,13,16,1,0,0,1150.0
0,0,0,1,0,0,0,0,0,0,0,0,1,0,0,0,0,0,1,0,0,0,0,1,29.0,0,1967,1,0,0,2,4,0,0,0,1879.3103448275863
0,1,0,0,0,0,0,0,0,0,0,0,1,0,0,0,0,0,0,1,0,0,0,1,42.0,0,2023,0,1,0,4,10,0,0,0,1238.095238095238
0,0,0,0,0,0,1,0,0,0,0,0,1,0,0,0,0,0,1,0,0,0,0,3,67.0,0,1987,0,0,1,4,5,0,0,0,1373.134328358209
0,0,0,0,0,0,0,1,0,0,0,0,1,0,0,0,0,0,1,0,0,0,0,3,117.0,0,2014,0,1,0,11,12,1,1,1,2051.2820512820513
0,1,0,0,0,0,0,0,0,0,0,0,1,0,0,0,0,0,1,0,0,0,0,3,90.0,0,2023,0,1,0,5,9,0,0,0,1372.2222222222222
0,1,0,0,0,0,0,0,0,0,0,0,1,0,0,0,0,0,0,1,0,0,0,1,45.1,0,2025,0,1,0,12,12,0,0,0,1031.0421286031042
0,1,0,0,0,0,0,0,0,0,0,1,0,0,0,0,0,0,0,1,0,0,0,1,48.0,0,2025,0,1,0,17,17,1,0,0,927.0833333333334
0,1,0,0,0,0,0,0,0,0,0,0,0,1,0,0,0,0,1,0,0,0,0,4,80.0,1,2024,0,1,0,7,12,0,0,0,1843.75
1,0,0,0,0,0,0,0,0,0,0,0,1,0,0,0,0,0,0,0,0,1,0,4,87.0,0,2019,0,0,1,2,4,1,1,1,1206.896551724138
0,0,1,0,0,0,0,0,0,0,0,0,1,0,0,0,0,0,0,0,1,0,0,3,68.0,0,1992,0,0,1,9,9,0,0,0,1455.8823529411766
0,1,0,0,0,0,0,0,0,0,0,0,1,0,0,0,0,0,1,0,0,0,0,1,41.0,1,2023,1,0,0,7,9,0,0,0,1512.1951219512196
1,0,0,0,0,0,0,0,0,0,0,0,0,0,0,0,0,0,0,0,0,0,0,3,100.0,0,2023,0,1,0,5,10,0,0,0,1150.0
0,0,0,1,0,0,0,0,0,0,0,0,1,0,0,0,0,0,1,0,0,0,0,1,31.7,0,1967,1,0,0,4,4,0,0,0,1845.4258675078866
1,0,0,0,0,0,0,0,0,0,0,0,0,0,0,0,0,0,0,0,0,0,0,1,45.0,0,2023,0,1,0,12,12,0,0,0,1533.3333333333333
0,0,1,0,0,0,0,0,0,0,0,0,1,0,0,0,0,0,1,0,0,0,0,1,35.0,0,1999,0,0,1,8,9,0,1,1,1842.857142857143
0,1,0,0,0,0,0,0,0,0,0,0,1,0,0,0,0,0,1,0,0,0,0,2,71.0,0,2023,0,1,0,9,12,0,0,0,1478.8732394366198
0,1,0,0,0,0,0,0,0,0,0,0,0,0,0,0,0,0,1,0,0,0,0,2,55.0,0,2023,1,0,0,3,7,0,1,1,1781.8181818181818
0,1,0,0,0,0,0,0,0,0,0,0,1,0,0,0,0,0,1,0,0,0,0,3,90.0,0,2023,0,1,0,13,13,0,0,1,1777.7777777777778
0,1,0,0,0,0,0,0,0,0,0,0,1,0,0,0,0,0,1,0,0,0,0,2,49.0,0,2023,1,0,0,3,8,0,1,0,1440.8163265306123
1,0,0,0,0,0,0,0,0,0,0,0,0,0,0,0,0,0,0,0,0,0,0,1,35.0,0,1981,1,0,0,5,5,0,0,0,1300.0
0,1,0,0,0,0,0,0,0,0,0,1,0,0,0,0,0,0,1,0,0,0,0,2,55.0,0,2022,0,1,0,7,12,0,0,0,1736.3636363636363
0,1,0,0,0,0,0,0,0,0,0,0,0,1,0,0,0,0,0,1,0,0,0,3,172.25,0,2023,1,0,0,7,12,1,1,1,890.0029027576197
0,1,0,0,0,0,0,0,0,0,0,1,0,0,0,0,0,0,0,1,0,0,0,1,58.0,0,2023,0,1,0,10,16,0,0,0,1160.0
0,0,0,0,0,0,1,0,0,0,0,0,1,0,0,0,0,0,1,0,0,0,0,1,33.0,0,1987,0,0,1,1,9,1,1,1,1863.6363636363637
0,1,0,0,0,0,0,0,0,0,0,0,0,0,0,0,0,0,1,0,0,0,0,2,57.0,0,2023,1,0,0,7,10,1,0,1,1500.0
0,1,0,0,0,0,0,0,0,0,0,0,0,0,0,0,0,0,1,0,0,0,0,2,80.0,0,2017,0,1,0,4,10,0,0,0,1603.75
0,1,0,0,0,0,0,0,0,0,0,1,0,0,0,0,0,0,0,1,0,0,0,1,52.28,0,2023,0,1,0,5,9,1,0,0,1050.0
0,1,0,0,0,0,0,0,0,0,0,1,0,0,0,0,0,0,0,1,0,0,0,3,117.0,0,2022,0,1,0,7,10,1,1,1,1504.2735042735044
0,1,0,0,0,0,0,0,0,0,0,1,0,0,0,0,0,0,1,0,0,0,0,3,105.0,0,2022,0,1,0,11,16,0,0,0,2190.4761904761904
0,1,0,0,0,0,0,0,0,0,0,0,0,1,0,0,0,0,1,0,0,0,0,1,35.0,0,2024,0,1,0,3,5,0,0,0,1500.0
0,1,0,0,0,0,0,0,0,0,0,1,0,0,0,0,0,0,1,0,0,0,0,1,50.0,0,2017,0,1,0,5,12,0,1,1,1620.0
0,1,0,0,0,0,0,0,0,0,0,1,0,0,0,0,0,0,0,1,0,0,0,1,32.0,0,2025,1,0,0,3,10,0,0,0,1218.75
1,0,0,0,0,0,0,0,0,0,0,0,1,0,0,0,0,0,0,0,1,0,0,1,35.1,0,1985,1,0,0,1,4,0,1,1,1404.5584045584044
0,1,0,0,0,0,0,0,0,0,0,1,0,0,0,0,0,0,0,1,0,0,0,2,55.0,0,2025,0,1,0,10,18,0,0,0,1267.2727272727273
0,1,0,0,0,0,0,0,0,0,0,0,1,0,0,0,0,0,0,1,0,0,0,2,83.0,0,2019,0,1,0,10,12,0,0,0,1445.7831325301204
0,1,0,0,0,0,0,0,0,0,0,1,0,0,0,0,0,0,1,0,0,0,0,3,110.0,0,2019,0,1,0,12,12,0,1,0,1590.909090909091
0,1,0,0,0,0,0,0,0,0,0,0,1,0,0,0,0,0,0,0,1,0,0,3,85.0,0,2024,0,1,0,12,12,0,0,0,1364.7058823529412
0,1,0,0,0,0,0,0,0,0,0,1,0,0,0,0,0,0,0,1,0,0,0,1,43.0,1,2025,0,1,0,14,16,0,0,0,1500.0
0,1,0,0,0,0,0,0,0,0,0,0,0,1,0,0,0,0,1,0,0,0,0,3,70.0,0,2020,0,1,0,8,10,0,1,0,1514.2857142857142
1,0,0,0,0,0,0,0,0,0,0,0,1,0,0,0,0,0,1,0,0,0,0,1,36.0,1,2009,1,0,0,1,4,1,0,0,1444.4444444444443
0,0,1,0,0,0,0,0,0,0,0,1,0,0,0,0,0,0,0,1,0,0,0,2,67.0,0,2025,0,1,0,8,9,0,0,0,940.2985074626865
0,1,0,0,0,0,0,0,0,0,0,0,1,0,0,0,0,0,0,1,0,0,0,1,48.0,0,2023,1,0,0,11,13,1,0,0,1081.25
0,1,0,0,0,0,0,0,0,0,0,0,1,0,0,0,0,0,0,0,1,0,0,2,73.5,0,2023,0,1,0,11,12,0,0,0,1421.7687074829932
0,1,0,0,0,0,0,0,0,0,0,0,1,0,0,0,0,0,0,1,0,0,0,2,65.5,0,2023,0,1,0,10,10,1,0,0,1038.1679389312976
0,0,0,0,0,0,0,0,0,0,1,0,1,0,0,0,0,0,0,0,1,0,0,3,100.0,0,2024,0,0,1,4,9,0,0,0,1090.0
0,1,0,0,0,0,0,0,0,0,0,0,1,0,0,0,0,0,0,1,0,0,0,2,71.0,0,2026,0,1,0,6,15,1,0,0,860.0
0,1,0,0,0,0,0,0,0,0,0,0,0,0,0,0,0,0,0,1,0,0,0,2,53.8,0,2023,0,1,0,14,14,0,0,0,1550.0
0,1,0,0,0,0,0,0,0,0,0,0,1,0,0,0,0,0,1,0,0,0,0,3,58.0,1,2022,1,0,0,10,15,0,0,0,1844.8275862068965
0,0,0,0,0,0,0,0,1,0,0,0,0,0,0,0,0,0,0,0,0,0,0,1,37.7,0,1987,1,0,0,1,4,0,0,0,1220.1591511936338
0,1,0,0,0,0,0,0,0,0,0,0,0,0,0,1,0,0,1,0,0,0,0,4,160.0,0,2023,0,1,0,2,8,1,1,1,2368.75
0,1,0,0,0,0,0,0,0,0,0,0,0,0,0,0,0,0,0,1,0,0,0,4,164.0,0,2025,0,1,0,2,22,0,0,0,2000.0
0,1,0,0,0,0,0,0,0,0,0,0,1,0,0,0,0,0,1,0,0,0,0,2,50.0,0,2023,0,1,0,7,9,0,1,0,1540.0
0,1,0,0,0,0,0,0,0,0,0,0,0,1,0,0,0,0,0,1,0,0,0,2,60.0,0,2023,0,1,0,3,14,0,0,0,966.6666666666666
0,1,0,0,0,0,0,0,0,0,0,0,1,0,0,0,0,0,1,0,0,0,0,2,64.0,1,2021,0,1,0,8,12,0,1,0,1601.5625
0,1,0,0,0,0,0,0,0,0,0,0,0,0,0,0,0,0,0,1,0,0,0,2,78.0,0,2023,1,0,0,12,16,0,0,0,1050.0
0,0,0,0,1,0,0,0,0,0,0,0,1,0,0,0,0,0,0,0,0,1,0,2,44.0,0,1975,0,0,1,2,4,0,1,0,1647.7272727272727
0,1,0,0,0,0,0,0,0,0,0,0,0,0,0,0,0,0,1,0,0,0,0,3,118.0,1,2017,0,1,0,10,10,0,0,0,1525.4237288135594
1,0,0,0,0,0,0,0,0,0,0,0,0,0,0,0,0,0,0,0,0,0,0,4,154.2,0,2009,0,1,0,13,13,0,0,0,1459.1439688715955
0,1,0,0,0,0,0,0,0,0,0,1,0,0,0,0,0,0,1,0,0,0,0,1,44.0,1,2020,1,0,0,6,6,0,0,0,1272.7272727272727
0,1,0,0,0,0,0,0,0,0,0,0,1,0,0,0,0,0,0,1,0,0,0,3,92.0,0,2024,1,0,0,8,12,0,0,0,1010.8695652173913
0,1,0,0,0,0,0,0,0,0,0,1,0,0,0,0,0,0,0,1,0,0,0,2,56.0,0,2023,0,1,0,10,12,1,0,0,1235.7142857142858
0,0,1,0,0,0,0,0,0,0,0,0,1,0,0,0,0,0,1,0,0,0,0,1,42.0,0,1975,0,0,1,1,9,0,0,0,1785.7142857142858
0,1,0,0,0,0,0,0,0,0,0,0,1,0,0,0,0,0,1,0,0,0,0,2,64.0,0,2022,0,1,0,7,14,0,0,0,1703.125
0,1,0,0,0,0,0,0,0,0,0,0,0,1,0,0,0,0,0,1,0,0,0,3,107.0,0,2022,0,1,0,13,14,1,0,0,1275.7009345794393
0,1,0,0,0,0,0,0,0,0,0,0,1,0,0,0,0,0,0,1,0,0,0,2,76.0,0,2024,0,1,0,12,14,0,0,0,782.8947368421053
0,0,0,1,0,0,0,0,0,0,0,0,0,0,0,0,0,0,0,0,0,0,0,1,28.0,0,1964,1,0,0,1,4,0,0,0,2071.4285714285716
0,1,0,0,0,0,0,0,0,0,0,0,1,0,0,0,0,0,0,1,0,0,0,3,88.0,0,2024,0,1,0,14,14,0,0,0,1000.0
0,0,0,0,0,0,1,0,0,0,0,0,0,0,0,0,0,0,0,0,1,0,0,2,58.0,0,1987,0,0,1,2,5,0,0,0,1465.5172413793102
0,1,0,0,0,0,0,0,0,0,0,1,0,0,0,0,0,0,0,1,0,0,0,3,137.0,0,2024,0,1,0,2,16,0,0,0,1481.7518248175184
0,1,0,0,0,0,0,0,0,0,0,0,1,0,0,0,0,0,1,0,0,0,0,3,87.0,0,2017,0,1,0,8,10,0,0,0,1270.1149425287356
0,0,0,0,1,0,0,0,0,0,0,0,1,0,0,0,0,0,1,0,0,0,0,2,43.0,0,1975,0,0,1,1,4,0,0,0,1841.860465116279
0,1,0,0,0,0,0,0,0,0,0,0,1,0,0,0,0,0,1,0,0,0,0,2,53.0,0,2018,0,1,0,7,12,0,0,0,1830.188679245283
0,1,0,0,0,0,0,0,0,0,0,1,0,0,0,0,0,0,0,1,0,0,0,4,174.0,0,2025,0,1,0,6,18,1,0,0,1630.0
0,1,0,0,0,0,0,0,0,0,0,0,1,0,0,0,0,0,1,0,0,0,0,3,120.0,1,2010,0,1,0,7,10,0,1,1,2000.0
0,1,0,0,0,0,0,0,0,0,0,0,0,0,1,0,0,0,0,0,1,0,0,2,120.0,0,2023,0,1,0,4,18,0,0,0,1375.0
0,1,0,0,0,0,0,0,0,0,0,1,0,0,0,0,0,0,0,1,0,0,0,3,74.0,0,2022,0,1,0,7,14,0,0,0,1162.162162162162
0,1,0,0,0,0,0,0,0,0,0,0,0,0,0,0,0,0,1,0,0,0,0,2,53.0,1,2023,0,1,0,9,12,0,0,0,1773.5849056603774
1,0,0,0,0,0,0,0,0,0,0,0,0,0,0,0,0,0,0,0,0,0,0,1,44.0,0,2024,1,0,0,10,14,0,0,0,1306.8181818181818
0,1,0,0,0,0,0,0,0,0,0,0,0,0,0,0,0,0,0,1,0,0,0,3,100.0,0,2023,0,1,0,5,13,0,0,0,1380.0
1,0,0,0,0,0,0,0,0,0,0,0,1,0,0,0,0,0,1,0,0,0,0,1,47.2,0,1994,1,0,0,3,3,0,0,0,953.3898305084746
0,1,0,0,0,0,0,0,0,0,0,0,1,0,0,0,0,0,1,0,0,0,0,4,111.0,0,2023,1,0,0,8,12,1,0,1,1729.7297297297298
0,1,0,0,0,0,0,0,0,0,0,1,0,0,0,0,0,0,0,0,0,0,1,2,89.5,0,2026,0,1,0,3,12,1,0,0,849.1620111731844
0,1,0,0,0,0,0,0,0,0,0,0,0,1,0,0,0,0,1,0,0,0,0,1,54.0,0,2022,0,0,1,12,14,0,0,0,1833.3333333333333
0,1,0,0,0,0,0,0,0,0,0,1,0,0,0,0,0,0,0,1,0,0,0,2,74.0,0,2024,0,1,0,8,10,0,0,0,1662.162162162162
0,1,0,0,0,0,0,0,0,0,0,1,0,0,0,0,0,0,0,1,0,0,0,3,119.0,0,2024,1,0,0,3,15,1,0,0,1680.672268907563
0,0,0,1,0,0,0,0,0,0,0,0,1,0,0,0,0,0,0,0,1,0,0,3,54.0,0,1967,1,0,0,1,4,0,0,0,1324.0740740740741
0,1,0,0,0,0,0,0,0,0,0,0,1,0,0,0,0,0,1,0,0,0,0,1,46.0,0,2020,0,1,0,7,12,1,0,0,1956.5217391304348
0,1,0,0,0,0,0,0,0,0,0,1,0,0,0,0,0,0,1,0,0,0,0,3,92.0,0,2021,1,0,0,3,12,0,0,0,1456.5217391304348
0,0,0,0,0,0,1,0,0,0,0,0,0,1,0,0,0,0,1,0,0,0,0,3,61.0,0,1987,0,0,1,5,5,0,0,0,950.8196721311475
0,1,0,0,0,0,0,0,0,0,0,0,0,0,1,0,0,0,1,0,0,0,0,2,49.0,0,2018,0,1,0,12,12,0,0,0,1408.1632653061224
0,1,0,0,0,0,0,0,0,0,0,0,0,0,1,0,0,0,1,0,0,0,0,3,189.0,0,2023,1,0,0,10,10,0,1,1,1005.2910052910053
0,1,0,0,0,0,0,0,0,0,0,1,0,0,0,0,0,0,1,0,0,0,0,2,63.0,0,2023,0,1,0,13,13,1,0,0,1587.3015873015872
1,0,0,0,0,0,0,0,0,0,0,0,0,0,0,0,0,0,0,0,0,0,0,2,86.0,0,2021,1,0,0,11,13,0,0,0,1337.2093023255813
0,1,0,0,0,0,0,0,0,0,0,0,0,0,0,0,0,0,0,1,0,0,0,3,74.12,0,2025,1,0,0,5,16,0,0,0,1200.7555315704262
0,1,0,0,0,0,0,0,0,0,0,0,1,0,0,0,0,0,0,1,0,0,0,1,65.0,0,2023,0,1,0,15,15,0,0,0,1000.0
0,1,0,0,0,0,0,0,0,0,0,0,1,0,0,0,0,0,1,0,0,0,0,2,61.0,0,2023,0,1,0,9,13,0,1,1,1885.2459016393443
0,0,1,0,0,0,0,0,0,0,0,0,0,0,0,0,0,0,0,0,0,0,0,3,69.0,0,1983,0,0,1,9,9,0,0,0,1217.391304347826
0,0,1,0,0,0,0,0,0,0,0,0,1,0,0,0,0,0,0,0,1,0,0,3,61.0,1,1992,0,0,1,9,9,0,1,1,1434.4262295081967
0,0,1,0,0,0,0,0,0,0,0,0,0,0,1,0,0,0,0,0,1,0,0,1,45.0,0,2020,0,0,1,3,9,0,0,0,1340.0
0,1,0,0,0,0,0,0,0,0,0,1,0,0,0,0,0,0,1,0,0,0,0,3,63.0,0,2021,0,1,0,11,15,0,0,0,1555.5555555555557
0,0,0,0,1,0,0,0,0,0,0,0,1,0,0,0,0,0,0,0,1,0,0,3,58.0,1,1989,1,0,0,4,4,0,0,1,1379.3103448275863
1,0,0,0,0,0,0,0,0,0,0,0,1,0,0,0,0,0,1,0,0,0,0,5,124.0,0,1987,1,0,0,7,7,0,0,0,1733.8709677419354
0,1,0,0,0,0,0,0,0,0,0,1,0,0,0,0,0,0,0,1,0,0,0,2,73.0,1,2025,0,1,0,7,16,0,0,0,1500.0
1,0,0,0,0,0,0,0,0,0,0,0,0,0,0,0,0,0,0,0,0,0,0,3,100.0,0,2017,0,1,0,5,10,0,0,0,1550.0
0,0,0,0,0,0,1,0,0,0,0,0,1,0,0,0,0,0,0,0,1,0,0,2,50.0,0,1987,0,0,1,7,9,0,0,0,1700.0
0,1,0,0,0,0,0,0,0,0,0,1,0,0,0,0,0,0,0,1,0,0,0,3,100.17,0,2023,0,1,0,14,14,1,0,0,748.7271638215034
0,1,0,0,0,0,0,0,0,0,0,0,0,1,0,0,0,0,1,0,0,0,0,5,185.0,0,2017,0,1,0,3,11,0,0,0,1945.945945945946
0,1,0,0,0,0,0,0,0,0,0,1,0,0,0,0,0,0,1,0,0,0,0,2,67.0,1,2022,0,1,0,10,12,0,0,0,1597.0149253731342
0,1,0,0,0,0,0,0,0,0,0,1,0,0,0,0,0,0,0,1,0,0,0,1,51.0,0,2022,0,1,0,7,12,0,0,0,1427.450980392157
0,1,0,0,0,0,0,0,0,0,0,0,1,0,0,0,0,0,1,0,0,0,0,1,57.0,0,2021,0,1,0,7,12,0,0,0,1280.701754385965
0,0,0,0,1,0,0,0,0,0,0,0,1,0,0,0,0,0,1,0,0,0,0,2,48.0,1,1975,0,0,1,3,4,0,1,1,1660.4166666666667
0,0,1,0,0,0,0,0,0,0,0,0,1,0,0,0,0,0,0,0,1,0,0,2,73.0,0,1992,1,0,0,1,9,0,0,0,1116.4383561643835
0,0,0,0,1,0,0,0,0,0,0,0,1,0,0,0,0,0,0,0,0,1,0,2,48.0,0,1975,0,0,1,3,4,0,0,0,1583.3333333333333
0,1,0,0,0,0,0,0,0,0,0,0,1,0,0,0,0,0,1,0,0,0,0,3,100.0,0,2021,0,1,0,13,13,0,1,0,2580.0
0,1,0,0,0,0,0,0,0,0,0,0,0,0,1,0,0,0,1,0,0,0,0,3,130.0,1,2023,1,0,0,2,5,0,0,0,1807.6923076923076
1,0,0,0,0,0,0,0,0,0,0,0,1,0,0,0,0,0,0,0,1,0,0,1,40.0,0,1987,1,0,0,5,7,0,1,1,1574.975
0,1,0,0,0,0,0,0,0,0,0,0,1,0,0,0,0,0,1,0,0,0,0,1,42.0,0,2014,1,0,0,3,3,0,1,1,1090.4761904761904
0,1,0,0,0,0,0,0,0,0,0,1,0,0,0,0,0,0,1,0,0,0,0,1,43.0,0,2025,0,1,0,4,9,1,0,0,1744.1860465116279
0,1,0,0,0,0,0,0,0,0,0,1,0,0,0,0,0,0,0,1,0,0,0,3,103.0,0,2022,0,1,0,2,10,1,1,1,1582.5242718446602
0,0,1,0,0,0,0,0,0,0,0,1,0,0,0,0,0,0,0,1,0,0,0,1,45.0,0,2019,0,1,0,1,9,0,0,0,1000.0
0,1,0,0,0,0,0,0,0,0,0,0,0,0,0,0,0,0,0,1,0,0,0,4,108.0,1,2025,0,1,0,22,25,0,0,0,1148.148148148148
0,1,0,0,0,0,0,0,0,0,0,0,0,0,0,0,0,0,0,1,0,0,0,3,97.0,0,2024,0,1,0,12,16,0,0,0,1200.0
0,1,0,0,0,0,0,0,0,0,0,1,0,0,0,0,0,0,1,0,0,0,0,2,53.0,0,2023,1,0,0,12,14,0,0,0,2169.811320754717
1,0,0,0,0,0,0,0,0,0,0,0,0,0,0,0,0,0,0,0,0,0,0,2,58.0,0,2023,1,0,0,8,14,0,0,0,991.3793103448276
0,0,1,0,0,0,0,0,0,0,0,0,1,0,0,0,0,0,0,0,1,0,0,1,35.0,0,1992,0,0,1,4,9,0,1,0,1657.142857142857
0,1,0,0,0,0,0,0,0,0,0,0,1,0,0,0,0,0,0,1,0,0,0,2,62.0,0,2024,0,1,0,9,12,1,0,0,1250.0
0,0,0,0,0,0,1,0,0,0,0,0,0,0,0,0,0,0,0,0,0,0,0,3,61.0,0,1990,0,0,1,5,5,0,0,0,1491.8032786885246
0,1,0,0,0,0,0,0,0,0,0,0,1,0,0,0,0,0,0,1,0,0,0,3,84.9,1,2025,1,0,0,10,12,0,0,1,939.9999999999999
0,0,0,0,0,0,1,0,0,0,0,0,0,1,0,0,0,0,0,1,0,0,0,1,49.0,0,2025,0,0,1,4,5,0,0,0,1040.8163265306123
0,1,0,0,0,0,0,0,0,0,0,0,0,0,0,0,0,0,0,1,0,0,0,3,106.0,0,2025,0,1,0,13,14,0,0,0,1301.8867924528302
0,1,0,0,0,0,0,0,0,0,0,0,1,0,0,0,0,0,1,0,0,0,0,3,130.0,0,2022,0,1,0,6,14,0,0,0,1300.0
1,0,0,0,0,0,0,0,0,0,0,0,1,0,0,0,0,0,0,0,1,0,0,2,45.0,0,2019,1,0,0,2,5,0,0,0,1700.0
1,0,0,0,0,0,0,0,0,0,0,0,0,0,0,0,0,0,0,0,0,0,0,4,71.0,0,2020,0,1,0,9,12,0,0,0,1633.8028169014085
0,0,0,0,1,0,0,0,0,0,0,0,1,0,0,0,0,0,0,0,1,0,0,1,38.8,0,1965,0,0,1,4,4,0,0,1,1481.9587628865982
0,0,1,0,0,0,0,0,0,0,0,0,0,0,0,0,0,0,0,0,0,0,0,3,70.0,0,1990,0,0,1,9,9,0,0,0,1285.7142857142858
1,0,0,0,0,0,0,0,0,0,0,0,1,0,0,0,0,0,0,1,0,0,0,3,95.0,1,2025,0,1,0,14,17,0,0,0,958.9473684210526
1,0,0,0,0,0,0,0,0,0,0,0,0,0,0,0,0,0,0,0,0,0,0,3,80.0,0,2025,1,0,0,7,12,0,0,0,1000.0
0,0,0,0,0,0,1,0,0,0,0,0,0,0,0,0,0,0,0,0,0,0,0,1,36.0,0,1992,0,0,1,6,9,0,0,0,1722.2222222222222
1,0,0,0,0,0,0,0,0,0,0,0,1,0,0,0,0,0,0,0,1,0,0,2,48.0,0,2019,1,0,0,3,5,0,0,0,1489.5833333333333
0,1,0,0,0,0,0,0,0,0,0,1,0,0,0,0,0,0,0,1,0,0,0,1,44.5,0,2025,0,1,0,9,10,0,0,0,1123.5955056179776
0,1,0,0,0,0,0,0,0,0,0,0,1,0,0,0,0,0,0,1,0,0,0,2,69.0,0,2024,0,1,0,3,10,0,0,0,1246.376811594203
0,1,0,0,0,0,0,0,0,0,0,0,0,0,0,0,0,0,0,1,0,0,0,1,45.0,1,2024,1,0,0,13,14,1,1,1,1355.5555555555557
1,0,0,0,0,0,0,0,0,0,0,0,0,0,0,1,0,0,1,0,0,0,0,1,33.0,0,2019,1,0,0,1,2,0,0,0,1424.2424242424242
1,0,0,0,0,0,0,0,0,0,0,0,1,0,0,0,0,0,0,0,1,0,0,2,45.0,1,2019,1,0,0,6,9,0,0,0,1444.4444444444443
0,1,0,0,0,0,0,0,0,0,0,0,1,0,0,0,0,0,1,0,0,0,0,1,33.0,0,2023,1,0,0,7,10,0,0,0,1636.3636363636363
1,0,0,0,0,0,0,0,0,0,0,0,0,0,0,0,0,0,1,0,0,0,0,3,118.0,0,2023,0,1,0,10,12,0,0,0,1250.0
0,1,0,0,0,0,0,0,0,0,0,1,0,0,0,0,0,0,1,0,0,0,0,2,75.0,0,2022,1,0,0,13,14,1,0,0,1733.3333333333333
1,0,0,0,0,0,0,0,0,0,0,0,1,0,0,0,0,0,0,0,1,0,0,2,65.0,0,1987,1,0,0,1,5,1,0,0,1076.923076923077
0,1,0,0,0,0,0,0,0,0,0,0,0,0,0,0,0,0,0,1,0,0,0,2,74.0,0,2027,0,1,0,13,14,1,0,0,1100.0
0,0,1,0,0,0,0,0,0,0,0,0,1,0,0,0,0,0,0,0,0,1,0,2,53.0,0,1992,0,0,1,1,9,0,1,0,1698.1132075471698
0,1,0,0,0,0,0,0,0,0,0,1,0,0,0,0,0,0,0,1,0,0,0,1,45.0,0,2024,0,1,0,6,9,1,0,0,1066.6666666666667
0,1,0,0,0,0,0,0,0,0,0,0,0,0,0,0,0,0,0,1,0,0,0,2,72.0,0,2023,1,0,0,4,10,0,0,0,1090.2777777777778
0,1,0,0,0,0,0,0,0,0,0,0,1,0,0,0,0,0,1,0,0,0,0,2,90.0,0,2016,0,1,0,10,12,0,0,0,1611.111111111111
0,1,0,0,0,0,0,0,0,0,0,1,0,0,0,0,0,0,0,1,0,0,0,2,81.0,0,2027,1,0,0,4,12,0,0,0,1200.0
0,1,0,0,0,0,0,0,0,0,0,0,1,0,0,0,0,0,0,1,0,0,0,1,53.0,0,2022,0,1,0,4,11,0,0,0,1198.1132075471698
0,1,0,0,0,0,0,0,0,0,0,0,1,0,0,0,0,0,1,0,0,0,0,4,103.3,0,2018,0,1,0,10,19,0,1,1,1887.7057115198452
1,0,0,0,0,0,0,0,0,0,0,0,1,0,0,0,0,0,0,1,0,0,0,2,73.0,0,2025,1,0,0,8,12,0,0,0,808.2191780821918
0,1,0,0,0,0,0,0,0,0,0,0,1,0,0,0,0,0,1,0,0,0,0,2,69.0,0,2020,0,1,0,12,14,0,0,0,2101.449275362319
0,1,0,0,0,0,0,0,0,0,0,0,1,0,0,0,0,0,0,1,0,0,0,2,62.0,0,2023,0,1,0,11,15,0,0,0,1395.1612903225807
0,1,0,0,0,0,0,0,0,0,0,1,0,0,0,0,0,0,0,1,0,0,0,1,41.0,0,2024,0,1,0,8,9,0,0,0,1219.5121951219512
0,1,0,0,0,0,0,0,0,0,0,1,0,0,0,0,0,0,1,0,0,0,0,2,44.0,0,2023,0,1,0,3,14,0,0,0,1375.0
0,1,0,0,0,0,0,0,0,0,0,0,1,0,0,0,0,0,1,0,0,0,0,1,46.0,0,2020,0,1,0,7,12,0,0,0,1967.391304347826
0,1,0,0,0,0,0,0,0,0,0,1,0,0,0,0,0,0,0,1,0,0,0,3,110.0,0,2022,1,0,0,11,14,0,0,0,1150.0
0,1,0,0,0,0,0,0,0,0,0,0,0,0,0,0,0,0,0,1,0,0,0,1,61.0,0,2025,1,0,0,4,9,0,0,0,960.0
0,1,0,0,0,0,0,0,0,0,0,1,0,0,0,0,0,0,0,0,1,0,0,3,80.0,1,2022,1,0,0,10,16,0,0,0,2337.5
0,0,0,1,0,0,0,0,0,0,0,0,1,0,0,0,0,0,1,0,0,0,0,3,52.0,1,1966,1,0,0,3,4,0,1,1,1673.076923076923
0,0,0,0,0,0,1,0,0,0,0,0,0,0,0,0,0,0,0,0,1,0,0,1,35.0,0,1987,0,0,1,9,9,0,0,0,1814.2857142857142
0,0,1,0,0,0,0,0,0,0,0,0,0,0,1,0,0,0,1,0,0,0,0,1,18.0,1,2021,0,0,1,9,9,0,1,1,1305.5555555555557
0,1,0,0,0,0,0,0,0,0,0,0,1,0,0,0,0,0,0,1,0,0,0,2,66.0,0,2023,1,0,0,10,16,1,0,0,1450.0
0,1,0,0,0,0,0,0,0,0,0,0,1,0,0,0,0,0,1,0,0,0,0,3,100.0,0,2023,0,1,0,6,9,0,1,0,1290.0
1,0,0,0,0,0,0,0,0,0,0,0,1,0,0,0,0,0,0,0,1,0,0,2,43.0,1,2019,1,0,0,3,4,0,1,1,1511.6279069767443
0,1,0,0,0,0,0,0,0,0,0,0,1,0,0,0,0,0,0,1,0,0,0,2,64.5,1,2025,0,1,0,5,10,1,0,0,1200.0
0,1,0,0,0,0,0,0,0,0,0,0,1,0,0,0,0,0,0,1,0,0,0,2,80.0,1,2026,0,1,0,4,16,0,0,0,1200.0
0,1,0,0,0,0,0,0,0,0,0,0,0,1,0,0,0,0,0,1,0,0,0,4,154.0,0,2021,0,1,0,8,14,0,0,0,1172.077922077922
0,1,0,0,0,0,0,0,0,0,0,0,1,0,0,0,0,0,0,0,1,0,0,2,80.0,1,2015,1,0,0,6,9,0,0,0,1125.0
0,1,0,0,0,0,0,0,0,0,0,0,1,0,0,0,0,0,1,0,0,0,0,2,63.0,0,2022,0,1,0,6,13,0,1,1,1666.6666666666667
0,1,0,0,0,0,0,0,0,0,0,0,1,0,0,0,0,0,0,1,0,0,0,3,101.0,0,2024,0,1,0,7,10,0,0,0,876.2376237623762
0,0,1,0,0,0,0,0,0,0,0,0,0,0,1,0,0,0,0,0,1,0,0,2,70.0,1,2001,0,1,0,1,9,0,0,0,1214.2857142857142
0,0,0,0,0,1,0,0,0,0,0,1,0,0,0,0,0,0,0,1,0,0,0,1,52.0,0,2025,0,0,1,5,10,0,0,0,1096.1538461538462
0,1,0,0,0,0,0,0,0,0,0,0,1,0,0,0,0,0,1,0,0,0,0,4,126.0,0,2020,0,1,0,12,14,0,0,0,2285.714285714286
0,0,0,0,1,0,0,0,0,0,0,0,0,0,0,0,0,0,0,0,1,0,0,3,58.0,0,1975,0,0,1,3,4,0,0,0,1612.0689655172414
0,1,0,0,0,0,0,0,0,0,0,0,0,0,1,0,0,0,0,0,1,0,0,2,71.0,0,2012,1,0,0,3,10,1,1,0,1626.7605633802816
0,1,0,0,0,0,0,0,0,0,0,1,0,0,0,0,0,0,0,1,0,0,0,1,73.0,0,2022,0,1,0,16,18,0,0,0,904.1095890410959
0,0,1,0,0,0,0,0,0,0,0,0,0,0,0,0,0,0,0,0,0,0,0,2,67.0,0,2010,0,0,1,3,9,0,0,0,1388.0597014925372
0,1,0,0,0,0,0,0,0,0,0,0,1,0,0,0,0,0,0,1,0,0,0,2,72.0,0,2025,0,1,0,9,14,1,0,0,1104.1666666666667
0,1,0,0,0,0,0,0,0,0,0,0,1,0,0,0,0,0,1,0,0,0,0,4,136.0,0,2019,0,1,0,12,15,0,0,0,1915.0
0,1,0,0,0,0,0,0,0,0,0,0,0,0,0,0,0,0,0,1,0,0,0,3,101.0,0,2025,0,1,0,7,20,1,0,0,1200.0
0,1,0,0,0,0,0,0,0,0,0,0,0,0,0,0,0,0,0,1,0,0,0,3,84.0,0,2023,1,0,0,7,12,0,0,0,1166.6666666666667
1,0,0,0,0,0,0,0,0,0,0,0,0,0,0,0,0,0,0,0,0,0,0,3,92.8,0,2022,1,0,0,7,16,0,0,0,1368.5344827586207
0,1,0,0,0,0,0,0,0,0,0,1,0,0,0,0,0,0,0,1,0,0,0,1,46.0,0,2024,0,1,0,4,9,1,0,0,1500.0
0,1,0,0,0,0,0,0,0,0,0,1,0,0,0,0,0,0,1,0,0,0,0,5,192.0,0,2020,0,1,0,7,8,0,0,0,2286.4583333333335
0,1,0,0,0,0,0,0,0,0,0,1,0,0,0,0,0,0,1,0,0,0,0,2,72.0,0,2024,0,1,0,10,10,0,0,0,1500.0
0,0,1,0,0,0,0,0,0,0,0,0,1,0,0,0,0,0,1,0,0,0,0,3,90.0,0,1992,0,0,1,5,9,0,1,0,1372.2222222222222
0,1,0,0,0,0,0,0,0,0,0,0,1,0,0,0,0,0,0,0,1,0,0,2,58.0,0,2023,0,0,1,14,16,0,0,0,1482.7586206896551
0,1,0,0,0,0,0,0,0,0,0,0,0,0,0,0,0,0,0,0,0,0,1,4,120.61,0,2023,0,1,0,13,14,0,0,0,721.3332227841804
0,0,1,0,0,0,0,0,0,0,0,0,1,0,0,0,0,0,0,0,1,0,0,1,40.0,0,1999,0,0,1,5,9,0,1,0,1650.0
0,1,0,0,0,0,0,0,0,0,0,1,0,0,0,0,0,0,0,1,0,0,0,4,146.0,0,2023,0,1,0,5,12,0,0,0,1273.972602739726
0,1,0,0,0,0,0,0,0,0,0,1,0,0,0,0,0,0,0,1,0,0,0,2,67.0,0,2023,0,1,0,8,9,0,0,0,1022.3880597014926
0,1,0,0,0,0,0,0,0,0,0,0,1,0,0,0,0,0,0,0,1,0,0,3,69.0,0,2023,0,1,0,1,5,0,0,0,2000.0
0,1,0,0,0,0,0,0,0,0,0,0,1,0,0,0,0,0,1,0,0,0,0,3,120.0,0,2015,0,1,0,10,11,0,1,1,1625.0
0,1,0,0,0,0,0,0,0,0,0,0,1,0,0,0,0,0,0,1,0,0,0,3,100.0,0,2023,0,1,0,11,16,1,0,0,1150.0
1,0,0,0,0,0,0,0,0,0,0,0,1,0,0,0,0,0,0,0,1,0,0,2,52.0,0,1973,1,0,0,2,5,0,1,1,1451.923076923077
0,1,0,0,0,0,0,0,0,0,0,0,1,0,0,0,0,0,0,1,0,0,0,2,65.0,0,2024,0,1,0,15,16,0,0,0,1446.1538461538462
1,0,0,0,0,0,0,0,0,0,0,0,0,0,0,0,0,0,0,0,0,0,0,3,76.5,0,2024,1,0,0,2,12,0,0,0,1307.18954248366
1,0,0,0,0,0,0,0,0,0,0,0,0,0,0,0,0,0,0,0,0,0,0,2,76.0,0,2016,0,1,0,2,10,0,0,0,1546.0526315789473
1,0,0,0,0,0,0,0,0,0,0,0,0,0,0,0,0,0,0,0,0,0,0,2,95.0,0,2021,1,0,0,8,9,0,0,0,1578.9473684210527
0,1,0,0,0,0,0,0,0,0,0,0,1,0,0,0,0,0,0,0,1,0,0,1,48.1,1,2016,0,1,0,8,10,1,1,1,1392.9313929313928
0,1,0,0,0,0,0,0,0,0,0,0,0,0,0,0,0,0,1,0,0,0,0,2,78.7,0,2023,0,1,0,7,10,0,1,1,1639.1359593392629
0,0,0,0,1,0,0,0,0,0,0,0,0,0,0,0,0,0,0,0,1,0,0,3,58.0,1,1975,1,0,0,1,5,0,0,0,1551.7241379310344
0,1,0,0,0,0,0,0,0,0,0,1,0,0,0,0,0,0,0,1,0,0,0,1,42.07,0,2024,0,1,0,12,14,0,0,0,1129.070596624673
0,1,0,0,0,0,0,0,0,0,0,1,0,0,0,0,0,0,1,0,0,0,0,1,48.0,0,2023,0,1,0,4,9,1,0,0,1485.4166666666667
0,0,1,0,0,0,0,0,0,0,0,0,0,0,0,0,0,0,0,0,1,0,0,2,64.0,0,2019,0,0,1,9,12,0,0,0,1140.625
0,1,0,0,0,0,0,0,0,0,0,0,1,0,0,0,0,0,0,1,0,0,0,2,67.0,0,2023,0,1,0,13,13,0,0,0,1100.0
0,0,1,0,0,0,0,0,0,0,0,0,0,0,1,0,0,0,0,0,1,0,0,2,67.0,1,2019,0,0,1,1,9,0,1,1,1095.5223880597016
0,1,0,0,0,0,0,0,0,0,0,1,0,0,0,0,0,0,1,0,0,0,0,2,69.0,0,2023,0,1,0,6,6,0,1,0,1000.0
1,0,0,0,0,0,0,0,0,0,0,0,0,0,0,0,0,0,0,0,0,0,0,2,73.0,0,2021,0,1,0,2,9,0,0,0,2150.6849315068494
0,0,1,0,0,0,0,0,0,0,0,0,0,0,1,0,0,0,0,0,1,0,0,3,89.0,0,2011,0,0,1,9,9,0,1,1,1067.4157303370787
0,1,0,0,0,0,0,0,0,0,0,0,0,0,0,0,0,0,0,1,0,0,0,3,121.0,0,2020,0,1,0,4,7,0,0,0,1900.0
0,1,0,0,0,0,0,0,0,0,0,1,0,0,0,0,0,0,1,0,0,0,0,1,39.0,0,2023,0,1,0,10,14,1,0,1,1653.8461538461538
1,0,0,0,0,0,0,0,0,0,0,1,0,0,0,0,0,0,1,0,0,0,0,1,37.0,0,2022,1,0,0,1,4,0,1,1,1283.7837837837837
0,1,0,0,0,0,0,0,0,0,0,0,1,0,0,0,0,0,1,0,0,0,0,2,50.0,1,2023,0,1,0,6,15,0,0,0,1900.0
0,1,0,0,0,0,0,0,0,0,0,0,1,0,0,0,0,0,1,0,0,0,0,2,62.0,0,2023,1,0,0,11,12,1,1,1,2548.3870967741937
0,1,0,0,0,0,0,0,0,0,0,0,1,0,0,0,0,0,0,1,0,0,0,1,42.0,0,2025,0,1,0,10,10,0,0,0,1142.857142857143
0,1,0,0,0,0,0,0,0,0,0,1,0,0,0,0,0,0,0,1,0,0,0,1,40.0,0,2023,0,1,0,8,14,0,0,0,1275.0
0,1,0,0,0,0,0,0,0,0,0,1,0,0,0,0,0,0,0,0,0,0,1,2,65.0,0,2023,1,0,0,9,14,0,0,0,880.0
0,1,0,0,0,0,0,0,0,0,0,0,1,0,0,0,0,0,0,1,0,0,0,2,65.5,0,2023,0,1,0,2,10,1,0,0,1038.1679389312976
1,0,0,0,0,0,0,0,0,0,0,0,0,0,0,0,0,0,0,0,0,0,0,3,119.6,0,2018,0,1,0,16,17,0,0,0,1337.7926421404684
0,1,0,0,0,0,0,0,0,0,0,1,0,0,0,0,0,0,0,1,0,0,0,3,73.0,0,2022,0,1,0,16,18,0,0,0,1068.4931506849316
1,0,0,0,0,0,0,0,0,0,0,0,0,0,0,0,0,0,0,0,0,0,0,3,96.0,0,2023,0,1,0,10,12,0,0,0,1250.0
0,1,0,0,0,0,0,0,0,0,0,0,1,0,0,0,0,0,1,0,0,0,0,2,67.0,0,2022,0,1,0,7,16,0,0,0,1626.865671641791
0,0,0,1,0,0,0,0,0,0,0,0,1,0,0,0,0,0,0,0,0,1,0,2,43.0,0,1970,1,0,0,3,4,0,1,0,1383.7209302325582
0,1,0,0,0,0,0,0,0,0,0,1,0,0,0,0,0,0,1,0,0,0,0,3,69.0,0,2023,1,0,0,1,4,0,0,0,2010.144927536232
0,1,0,0,0,0,0,0,0,0,0,0,0,0,0,0,0,0,0,1,0,0,0,1,56.1,0,2023,0,1,0,7,25,0,0,0,1604.2780748663101
0,1,0,0,0,0,0,0,0,0,0,0,1,0,0,0,0,0,1,0,0,0,0,2,62.0,0,2019,0,1,0,4,12,0,0,0,1806.4516129032259
0,0,0,1,0,0,0,0,0,0,0,0,1,0,0,0,0,0,0,0,1,0,0,2,42.0,0,1967,1,0,0,3,4,0,0,0,1392.857142857143
1,0,0,0,0,0,0,0,0,0,0,0,1,0,0,0,0,0,1,0,0,0,0,4,130.0,1,2019,1,0,0,12,12,0,1,1,1538.4615384615386
0,0,1,0,0,0,0,0,0,0,0,0,0,0,1,0,0,0,0,0,1,0,0,2,53.0,0,2015,0,0,1,6,9,0,1,1,1377.3584905660377
0,1,0,0,0,0,0,0,0,0,0,0,1,0,0,0,0,0,1,0,0,0,0,4,136.0,0,2023,0,1,0,6,7,0,1,0,1014.7058823529412
0,1,0,0,0,0,0,0,0,0,0,1,0,0,0,0,0,0,1,0,0,0,0,2,74.0,0,2023,0,1,0,10,15,1,1,0,1750.0
0,1,0,0,0,0,0,0,0,0,0,0,1,0,0,0,0,0,0,1,0,0,0,2,73.0,1,2025,0,1,0,11,12,1,0,1,1100.0
0,1,0,0,0,0,0,0,0,0,0,0,0,1,0,0,0,0,0,0,0,0,1,1,55.0,0,2023,0,1,0,4,14,0,0,0,800.0
0,0,0,0,1,0,0,0,0,0,0,0,1,0,0,0,0,0,1,0,0,0,0,3,61.0,1,1975,0,0,1,2,4,0,1,0,1459.016393442623
0,0,0,0,1,0,0,0,0,0,0,0,1,0,0,0,0,0,0,0,1,0,0,3,58.0,1,1975,0,0,1,2,5,0,0,0,1637.9310344827586
0,1,0,0,0,0,0,0,0,0,0,0,1,0,0,0,0,0,1,0,0,0,0,1,40.0,1,2020,0,1,0,12,12,0,1,0,1775.0
0,1,0,0,0,0,0,0,0,0,0,0,1,0,0,0,0,0,0,0,0,0,1,3,99.0,1,2025,0,1,0,13,16,0,0,0,1450.0
0,0,0,0,0,1,0,0,0,0,0,0,1,0,0,0,0,0,1,0,0,0,0,4,100.0,0,2023,0,0,1,5,9,0,1,0,1410.0
0,0,1,0,0,0,0,0,0,0,0,0,0,0,0,0,0,0,0,0,0,0,0,2,57.0,0,2019,0,1,0,8,9,0,0,0,1228.0701754385964
0,1,0,0,0,0,0,0,0,0,0,0,0,1,0,0,0,0,1,0,0,0,0,3,103.0,1,2022,1,0,0,4,12,0,1,1,2155.339805825243
0,1,0,0,0,0,0,0,0,0,0,0,1,0,0,0,0,0,0,1,0,0,0,1,44.0,0,2025,0,1,0,2,14,0,0,0,886.3636363636364
1,0,0,0,0,0,0,0,0,0,0,0,1,0,0,0,0,0,0,0,1,0,0,2,41.0,0,1965,1,0,0,4,4,1,1,1,1609.7560975609756
0,0,0,0,0,1,0,0,0,0,0,0,0,0,0,0,0,0,0,1,0,0,0,2,80.1,0,2025,0,0,1,2,10,1,0,0,930.0873907615481
0,1,0,0,0,0,0,0,0,0,0,1,0,0,0,0,0,0,1,0,0,0,0,2,88.0,0,2022,1,0,0,11,14,0,0,0,1590.909090909091
1,0,0,0,0,0,0,0,0,0,0,0,0,0,0,0,0,0,0,0,0,0,0,2,68.7,0,2018,0,1,0,8,10,0,0,0,1455.604075691412
1,0,0,0,0,0,0,0,0,0,0,0,1,0,0,0,0,0,0,0,1,0,0,2,48.0,0,2019,1,0,0,5,5,0,0,0,1552.0833333333333
0,0,0,0,0,0,1,0,0,0,0,0,0,0,0,0,0,0,0,0,0,0,0,2,52.0,0,1990,0,0,1,7,9,0,0,0,1750.0
0,1,0,0,0,0,0,0,0,0,0,1,0,0,0,0,0,0,1,0,0,0,0,1,46.0,0,2023,1,0,0,4,12,0,0,0,1554.3478260869565
1,0,0,0,0,0,0,0,0,0,0,0,1,0,0,0,0,0,0,0,1,0,0,3,60.0,0,1973,1,0,0,2,5,0,1,1,1366.6666666666667
0,1,0,0,0,0,0,0,0,0,0,0,0,0,1,0,0,0,1,0,0,0,0,4,255.0,0,2023,1,0,0,9,12,1,1,1,1125.4901960784314
0,1,0,0,0,0,0,0,0,0,0,0,0,0,1,0,0,0,1,0,0,0,0,1,40.0,0,2023,1,0,0,10,12,0,0,0,1600.0
0,1,0,0,0,0,0,0,0,0,0,1,0,0,0,0,0,0,1,0,0,0,0,2,54.0,0,2024,1,0,0,13,14,1,0,0,1842.5925925925926
0,0,0,0,0,0,1,0,0,0,0,0,1,0,0,0,0,0,0,0,0,1,0,1,33.0,0,1990,0,0,1,9,9,0,1,0,1636.3636363636363
0,1,0,0,0,0,0,0,0,0,0,1,0,0,0,0,0,0,0,1,0,0,0,3,135.0,0,2023,0,1,0,9,11,0,0,0,1600.0
0,1,0,0,0,0,0,0,0,0,0,1,0,0,0,0,0,0,0,1,0,0,0,2,78.0,1,2024,0,1,0,13,14,0,0,0,1153.8333333333333
0,1,0,0,0,0,0,0,0,0,0,1,0,0,0,0,0,0,0,1,0,0,0,1,40.0,0,2023,0,1,0,9,14,1,0,0,1175.0
0,1,0,0,0,0,0,0,0,0,0,0,1,0,0,0,0,0,0,0,1,0,0,2,68.0,1,2022,0,1,0,2,12,0,0,0,1500.0
0,1,0,0,0,0,0,0,0,0,0,1,0,0,0,0,0,0,0,1,0,0,0,2,64.0,0,2024,0,1,0,8,9,0,0,0,890.625
0,1,0,0,0,0,0,0,0,0,0,1,0,0,0,0,0,0,1,0,0,0,0,2,74.0,0,2022,1,0,0,11,14,0,0,0,1756.7567567567567
1,0,0,0,0,0,0,0,0,0,0,0,0,0,0,0,0,0,0,0,0,0,0,2,66.2,0,2016,0,1,0,4,9,0,0,0,1359.5166163141994
0,1,0,0,0,0,0,0,0,0,0,1,0,0,0,0,0,0,0,1,0,0,0,2,77.0,0,2026,0,1,0,8,17,1,0,0,1400.0
1,0,0,0,0,0,0,0,0,0,0,0,0,0,0,0,0,0,0,0,0,0,0,2,57.0,0,2015,1,0,0,9,12,0,0,0,982.4561403508771
1,0,0,0,0,0,0,0,0,0,0,0,0,0,0,0,0,0,0,0,0,0,0,3,93.0,0,2022,1,0,0,15,16,0,0,0,1451.6129032258063
0,1,0,0,0,0,0,0,0,0,0,0,1,0,0,0,0,0,1,0,0,0,0,1,50.0,1,2021,1,0,0,7,10,0,1,0,1380.0
0,0,0,0,1,0,0,0,0,0,0,0,1,0,0,0,0,0,0,0,1,0,0,2,43.0,0,1975,0,0,1,1,4,0,1,1,1383.7209302325582
0,0,0,0,0,0,1,0,0,0,0,0,1,0,0,0,0,0,0,0,1,0,0,3,65.0,1,1983,0,0,1,1,5,0,1,1,1615.3846153846155
0,1,0,0,0,0,0,0,0,0,0,0,1,0,0,0,0,0,1,0,0,0,0,3,98.0,0,2019,0,1,0,9,12,0,1,0,1734.6938775510205
0,0,0,0,0,0,1,0,0,0,0,0,1,0,0,0,0,0,0,0,1,0,0,2,50.0,0,1987,0,0,1,4,5,0,1,1,1680.0
0,1,0,0,0,0,0,0,0,0,0,0,1,0,0,0,0,0,0,1,0,0,0,2,60.0,0,2024,0,1,0,7,14,0,0,0,1125.0
0,1,0,0,0,0,0,0,0,0,0,0,1,0,0,0,0,0,1,0,0,0,0,3,125.0,0,2022,0,1,0,5,12,1,0,0,1960.0
0,1,0,0,0,0,0,0,0,0,0,1,0,0,0,0,0,0,1,0,0,0,0,2,58.0,1,2022,0,1,0,3,12,0,0,0,1663.7931034482758
0,1,0,0,0,0,0,0,0,0,0,1,0,0,0,0,0,0,0,1,0,0,0,3,108.0,0,2024,0,1,0,11,12,0,0,0,1120.0
0,1,0,0,0,0,0,0,0,0,0,1,0,0,0,0,0,0,0,1,0,0,0,3,95.0,0,2023,0,1,0,9,9,0,0,0,963.1578947368421
0,1,0,0,0,0,0,0,0,0,0,1,0,0,0,0,0,0,0,1,0,0,0,2,86.4,0,2023,0,1,0,15,16,0,0,0,1200.0
0,0,1,0,0,0,0,0,0,0,0,0,1,0,0,0,0,0,0,0,0,1,0,3,70.0,0,1992,0,0,1,4,9,0,0,0,1685.7142857142858
0,1,0,0,0,0,0,0,0,0,0,0,1,0,0,0,0,0,1,0,0,0,0,1,38.0,0,2023,1,0,0,6,10,0,1,1,1407.8947368421052
1,0,0,0,0,0,0,0,0,0,0,0,0,0,0,0,0,0,0,0,0,0,0,4,155.0,0,2011,1,0,0,5,10,0,0,0,2193.548387096774
0,0,0,0,1,0,0,0,0,0,0,0,1,0,0,0,0,0,1,0,0,0,0,2,44.0,0,1975,0,0,1,5,5,0,1,1,1545.4545454545455
0,1,0,0,0,0,0,0,0,0,0,1,0,0,0,0,0,0,1,0,0,0,0,1,35.0,0,2022,0,1,0,12,15,0,0,0,1928.5714285714287
0,1,0,0,0,0,0,0,0,0,0,1,0,0,0,0,0,0,1,0,0,0,0,1,53.5,0,2023,0,1,0,4,10,1,0,0,1271.0280373831777
0,1,0,0,0,0,0,0,0,0,0,0,0,0,0,0,0,0,1,0,0,0,0,3,146.0,0,2023,1,0,0,8,10,0,0,0,1424.6575342465753
0,1,0,0,0,0,0,0,0,0,0,0,1,0,0,0,0,0,0,1,0,0,0,1,54.0,0,2023,1,0,0,9,13,0,0,0,1611.111111111111
0,1,0,0,0,0,0,0,0,0,0,0,0,1,0,0,0,0,0,1,0,0,0,2,54.0,0,2025,0,1,0,6,24,0,0,0,1212.962962962963
1,0,0,0,0,0,0,0,0,0,0,0,0,0,0,0,0,0,0,0,0,0,0,2,46.5,0,2024,0,1,0,11,12,0,0,0,1602.1505376344087
0,1,0,0,0,0,0,0,0,0,0,1,0,0,0,0,0,0,1,0,0,0,0,2,62.0,0,2023,1,0,0,5,18,0,1,0,1435.483870967742
0,1,0,0,0,0,0,0,0,0,0,0,0,0,0,0,0,0,0,0,0,0,1,2,55.0,0,2025,0,0,1,5,16,0,0,0,1327.2727272727273
0,0,0,1,0,0,0,0,0,0,0,0,1,0,0,0,0,0,0,0,1,0,0,1,18.0,0,1967,1,0,0,4,5,0,1,0,1416.6666666666667
0,1,0,0,0,0,0,0,0,0,0,1,0,0,0,0,0,0,1,0,0,0,0,3,125.0,0,2022,0,1,0,10,12,0,0,0,2000.0
1,0,0,0,0,0,0,0,0,0,0,0,0,0,1,0,0,0,0,0,1,0,0,1,35.0,0,2022,1,0,0,5,5,0,0,0,1200.0
0,1,0,0,0,0,0,0,0,0,0,0,1,0,0,0,0,0,1,0,0,0,0,4,136.0,0,2019,0,1,0,12,15,0,1,0,1911.764705882353
0,1,0,0,0,0,0,0,0,0,0,0,1,0,0,0,0,0,0,1,0,0,0,3,88.6,0,2023,1,0,0,14,14,0,0,0,1021.4446952595938
0,0,0,0,1,0,0,0,0,0,0,0,1,0,0,0,0,0,0,0,1,0,0,1,34.0,1,1987,1,0,0,3,5,0,0,1,1832.3529411764705
0,1,0,0,0,0,0,0,0,0,0,1,0,0,0,0,0,0,0,1,0,0,0,2,46.87,0,2023,1,0,0,8,12,0,0,0,1216.1297205035205
1,0,0,0,0,0,0,0,0,0,0,0,0,0,0,0,0,0,0,0,0,0,0,1,64.0,0,2023,0,1,0,7,16,0,0,0,1703.125
0,1,0,0,0,0,0,0,0,0,0,1,0,0,0,0,0,0,0,1,0,0,0,3,131.7,0,2023,0,1,0,4,4,0,0,0,1600.0000000000002
0,1,0,0,0,0,0,0,0,0,0,1,0,0,0,0,0,0,0,1,0,0,0,1,45.0,1,2026,0,1,0,15,16,0,0,1,1222.2222222222222
0,1,0,0,0,0,0,0,0,0,0,0,1,0,0,0,0,0,1,0,0,0,0,2,78.0,0,2017,0,1,0,13,13,1,1,1,1371.7948717948718
0,0,0,0,0,0,1,0,0,0,0,0,0,0,0,0,0,0,0,0,0,0,0,1,32.0,0,1992,0,0,1,1,9,0,0,0,1906.25
0,1,0,0,0,0,0,0,0,0,0,1,0,0,0,0,0,0,1,0,0,0,0,3,100.0,0,2022,0,1,0,8,14,0,0,0,1650.0
0,1,0,0,0,0,0,0,0,0,0,1,0,0,0,0,0,0,1,0,0,0,0,1,46.0,0,2024,0,1,0,10,14,0,0,0,1456.5217391304348
0,1,0,0,0,0,0,0,0,0,0,1,0,0,0,0,0,0,0,1,0,0,0,1,41.0,0,2023,0,1,0,11,14,0,0,0,1331.7073170731708
1,0,0,0,0,0,0,0,0,0,0,0,0,0,0,0,0,0,0,0,0,0,0,4,141.14,0,2019,1,0,0,12,16,0,0,0,935.2416040810543
0,1,0,0,0,0,0,0,0,0,0,1,0,0,0,0,0,0,1,0,0,0,0,2,57.0,0,2019,0,1,0,4,12,0,0,0,1815.7894736842106
1,0,0,0,0,0,0,0,0,0,0,0,0,0,0,0,0,0,0,0,0,0,0,3,115.0,0,2018,0,1,0,2,7,0,0,0,1895.6521739130435
0,0,0,0,0,0,0,0,1,0,0,0,1,0,0,0,0,0,0,0,1,0,0,1,13.0,0,1990,1,0,0,4,5,0,0,0,1730.7692307692307
0,1,0,0,0,0,0,0,0,0,0,1,0,0,0,0,0,0,0,1,0,0,0,2,50.05,0,2026,1,0,0,16,16,0,0,0,850.00999000999
0,0,0,0,0,1,0,0,0,0,0,0,0,1,0,0,0,0,1,0,0,0,0,1,48.0,0,2022,0,1,0,1,9,0,0,0,1593.75
0,1,0,0,0,0,0,0,0,0,0,1,0,0,0,0,0,0,0,1,0,0,0,1,47.0,0,2025,0,1,0,4,16,1,0,0,1425.531914893617
0,0,1,0,0,0,0,0,0,0,0,0,1,0,0,0,0,0,0,0,0,1,0,1,36.0,0,1992,0,0,1,4,9,0,1,1,1708.3333333333333
0,1,0,0,0,0,0,0,0,0,0,0,1,0,0,0,0,0,1,0,0,0,0,3,132.0,0,2023,0,1,0,9,10,0,0,0,1174.2424242424242
0,1,0,0,0,0,0,0,0,0,0,0,0,0,0,0,0,0,0,1,0,0,0,3,56.0,0,2023,0,1,0,13,14,0,0,0,1214.2857142857142
0,1,0,0,0,0,0,0,0,0,0,1,0,0,0,0,0,0,0,1,0,0,0,3,97.0,1,2022,0,1,0,5,12,0,0,0,1567.0103092783504
0,1,0,0,0,0,0,0,0,0,0,1,0,0,0,0,0,0,0,1,0,0,0,3,109.0,0,2023,1,0,0,4,13,0,0,1,1211.0091743119267
0,0,1,0,0,0,0,0,0,0,0,0,1,0,0,0,0,0,1,0,0,0,0,1,35.0,0,2019,0,0,1,4,9,0,1,1,2085.714285714286
0,1,0,0,0,0,0,0,0,0,0,1,0,0,0,0,0,0,0,1,0,0,0,3,104.0,0,2024,0,1,0,4,14,1,0,0,1201.923076923077
0,1,0,0,0,0,0,0,0,0,0,1,0,0,0,0,0,0,1,0,0,0,0,2,63.0,1,2024,0,1,0,5,9,0,0,0,1900.0
0,0,0,0,0,0,1,0,0,0,0,0,1,0,0,0,0,0,0,0,1,0,0,2,48.0,0,2025,0,0,1,4,5,0,1,1,1500.0
0,1,0,0,0,0,0,0,0,0,0,0,1,0,0,0,0,0,1,0,0,0,0,4,145.0,1,2016,0,1,0,2,10,0,0,0,1875.8620689655172
0,1,0,0,0,0,0,0,0,0,0,0,1,0,0,0,0,0,0,1,0,0,0,2,74.0,0,2025,1,0,0,10,12,0,0,0,800.0
0,1,0,0,0,0,0,0,0,0,0,0,0,1,0,0,0,0,0,0,0,0,1,1,40.21,0,2026,0,1,0,2,15,0,0,0,1206.1676199950261
0,1,0,0,0,0,0,0,0,0,0,0,0,0,1,0,0,0,1,0,0,0,0,3,127.0,0,2018,1,0,0,5,10,0,0,0,1456.6929133858268
0,1,0,0,0,0,0,0,0,0,0,0,1,0,0,0,0,0,1,0,0,0,0,3,102.0,0,2022,0,1,0,12,16,0,0,0,1754.9019607843138
0,1,0,0,0,0,0,0,0,0,0,1,0,0,0,0,0,0,1,0,0,0,0,1,51.0,0,2022,0,1,0,7,8,1,0,0,1666.6666666666667
0,1,0,0,0,0,0,0,0,0,0,1,0,0,0,0,0,0,0,1,0,0,0,2,81.04,0,2026,1,0,0,6,12,0,0,0,1549.9999999999998
0,1,0,0,0,0,0,0,0,0,0,1,0,0,0,0,0,0,0,1,0,0,0,2,83.0,0,2022,1,0,0,2,14,0,0,0,1048.1927710843374
0,1,0,0,0,0,0,0,0,0,0,0,1,0,0,0,0,0,1,0,0,0,0,4,110.0,0,2020,1,0,0,11,12,1,0,1,1909.090909090909
0,0,0,0,0,0,1,0,0,0,0,0,1,0,0,0,0,0,0,0,0,1,0,1,37.0,0,1987,0,0,1,1,9,0,1,1,1364.8648648648648
0,1,0,0,0,0,0,0,0,0,0,0,1,0,0,0,0,0,0,1,0,0,0,3,122.0,1,2025,0,1,0,11,16,0,0,0,1440.0
0,1,0,0,0,0,0,0,0,0,0,0,1,0,0,0,0,0,1,0,0,0,0,2,80.0,1,2021,0,1,0,3,12,1,0,0,1400.0
0,0,1,0,0,0,0,0,0,0,0,0,1,0,0,0,0,0,0,0,1,0,0,3,68.0,0,1992,0,0,1,3,9,0,1,0,1735.2941176470588
0,1,0,0,0,0,0,0,0,0,0,1,0,0,0,0,0,0,0,1,0,0,0,2,60.0,0,2022,0,1,0,2,16,0,0,0,1216.6666666666667
0,1,0,0,0,0,0,0,0,0,0,1,0,0,0,0,0,0,1,0,0,0,0,2,62.0,0,2021,0,1,0,10,14,0,0,0,1854.8387096774193
0,0,1,0,0,0,0,0,0,0,0,0,1,0,0,0,0,0,0,0,0,1,0,4,82.0,0,1992,0,0,1,8,9,0,0,1,1201.219512195122
0,1,0,0,0,0,0,0,0,0,0,0,1,0,0,0,0,0,1,0,0,0,0,2,65.0,0,2023,1,0,0,13,14,0,0,0,1469.2307692307693
0,0,0,0,1,0,0,0,0,0,0,0,1,0,0,0,0,0,1,0,0,0,0,3,58.0,0,1975,0,0,1,1,4,0,1,1,1637.9310344827586
0,1,0,0,0,0,0,0,0,0,0,1,0,0,0,0,0,0,0,1,0,0,0,3,110.0,0,2022,0,1,0,3,7,1,0,0,1500.0
0,1,0,0,0,0,0,0,0,0,0,0,1,0,0,0,0,0,0,0,1,0,0,1,56.0,0,2023,1,0,0,14,15,0,0,0,973.2142857142857
0,1,0,0,0,0,0,0,0,0,0,0,1,0,0,0,0,0,1,0,0,0,0,2,59.0,0,2023,0,1,0,14,16,1,0,0,1491.5254237288136
0,1,0,0,0,0,0,0,0,0,0,0,1,0,0,0,0,0,0,1,0,0,0,2,70.0,0,2020,0,1,0,8,10,0,0,0,1071.4285714285713
0,1,0,0,0,0,0,0,0,0,0,0,1,0,0,0,0,0,1,0,0,0,0,2,80.0,0,2023,0,1,0,6,12,1,1,0,1625.0
0,1,0,0,0,0,0,0,0,0,0,1,0,0,0,0,0,0,0,1,0,0,0,2,82.77,0,2023,0,1,0,12,14,0,0,0,1365.2289476863598
0,1,0,0,0,0,0,0,0,0,0,0,0,0,0,0,0,0,0,1,0,0,0,3,82.0,0,2025,0,1,0,8,12,1,0,0,1100.0
0,0,1,0,0,0,0,0,0,0,0,0,0,0,1,0,0,0,0,0,1,0,0,2,66.0,0,2019,0,0,1,1,9,1,1,1,1212.121212121212
0,1,0,0,0,0,0,0,0,0,0,1,0,0,0,0,0,0,0,1,0,0,0,3,137.0,0,2025,0,1,0,3,10,0,0,0,1700.0
0,1,0,0,0,0,0,0,0,0,0,0,1,0,0,0,0,0,0,1,0,0,0,1,38.4,0,2024,0,1,0,11,12,0,0,0,1060.0
0,0,0,0,1,0,0,0,0,0,0,0,1,0,0,0,0,0,0,0,1,0,0,2,44.0,0,1975,0,0,1,4,4,0,0,0,1715.909090909091
0,1,0,0,0,0,0,0,0,0,0,0,1,0,0,0,0,0,0,1,0,0,0,3,90.0,0,2026,1,0,0,3,16,0,0,0,1100.0
1,0,0,0,0,0,0,0,0,0,0,0,0,0,0,0,0,0,0,0,0,0,0,3,111.4,0,2021,1,0,0,11,12,0,0,0,1220.8258527827647
0,0,0,0,1,0,0,0,0,0,0,0,1,0,0,0,0,0,0,0,0,1,0,3,63.0,0,1975,1,0,0,2,4,1,1,1,1404.7619047619048
0,1,0,0,0,0,0,0,0,0,0,0,1,0,0,0,0,0,1,0,0,0,0,3,98.26,0,2022,0,1,0,8,12,0,0,0,1616.120496641563
0,1,0,0,0,0,0,0,0,0,0,0,1,0,0,0,0,0,0,1,0,0,0,4,167.0,0,2019,0,1,0,11,12,0,0,0,1150.0
0,1,0,0,0,0,0,0,0,0,0,0,0,1,0,0,0,0,0,1,0,0,0,1,38.0,0,2024,0,1,0,2,9,0,0,0,1310.5263157894738
0,1,0,0,0,0,0,0,0,0,0,1,0,0,0,0,0,0,0,1,0,0,0,2,83.0,0,2022,0,1,0,13,14,1,0,0,1403.6144578313254
0,1,0,0,0,0,0,0,0,0,0,0,1,0,0,0,0,0,1,0,0,0,0,2,68.0,0,2023,0,1,0,10,13,0,0,0,1463.235294117647
0,1,0,0,0,0,0,0,0,0,0,0,1,0,0,0,0,0,1,0,0,0,0,3,83.9,0,2023,0,1,0,5,15,0,0,0,1543.5041716328963
0,1,0,0,0,0,0,0,0,0,0,0,1,0,0,0,0,0,0,1,0,0,0,2,76.0,0,2024,0,1,0,8,12,0,0,0,1026.3157894736842
0,0,0,0,0,0,1,0,0,0,0,0,0,0,0,0,0,0,0,0,0,0,0,1,40.0,0,1979,0,0,1,5,9,0,0,0,1475.0
1,0,0,0,0,0,0,0,0,0,0,0,1,0,0,0,0,0,1,0,0,0,0,1,34.0,1,2019,1,0,0,5,5,0,1,1,1852.9411764705883
1,0,0,0,0,0,0,0,0,0,0,0,0,0,0,0,0,0,0,0,0,0,0,1,50.0,0,2023,1,0,0,5,10,0,0,0,14010.0
1,0,0,0,0,0,0,0,0,0,0,0,0,0,0,0,0,0,0,0,0,0,0,4,130.0,0,2018,1,0,0,8,10,0,0,0,1046.1538461538462
0,0,1,0,0,0,0,0,0,0,0,0,1,0,0,0,0,0,0,0,1,0,0,3,65.0,0,1992,1,0,0,6,9,1,1,1,1553.8461538461538
1,0,0,0,0,0,0,0,0,0,0,0,0,0,0,0,0,0,0,0,0,0,0,1,53.0,0,2024,0,1,0,6,12,0,0,0,1298.1132075471698
0,1,0,0,0,0,0,0,0,0,0,0,1,0,0,0,0,0,0,1,0,0,0,1,44.0,0,2023,1,0,0,11,12,0,0,0,1261.3636363636363
0,1,0,0,0,0,0,0,0,0,0,0,0,0,1,0,0,0,1,0,0,0,0,2,61.0,0,2018,0,1,0,4,12,0,1,1,1524.5901639344263
0,1,0,0,0,0,0,0,0,0,0,0,1,0,0,0,0,0,1,0,0,0,0,1,47.0,0,2016,1,0,0,2,10,1,1,1,1489.3617021276596
0,0,0,0,0,0,1,0,0,0,0,0,1,0,0,0,0,0,0,0,0,1,0,1,34.0,0,1987,0,0,1,7,9,0,0,0,1558.8235294117646
0,1,0,0,0,0,0,0,0,0,0,0,1,0,0,0,0,0,0,1,0,0,0,3,143.0,0,2021,0,1,0,6,13,0,0,0,1048.951048951049
1,0,0,0,0,0,0,0,0,0,0,0,0,0,1,0,0,0,0,0,1,0,0,1,38.0,0,2019,1,0,0,3,9,0,0,0,1276.3157894736842
0,1,0,0,0,0,0,0,0,0,0,0,1,0,0,0,0,0,1,0,0,0,0,2,70.0,0,2023,1,0,0,7,11,0,1,0,1307.142857142857
0,1,0,0,0,0,0,0,0,0,0,1,0,0,0,0,0,0,0,1,0,0,0,2,85.0,0,2024,0,1,0,7,12,0,0,0,1150.0
0,1,0,0,0,0,0,0,0,0,0,0,1,0,0,0,0,0,0,1,0,0,0,2,71.0,0,2021,0,1,0,7,12,0,1,1,1084.5070422535211
0,1,0,0,0,0,0,0,0,0,0,1,0,0,0,0,0,0,0,1,0,0,0,2,46.0,0,2023,0,1,0,10,14,1,0,0,1434.7826086956522
0,1,0,0,0,0,0,0,0,0,0,0,1,0,0,0,0,0,0,0,1,0,0,2,68.0,0,2023,1,0,0,9,12,0,0,0,1529.4117647058824
1,0,0,0,0,0,0,0,0,0,0,0,0,0,0,0,0,0,0,0,0,0,0,4,130.0,0,2016,0,1,0,7,10,0,0,0,1923.076923076923
0,1,0,0,0,0,0,0,0,0,0,1,0,0,0,0,0,0,0,1,0,0,0,1,53.0,0,2022,0,1,0,1,14,1,0,0,1433.9622641509434
0,1,0,0,0,0,0,0,0,0,0,0,1,0,0,0,0,0,0,1,0,0,0,1,35.0,0,2024,0,1,0,10,13,0,0,0,1571.4285714285713
0,1,0,0,0,0,0,0,0,0,0,1,0,0,0,0,0,0,1,0,0,0,0,1,26.0,0,2023,1,0,0,9,9,0,1,0,1776.923076923077
0,1,0,0,0,0,0,0,0,0,0,1,0,0,0,0,0,0,0,1,0,0,0,5,226.0,0,2024,0,1,0,15,15,0,0,0,2137.16814159292
0,1,0,0,0,0,0,0,0,0,0,0,0,0,0,0,0,0,0,1,0,0,0,2,56.0,0,2021,0,1,0,14,15,0,0,0,1256.6964285714287
1,0,0,0,0,0,0,0,0,0,0,0,0,0,0,0,0,0,1,0,0,0,0,2,39.0,1,2016,0,1,0,4,5,0,0,0,1320.5128205128206
0,0,0,0,0,0,0,0,1,0,0,0,0,0,0,0,0,0,0,0,1,0,0,1,20.0,0,1990,1,0,0,3,3,0,0,0,1425.0
0,1,0,0,0,0,0,0,0,0,0,1,0,0,0,0,0,0,0,1,0,0,0,1,39.0,1,2024,0,1,0,10,12,0,0,0,1141.025641025641
0,1,0,0,0,0,0,0,0,0,0,0,1,0,0,0,0,0,0,1,0,0,0,3,76.0,0,2024,0,1,0,8,9,1,0,0,1171.0526315789473
0,1,0,0,0,0,0,0,0,0,0,0,1,0,0,0,0,0,1,0,0,0,0,1,52.0,0,2023,1,0,0,4,11,1,1,1,1403.8461538461538
0,1,0,0,0,0,0,0,0,0,0,1,0,0,0,0,0,0,0,1,0,0,0,3,150.0,0,2023,0,1,0,12,14,0,1,0,1146.6666666666667
0,1,0,0,0,0,0,0,0,0,0,1,0,0,0,0,0,0,0,1,0,0,0,1,47.75,0,2022,0,1,0,14,16,0,0,0,1287.958115183246
0,1,0,0,0,0,0,0,0,0,0,0,0,0,0,0,0,0,0,1,0,0,0,2,72.0,1,2025,0,1,0,12,16,0,0,0,1460.0
0,1,0,0,0,0,0,0,0,0,0,0,0,1,0,0,0,0,1,0,0,0,0,3,122.0,1,2019,0,1,0,6,14,0,0,0,1803.27868852459
0,1,0,0,0,0,0,0,0,0,0,0,1,0,0,0,0,0,1,0,0,0,0,3,111.0,0,2023,0,1,0,10,12,0,0,0,2882.8828828828828
0,1,0,0,0,0,0,0,0,0,0,1,0,0,0,0,0,0,0,1,0,0,0,2,77.0,0,2024,0,1,0,11,12,1,0,0,1250.0
0,1,0,0,0,0,0,0,0,0,0,0,1,0,0,0,0,0,0,1,0,0,0,1,43.8,0,2025,1,0,0,8,14,1,0,0,1552.5114155251142
1,0,0,0,0,0,0,0,0,0,0,0,0,0,0,0,0,0,0,0,0,0,0,1,45.0,0,2016,0,1,0,1,9,0,0,0,1255.5555555555557
0,1,0,0,0,0,0,0,0,0,0,1,0,0,0,0,0,0,0,1,0,0,0,2,83.0,1,2023,0,1,0,13,14,0,0,0,1400.0
0,1,0,0,0,0,0,0,0,0,0,1,0,0,0,0,0,0,0,1,0,0,0,2,47.0,0,2022,0,1,0,5,6,0,0,0,1000.0
0,1,0,0,0,0,0,0,0,0,0,1,0,0,0,0,0,0,0,0,0,0,1,1,46.0,0,2023,0,1,0,10,14,0,0,0,978.2608695652174
0,0,0,1,0,0,0,0,0,0,0,0,1,0,0,0,0,0,0,0,0,1,0,2,44.0,0,1968,1,0,0,2,4,0,1,1,1465.909090909091
0,1,0,0,0,0,0,0,0,0,0,1,0,0,0,0,0,0,0,1,0,0,0,3,80.0,0,2025,0,1,0,4,12,1,0,0,1800.0
1,0,0,0,0,0,0,0,0,0,0,0,1,0,0,0,0,0,0,0,1,0,0,2,55.0,1,2019,0,1,0,1,12,0,0,0,1454.5454545454545
0,0,1,0,0,0,0,0,0,0,0,0,1,0,0,0,0,0,1,0,0,0,0,4,76.0,0,1992,1,0,0,7,9,0,1,0,1552.6315789473683
1,0,0,0,0,0,0,0,0,0,0,0,0,0,0,0,0,0,0,0,0,0,0,3,133.0,0,2023,1,0,0,12,15,0,0,0,1804.5112781954888
0,1,0,0,0,0,0,0,0,0,0,1,0,0,0,0,0,0,0,1,0,0,0,1,58.0,0,2025,0,1,0,4,23,0,0,0,1650.0
0,1,0,0,0,0,0,0,0,0,0,0,0,0,0,0,0,0,0,1,0,0,0,1,51.0,0,2027,1,0,0,13,15,1,0,0,850.0
0,0,1,0,0,0,0,0,0,0,0,0,0,0,0,0,0,0,0,0,0,1,0,1,35.0,0,1992,0,0,1,7,9,0,0,0,1714.2857142857142
0,1,0,0,0,0,0,0,0,0,0,0,1,0,0,0,0,0,1,0,0,0,0,5,249.0,0,2019,0,1,0,12,12,0,0,0,1763.0522088353414
0,1,0,0,0,0,0,0,0,0,0,0,1,0,0,0,0,0,0,1,0,0,0,3,90.0,1,2024,1,0,0,11,14,0,0,0,1000.0
0,1,0,0,0,0,0,0,0,0,0,0,1,0,0,0,0,0,0,1,0,0,0,2,80.41,0,2025,0,1,0,12,13,0,0,0,1224.972018405671
0,0,0,0,1,0,0,0,0,0,0,0,1,0,0,0,0,0,0,0,1,0,0,3,57.0,0,1975,0,0,1,2,4,0,0,0,1456.140350877193
0,0,0,0,1,0,0,0,0,0,0,0,1,0,0,0,0,0,0,0,1,0,0,1,32.0,1,1975,0,0,1,4,4,1,1,1,1859.375
0,1,0,0,0,0,0,0,0,0,0,1,0,0,0,0,0,0,0,1,0,0,0,1,50.0,1,2025,1,0,0,6,14,0,0,0,1400.0
0,1,0,0,0,0,0,0,0,0,0,0,1,0,0,0,0,0,1,0,0,0,0,3,146.0,0,2004,0,1,0,8,9,0,0,1,1849.3150684931506
0,0,1,0,0,0,0,0,0,0,0,0,1,0,0,0,0,0,0,0,1,0,0,3,70.0,0,1992,0,0,1,1,9,0,0,0,1207.142857142857
0,1,0,0,0,0,0,0,0,0,0,0,1,0,0,0,0,0,1,0,0,0,0,2,79.0,0,2023,0,1,0,2,9,0,0,0,1189.873417721519
0,1,0,0,0,0,0,0,0,0,0,0,0,0,0,0,0,0,0,1,0,0,0,1,38.0,0,2025,0,1,0,9,10,1,0,0,1000.0
0,1,0,0,0,0,0,0,0,0,0,0,1,0,0,0,0,0,0,1,0,0,0,2,57.61,0,2024,0,1,0,13,16,0,0,0,1406.0059017531678
0,0,0,0,1,0,0,0,0,0,0,0,1,0,0,0,0,0,1,0,0,0,0,3,58.0,1,1975,0,0,1,4,4,0,1,1,1586.2068965517242
0,0,0,0,1,0,0,0,0,0,0,0,1,0,0,0,0,0,0,0,1,0,0,1,46.0,0,1975,0,0,1,2,4,0,1,0,2239.1304347826085
0,0,0,0,1,0,0,0,0,0,0,0,1,0,0,0,0,0,1,0,0,0,0,2,46.0,0,1989,1,0,0,4,5,0,0,1,1456.5217391304348
0,1,0,0,0,0,0,0,0,0,0,1,0,0,0,0,0,0,1,0,0,0,0,1,46.0,0,2022,0,1,0,2,12,0,0,0,1673.9130434782608
1,0,0,0,0,0,0,0,0,0,0,0,0,0,0,0,0,0,0,0,0,0,0,2,70.0,0,2012,0,0,1,2,9,0,0,0,1842.857142857143
0,1,0,0,0,0,0,0,0,0,0,0,1,0,0,0,0,0,0,1,0,0,0,2,81.0,0,2024,0,1,0,2,14,1,0,0,1074.0740740740741
0,1,0,0,0,0,0,0,0,0,0,0,1,0,0,0,0,0,0,1,0,0,0,3,105.8,0,2022,0,1,0,3,14,0,0,0,1101.1342155009452
0,1,0,0,0,0,0,0,0,0,0,1,0,0,0,0,0,0,1,0,0,0,0,2,82.0,0,2023,1,0,0,4,13,0,0,0,1524.3902439024391
0,0,0,0,1,0,0,0,0,0,0,0,1,0,0,0,0,0,0,0,0,1,0,2,42.0,0,1975,0,0,1,4,4,0,1,1,1595.2380952380952
1,0,0,0,0,0,0,0,0,0,0,0,0,0,0,0,0,0,0,0,0,0,0,3,105.0,0,2022,1,0,0,7,10,0,0,0,1952.3809523809523
0,1,0,0,0,0,0,0,0,0,0,0,1,0,0,0,0,0,1,0,0,0,0,1,43.0,0,2024,0,1,0,12,13,1,0,0,1558.139534883721
0,1,0,0,0,0,0,0,0,0,0,1,0,0,0,0,0,0,0,1,0,0,0,3,103.0,0,2022,0,1,0,10,14,0,0,0,1776.6990291262136
0,0,0,0,0,0,1,0,0,0,0,0,1,0,0,0,0,0,1,0,0,0,0,3,62.0,0,1987,0,0,1,3,5,0,1,1,1532.258064516129
0,1,0,0,0,0,0,0,0,0,0,1,0,0,0,0,0,0,0,1,0,0,0,3,98.0,0,2025,0,1,0,5,17,0,0,0,1377.5510204081634
0,1,0,0,0,0,0,0,0,0,0,0,1,0,0,0,0,0,1,0,0,0,0,3,104.0,0,2021,0,1,0,7,14,0,1,0,1625.0
0,1,0,0,0,0,0,0,0,0,0,0,1,0,0,0,0,0,1,0,0,0,0,3,159.0,0,2023,0,1,0,3,9,1,1,1,1635.2201257861636
0,1,0,0,0,0,0,0,0,0,0,0,1,0,0,0,0,0,1,0,0,0,0,2,83.0,0,2017,0,1,0,5,11,0,1,1,1674.698795180723
0,0,0,0,0,0,1,0,0,0,0,0,1,0,0,0,0,0,0,0,1,0,0,3,70.0,0,1987,0,0,1,6,9,0,0,0,1414.2857142857142
0,1,0,0,0,0,0,0,0,0,0,0,0,0,0,0,0,0,0,1,0,0,0,1,48.1,0,2023,1,0,0,1,9,0,0,0,1100.8316008316008
0,1,0,0,0,0,0,0,0,0,0,1,0,0,0,0,0,0,1,0,0,0,0,2,63.0,0,2023,0,1,0,10,12,0,0,0,1619.047619047619
0,0,1,0,0,0,0,0,0,0,0,0,1,0,0,0,0,0,0,0,1,0,0,3,52.0,0,1990,0,0,1,9,9,0,1,1,1634.6153846153845
0,0,0,0,0,0,1,0,0,0,0,0,0,0,0,0,0,0,0,0,0,0,0,3,64.3,0,2009,0,0,1,9,9,0,0,0,1477.4494556765164
0,0,1,0,0,0,0,0,0,0,0,0,1,0,0,0,0,0,0,0,1,0,0,3,82.0,0,1995,0,0,1,2,9,0,0,0,1402.439024390244
0,1,0,0,0,0,0,0,0,0,0,1,0,0,0,0,0,0,0,1,0,0,0,2,86.0,0,2023,0,1,0,10,16,0,0,0,1302.3255813953488
0,1,0,0,0,0,0,0,0,0,0,0,0,0,0,0,0,0,0,1,0,0,0,3,155.0,0,2024,0,1,0,4,18,0,0,0,1430.0
0,0,1,0,0,0,0,0,0,0,0,0,1,0,0,0,0,0,1,0,0,0,0,1,45.0,0,2008,0,0,1,2,9,0,0,0,1277.7777777777778
0,1,0,0,0,0,0,0,0,0,0,0,1,0,0,0,0,0,0,1,0,0,0,4,142.0,0,2020,0,1,0,9,14,1,1,1,1619.718309859155
0,1,0,0,0,0,0,0,0,0,0,0,1,0,0,0,0,0,1,0,0,0,0,1,48.0,0,2023,0,1,0,8,13,1,0,0,1375.0
0,1,0,0,0,0,0,0,0,0,0,1,0,0,0,0,0,0,0,1,0,0,0,3,137.0,0,2025,0,1,0,10,10,0,0,0,1445.2554744525548
0,1,0,0,0,0,0,0,0,0,0,1,0,0,0,0,0,0,1,0,0,0,0,3,80.0,0,2022,0,1,0,3,10,1,1,1,2250.0
0,1,0,0,0,0,0,0,0,0,0,1,0,0,0,0,0,0,1,0,0,0,0,4,162.0,0,2022,0,1,0,4,8,0,0,0,3271.604938271605
0,1,0,0,0,0,0,0,0,0,0,1,0,0,0,0,0,0,0,1,0,0,0,3,99.44,0,2022,0,1,0,14,16,0,0,0,965.4062751407885
0,0,1,0,0,0,0,0,0,0,0,0,1,0,0,0,0,0,0,0,1,0,0,1,68.0,0,1992,0,0,1,8,9,1,1,0,1720.5882352941176
0,1,0,0,0,0,0,0,0,0,0,0,1,0,0,0,0,0,1,0,0,0,0,3,75.0,1,2019,0,1,0,6,11,1,1,0,1450.0
0,1,0,0,0,0,0,0,0,0,0,1,0,0,0,0,0,0,0,1,0,0,0,1,40.9,0,2023,0,1,0,3,16,1,0,0,1198.0440097799512
0,1,0,0,0,0,0,0,0,0,0,0,0,0,0,0,0,0,1,0,0,0,0,2,73.0,0,2023,0,1,0,7,13,0,0,0,1671.2328767123288
0,0,0,0,0,0,1,0,0,0,0,0,0,0,0,0,0,0,0,0,0,0,0,3,65.0,0,1987,0,0,1,1,9,0,0,0,1307.6923076923076
1,0,0,0,0,0,0,0,0,0,0,0,1,0,0,0,0,0,1,0,0,0,0,3,70.0,1,2019,1,0,0,4,5,1,1,1,1500.0
0,1,0,0,0,0,0,0,0,0,0,0,0,0,1,0,0,0,1,0,0,0,0,3,105.0,1,2021,0,1,0,2,12,0,0,0,1476.1904761904761
0,1,0,0,0,0,0,0,0,0,0,1,0,0,0,0,0,0,0,1,0,0,0,1,48.0,0,2023,1,0,0,7,10,0,0,0,1239.5833333333333
0,1,0,0,0,0,0,0,0,0,0,0,1,0,0,0,0,0,0,1,0,0,0,2,70.8,0,2024,0,1,0,2,10,1,0,0,1024.0112994350284
0,1,0,0,0,0,0,0,0,0,0,0,0,1,0,0,0,0,1,0,0,0,0,1,45.0,0,2023,0,1,0,11,13,0,0,0,1855.5555555555557
0,1,0,0,0,0,0,0,0,0,0,0,1,0,0,0,0,0,0,1,0,0,0,1,47.0,0,2026,0,1,0,5,14,0,0,0,989.3617021276596
0,1,0,0,0,0,0,0,0,0,0,1,0,0,0,0,0,0,0,0,1,0,0,1,41.0,0,2014,0,1,0,18,18,0,1,1,1536.5853658536585
0,1,0,0,0,0,0,0,0,0,0,1,0,0,0,0,0,0,1,0,0,0,0,1,50.0,0,2024,1,0,0,7,12,1,1,1,1540.0
0,1,0,0,0,0,0,0,0,0,0,0,1,0,0,0,0,0,0,1,0,0,0,4,167.0,0,2024,0,1,0,11,12,1,0,0,1197.6047904191616
0,0,0,0,1,0,0,0,0,0,0,0,1,0,0,0,0,0,0,0,0,1,0,3,58.0,0,1975,0,0,1,2,4,0,1,0,1155.1724137931035
0,1,0,0,0,0,0,0,0,0,0,1,0,0,0,0,0,0,0,1,0,0,0,4,174.0,0,2025,0,1,0,12,18,0,0,0,1600.0
0,1,0,0,0,0,0,0,0,0,0,0,1,0,0,0,0,0,0,1,0,0,0,3,135.0,0,2024,0,1,0,12,16,0,0,0,1540.7407407407406
0,1,0,0,0,0,0,0,0,0,0,0,1,0,0,0,0,0,0,1,0,0,0,4,135.0,1,2026,0,1,0,13,21,0,0,0,1170.0
0,1,0,0,0,0,0,0,0,0,0,0,1,0,0,0,0,0,1,0,0,0,0,2,82.0,0,2015,0,1,0,7,8,0,1,1,1621.9512195121952
0,1,0,0,0,0,0,0,0,0,0,0,1,0,0,0,0,0,0,1,0,0,0,3,102.17,0,2023,0,1,0,12,14,0,0,0,743.8582754233141
1,0,0,0,0,0,0,0,0,0,0,0,1,0,0,0,0,0,1,0,0,0,0,3,100.0,0,2017,1,0,0,8,15,0,1,1,1750.0
0,1,0,0,0,0,0,0,0,0,0,0,0,1,0,0,0,0,0,1,0,0,0,2,62.15,0,2025,0,1,0,14,14,0,0,0,1343.5237329042639
0,1,0,0,0,0,0,0,0,0,0,1,0,0,0,0,0,0,1,0,0,0,0,2,67.0,0,2023,0,0,1,3,9,0,1,1,1298.5074626865671
0,0,0,0,0,0,0,0,0,1,0,0,1,0,0,0,0,0,1,0,0,0,0,3,103.6,0,1960,1,0,0,2,2,0,1,1,1515.4440154440156
0,0,1,0,0,0,0,0,0,0,0,0,1,0,0,0,0,0,0,0,0,1,0,2,35.0,0,1992,0,0,1,4,9,0,0,0,1800.0
0,1,0,0,0,0,0,0,0,0,0,1,0,0,0,0,0,0,1,0,0,0,0,2,48.0,0,2023,1,0,0,8,14,1,0,0,1812.5
0,1,0,0,0,0,0,0,0,0,0,1,0,0,0,0,0,0,0,1,0,0,0,1,33.0,1,2024,1,0,0,3,7,0,0,0,1100.0
0,0,0,0,1,0,0,0,0,0,0,0,1,0,0,0,0,0,0,0,0,1,0,3,58.0,0,1975,0,0,1,1,4,0,0,0,1429.3103448275863
0,1,0,0,0,0,0,0,0,0,0,0,1,0,0,0,0,0,1,0,0,0,0,2,70.0,0,2015,0,1,0,5,13,1,1,0,1785.7142857142858
0,1,0,0,0,0,0,0,0,0,0,0,0,1,0,0,0,0,0,1,0,0,0,1,37.0,0,2024,0,1,0,2,12,0,0,0,1250.0
0,1,0,0,0,0,0,0,0,0,0,1,0,0,0,0,0,0,0,1,0,0,0,2,77.0,0,2024,0,1,0,5,10,0,0,0,1500.0
0,1,0,0,0,0,0,0,0,0,0,1,0,0,0,0,0,0,0,1,0,0,0,2,85.0,0,2024,0,1,0,10,12,1,0,0,1152.9411764705883
1,0,0,0,0,0,0,0,0,0,0,0,1,0,0,0,0,0,0,0,0,1,0,3,53.0,0,2019,1,0,0,4,4,0,0,0,1386.7924528301887
1,0,0,0,0,0,0,0,0,0,0,0,0,0,0,0,0,0,0,0,0,0,0,2,58.35,0,2016,0,1,0,7,9,0,0,0,1259.6401028277635
0,0,0,0,0,1,0,0,0,0,0,0,0,1,0,0,0,0,1,0,0,0,0,1,48.0,0,2022,0,1,0,6,9,0,1,0,1495.8333333333333
0,0,1,0,0,0,0,0,0,0,0,0,0,0,0,0,0,0,0,0,0,0,0,2,51.0,0,2021,0,0,1,3,9,0,0,0,1411.764705882353
0,1,0,0,0,0,0,0,0,0,0,1,0,0,0,0,0,0,0,1,0,0,0,2,73.93,0,2024,0,1,0,8,16,1,0,0,1305.2887866901121
0,1,0,0,0,0,0,0,0,0,0,1,0,0,0,0,0,0,0,1,0,0,0,2,58.0,0,2024,0,1,0,7,14,0,0,0,1300.0
0,1,0,0,0,0,0,0,0,0,0,1,0,0,0,0,0,0,0,0,0,0,1,2,75.88,0,2023,0,1,0,14,14,0,0,0,889.562467053242
0,1,0,0,0,0,0,0,0,0,0,0,0,0,0,0,0,0,1,0,0,0,0,2,69.0,0,2023,1,0,0,6,6,0,0,0,1086.9565217391305
0,0,0,0,0,0,0,1,0,0,0,0,0,1,0,0,0,0,0,1,0,0,0,5,525.0,0,2019,1,0,0,4,5,0,1,0,1116.1904761904761
0,1,0,0,0,0,0,0,0,0,0,1,0,0,0,0,0,0,0,1,0,0,0,1,46.87,0,2023,0,1,0,14,14,0,0,0,1002.7736291871133
0,1,0,0,0,0,0,0,0,0,0,0,0,1,0,0,0,0,0,1,0,0,0,1,66.0,1,2022,0,1,0,16,16,0,0,0,1303.030303030303
0,1,0,0,0,0,0,0,0,0,0,1,0,0,0,0,0,0,1,0,0,0,0,5,213.0,0,2018,0,1,0,10,13,1,0,0,2629.107981220657
0,1,0,0,0,0,0,0,0,0,0,0,1,0,0,0,0,0,0,1,0,0,0,1,51.4,1,2025,0,1,0,15,15,1,0,0,1100.0
0,1,0,0,0,0,0,0,0,0,0,0,1,0,0,0,0,0,1,0,0,0,0,3,85.0,0,2021,0,1,0,5,8,0,0,0,2070.5882352941176
0,1,0,0,0,0,0,0,0,0,0,0,1,0,0,0,0,0,0,1,0,0,0,1,48.0,0,2025,0,1,0,9,9,0,0,0,1083.3333333333333
0,1,0,0,0,0,0,0,0,0,0,1,0,0,0,0,0,0,0,1,0,0,0,2,73.5,0,2026,1,0,0,14,15,1,0,0,927.8911564625851
0,1,0,0,0,0,0,0,0,0,0,1,0,0,0,0,0,0,0,1,0,0,0,2,86.0,1,2025,1,0,0,10,12,0,0,0,1279.0697674418604
0,1,0,0,0,0,0,0,0,0,0,0,0,1,0,0,0,0,0,1,0,0,0,3,127.0,0,2023,1,0,0,8,10,0,0,0,1566.9291338582677
0,1,0,0,0,0,0,0,0,0,0,1,0,0,0,0,0,0,1,0,0,0,0,4,227.0,0,2021,0,1,0,14,14,1,0,0,1916.2995594713657
1,0,0,0,0,0,0,0,0,0,0,0,1,0,0,0,0,0,0,0,1,0,0,1,34.0,1,1990,0,1,0,5,5,0,0,0,1911.764705882353
0,0,1,0,0,0,0,0,0,0,0,1,0,0,0,0,0,0,0,1,0,0,0,3,83.0,0,2025,0,1,0,2,9,0,0,0,915.6626506024096
0,1,0,0,0,0,0,0,0,0,0,0,0,1,0,0,0,0,1,0,0,0,0,1,42.0,0,2023,0,1,0,4,5,1,0,0,1333.3095238095239
0,1,0,0,0,0,0,0,0,0,0,1,0,0,0,0,0,0,0,1,0,0,0,2,75.0,0,2025,0,1,0,8,18,0,0,0,1830.0
0,1,0,0,0,0,0,0,0,0,0,1,0,0,0,0,0,0,0,0,0,0,1,2,72.0,0,2023,1,0,0,8,10,0,0,0,972.2222222222222
0,1,0,0,0,0,0,0,0,0,0,0,1,0,0,0,0,0,1,0,0,0,0,3,96.0,0,2023,1,0,0,7,14,0,0,0,2364.5833333333335
0,1,0,0,0,0,0,0,0,0,0,1,0,0,0,0,0,0,0,0,0,0,1,2,70.0,0,2022,0,1,0,6,14,0,0,0,1221.4285714285713
0,1,0,0,0,0,0,0,0,0,0,1,0,0,0,0,0,0,1,0,0,0,0,2,62.0,0,2020,0,1,0,5,8,0,1,1,2661.2903225806454
0,1,0,0,0,0,0,0,0,0,0,0,0,0,0,0,0,0,1,0,0,0,0,1,45.0,0,2023,0,1,0,11,14,0,0,0,1644.4444444444443
0,1,0,0,0,0,0,0,0,0,0,0,1,0,0,0,0,0,1,0,0,0,0,1,26.0,0,2023,0,1,0,7,9,0,0,0,1750.0
0,1,0,0,0,0,0,0,0,0,0,0,1,0,0,0,0,0,1,0,0,0,0,2,82.0,0,2017,0,1,0,6,9,0,0,0,1524.3902439024391
0,1,0,0,0,0,0,0,0,0,0,1,0,0,0,0,0,0,0,1,0,0,0,1,41.0,0,2024,1,0,0,5,10,0,0,1,1207.3170731707316
0,0,0,0,0,0,1,0,0,0,0,0,1,0,0,0,0,0,0,0,0,1,0,1,35.0,1,1990,0,0,1,1,9,0,0,0,1571.4285714285713
0,1,0,0,0,0,0,0,0,0,0,0,1,0,0,0,0,0,1,0,0,0,0,2,50.0,0,2020,0,1,0,8,10,0,0,0,1690.0
0,1,0,0,0,0,0,0,0,0,0,1,0,0,0,0,0,0,1,0,0,0,0,3,59.0,0,2023,0,1,0,8,10,0,0,0,1771.1864406779662
0,1,0,0,0,0,0,0,0,0,0,0,1,0,0,0,0,0,1,0,0,0,0,6,264.0,0,2023,1,0,0,6,9,1,1,1,1799.2424242424242
0,1,0,0,0,0,0,0,0,0,0,0,0,0,0,0,0,0,0,0,0,0,1,2,45.0,1,2023,0,1,0,4,10,0,0,0,850.0
0,0,0,0,1,0,0,0,0,0,0,0,0,0,0,0,0,0,1,0,0,0,0,2,44.0,0,1975,0,0,1,2,4,0,0,0,1761.3636363636363
1,0,0,0,0,0,0,0,0,0,0,0,0,0,0,0,0,0,0,0,0,0,0,1,39.0,0,2023,0,1,0,4,10,0,0,0,1589.7435897435898
0,0,1,0,0,0,0,0,0,0,0,0,0,0,1,0,0,0,0,0,1,0,0,3,90.0,0,2014,0,0,1,9,9,0,0,0,1044.4444444444443
0,1,0,0,0,0,0,0,0,0,0,0,1,0,0,0,0,0,1,0,0,0,0,2,65.0,0,2022,0,1,0,13,13,1,1,0,1815.3846153846155
0,1,0,0,0,0,0,0,0,0,0,1,0,0,0,0,0,0,0,1,0,0,0,1,49.0,0,2021,0,1,0,10,12,0,1,1,1020.4081632653061
0,1,0,0,0,0,0,0,0,0,0,0,0,0,0,0,0,0,0,1,0,0,0,3,98.41,0,2025,0,1,0,8,16,0,0,0,1380.0020323137892
0,1,0,0,0,0,0,0,0,0,0,1,0,0,0,0,0,0,0,1,0,0,0,2,61.0,0,2024,0,1,0,6,12,0,0,0,1320.0
0,1,0,0,0,0,0,0,0,0,0,0,0,1,0,0,0,0,0,1,0,0,0,2,74.0,0,2024,0,1,0,8,12,0,0,0,1013.5135135135135
0,1,0,0,0,0,0,0,0,0,0,1,0,0,0,0,0,0,0,0,0,0,1,3,113.0,0,2025,1,0,0,5,15,0,0,0,1150.0
0,1,0,0,0,0,0,0,0,0,0,0,1,0,0,0,0,0,0,1,0,0,0,1,46.0,0,2025,0,1,0,11,14,0,0,0,1054.3478260869565
0,1,0,0,0,0,0,0,0,0,0,1,0,0,0,0,0,0,0,1,0,0,0,4,174.0,0,2025,0,1,0,12,18,0,0,0,1597.7011494252874
0,1,0,0,0,0,0,0,0,0,0,0,1,0,0,0,0,0,1,0,0,0,0,1,50.4,1,2023,0,1,0,7,12,0,0,0,1428.5714285714287
1,0,0,0,0,0,0,0,0,0,0,1,0,0,0,0,0,0,0,0,1,0,0,2,69.0,1,2015,1,0,0,2,4,1,1,1,1188.4057971014493
0,1,0,0,0,0,0,0,0,0,0,1,0,0,0,0,0,0,0,1,0,0,0,3,100.0,1,2025,0,1,0,5,12,0,0,0,1000.0
0,0,1,0,0,0,0,0,0,0,0,0,1,0,0,0,0,0,0,0,1,0,0,2,52.0,0,1992,0,0,1,6,9,0,0,0,1596.1538461538462
0,1,0,0,0,0,0,0,0,0,0,0,0,0,0,0,0,0,0,1,0,0,0,2,61.0,0,2024,0,1,0,11,12,0,0,0,1065.5737704918033
0,1,0,0,0,0,0,0,0,0,0,0,0,0,0,0,0,0,1,0,0,0,0,3,105.0,1,2022,0,1,0,5,12,0,0,0,2000.0
0,1,0,0,0,0,0,0,0,0,0,1,0,0,0,0,0,0,0,1,0,0,0,3,100.0,0,2022,0,1,0,2,14,0,0,0,1120.0
0,1,0,0,0,0,0,0,0,0,0,1,0,0,0,0,0,0,0,0,0,0,1,1,38.0,0,2024,0,1,0,2,9,0,0,0,1276.3157894736842
0,1,0,0,0,0,0,0,0,0,0,0,1,0,0,0,0,0,1,0,0,0,0,2,70.0,0,2021,0,1,0,10,13,1,1,1,1442.857142857143
0,1,0,0,0,0,0,0,0,0,0,1,0,0,0,0,0,0,0,1,0,0,0,2,53.0,0,2025,1,0,0,13,15,0,0,0,1250.0
0,1,0,0,0,0,0,0,0,0,0,0,0,0,0,0,0,0,1,0,0,0,0,3,110.0,0,2023,0,1,0,9,14,0,0,0,1363.6363636363637
0,1,0,0,0,0,0,0,0,0,0,0,1,0,0,0,0,0,0,1,0,0,0,1,46.0,0,2024,1,0,0,12,13,0,0,0,1467.391304347826
0,0,1,0,0,0,0,0,0,0,0,0,0,0,1,0,0,0,0,0,0,1,0,1,51.0,0,2016,0,0,1,1,5,0,0,1,862.7450980392157
0,1,0,0,0,0,0,0,0,0,0,0,0,0,0,1,0,0,1,0,0,0,0,3,101.0,1,2023,0,1,0,13,15,0,0,0,1534.6534653465346
0,1,0,0,0,0,0,0,0,0,0,1,0,0,0,0,0,0,0,1,0,0,0,3,104.0,0,2024,0,1,0,9,12,0,0,0,1076.923076923077
0,0,1,0,0,0,0,0,0,0,0,0,1,0,0,0,0,0,0,0,0,1,0,2,54.0,0,1994,0,0,1,7,9,0,1,1,1537.037037037037
0,1,0,0,0,0,0,0,0,0,0,0,1,0,0,0,0,0,1,0,0,0,0,2,55.6,1,2023,0,1,0,5,9,0,0,0,1366.9064748201438
0,1,0,0,0,0,0,0,0,0,0,0,0,0,0,0,0,0,0,1,0,0,0,2,76.0,0,2025,0,1,0,7,12,0,0,0,953.9473684210526
1,0,0,0,0,0,0,0,0,0,0,0,0,0,0,0,0,0,0,0,0,0,0,1,40.0,0,2024,1,0,0,8,9,0,0,0,1437.5
0,0,0,0,1,0,0,0,0,0,0,0,1,0,0,0,0,0,1,0,0,0,0,2,44.0,0,1981,0,0,1,3,5,0,1,1,1659.090909090909
1,0,0,0,0,0,0,0,0,0,0,0,0,0,0,0,0,0,0,0,0,0,0,2,77.0,0,2023,0,1,0,12,15,0,0,0,1250.0
0,1,0,0,0,0,0,0,0,0,0,0,1,0,0,0,0,0,1,0,0,0,0,2,83.0,0,2017,0,1,0,5,10,1,1,1,1566.2650602409637
0,1,0,0,0,0,0,0,0,0,0,0,1,0,0,0,0,0,1,0,0,0,0,4,150.0,0,2014,0,1,0,7,10,0,1,1,1700.0
0,1,0,0,0,0,0,0,0,0,0,1,0,0,0,0,0,0,0,1,0,0,0,3,118.0,0,2024,0,1,0,6,10,0,0,0,1350.0
0,1,0,0,0,0,0,0,0,0,0,1,0,0,0,0,0,0,1,0,0,0,0,3,109.0,0,2020,0,1,0,9,12,0,0,0,1642.2018348623853
0,1,0,0,0,0,0,0,0,0,0,1,0,0,0,0,0,0,0,1,0,0,0,2,65.0,0,2023,0,1,0,5,12,0,0,0,1130.7692307692307
0,1,0,0,0,0,0,0,0,0,0,1,0,0,0,0,0,0,0,1,0,0,0,1,52.9,0,2023,1,0,0,14,15,0,0,0,1530.0
1,0,0,0,0,0,0,0,0,0,0,0,0,0,0,0,0,0,0,0,0,0,0,4,151.3,0,2014,0,1,0,9,10,0,0,0,1381.3615333773957
0,1,0,0,0,0,0,0,0,0,0,0,1,0,0,0,0,0,1,0,0,0,0,2,80.0,0,2023,1,0,0,9,11,0,0,0,1500.0
0,1,0,0,0,0,0,0,0,0,0,0,1,0,0,0,0,0,0,1,0,0,0,2,86.0,0,2026,1,0,0,7,16,0,0,0,1600.0
0,1,0,0,0,0,0,0,0,0,0,0,0,0,0,0,0,0,1,0,0,0,0,3,97.0,0,2020,1,0,0,8,12,0,1,1,1701.0309278350514
0,0,0,0,0,0,1,0,0,0,0,0,1,0,0,0,0,0,0,0,0,1,0,1,34.0,0,1999,0,0,1,3,5,1,1,1,1705.8823529411766
1,0,0,0,0,0,0,0,0,0,0,1,0,0,0,0,0,0,0,1,0,0,0,5,354.0,1,2024,0,1,0,15,15,1,0,0,1299.4350282485875
1,0,0,0,0,0,0,0,0,0,0,0,0,0,0,0,0,0,0,0,0,0,0,1,51.33,0,2024,0,1,0,4,15,0,0,0,1285.7977790765635
0,0,1,0,0,0,0,0,0,0,0,0,1,0,0,0,0,0,0,0,1,0,0,2,52.0,0,1992,0,0,1,5,9,0,0,0,1673.076923076923
0,1,0,0,0,0,0,0,0,0,0,0,0,0,1,0,0,0,1,0,0,0,0,3,95.0,0,2023,0,1,0,7,10,0,0,0,1684.2105263157894
0,1,0,0,0,0,0,0,0,0,0,0,0,0,0,0,0,0,1,0,0,0,0,2,42.0,1,2023,0,1,0,10,12,0,0,0,2023.8095238095239
1,0,0,0,0,0,0,0,0,0,0,0,0,0,0,0,0,0,0,0,0,0,0,1,58.0,0,2018,1,0,0,10,10,0,0,0,1810.344827586207
0,1,0,0,0,0,0,0,0,0,0,0,1,0,0,0,0,0,0,1,0,0,0,2,50.0,0,2023,0,1,0,6,9,0,0,0,1410.0
0,1,0,0,0,0,0,0,0,0,0,1,0,0,0,0,0,0,0,1,0,0,0,2,79.0,0,2026,1,0,0,16,18,1,0,0,1120.0
1,0,0,0,0,0,0,0,0,0,0,0,0,0,0,0,0,0,0,0,0,0,0,1,31.1,0,1966,1,0,0,3,5,0,0,0,1832.797427652733
0,1,0,0,0,0,0,0,0,0,0,1,0,0,0,0,0,0,1,0,0,0,0,2,74.0,0,2022,0,1,0,10,16,0,0,0,1750.0
1,0,0,0,0,0,0,0,0,0,0,0,0,0,0,0,0,0,0,0,0,0,0,1,52.0,0,2024,0,1,0,12,15,0,0,0,1576.923076923077
0,1,0,0,0,0,0,0,0,0,0,1,0,0,0,0,0,0,0,1,0,0,0,2,61.0,0,2025,0,1,0,13,15,1,0,0,1098.360655737705
0,1,0,0,0,0,0,0,0,0,0,0,1,0,0,0,0,0,1,0,0,0,0,2,50.0,0,2024,0,1,0,10,12,1,0,1,1550.0
0,1,0,0,0,0,0,0,0,0,0,1,0,0,0,0,0,0,0,1,0,0,0,2,48.0,0,2022,0,1,0,6,9,1,0,0,895.8333333333334
0,1,0,0,0,0,0,0,0,0,0,0,1,0,0,0,0,0,1,0,0,0,0,2,76.0,0,2020,0,1,0,11,12,1,1,1,1578.9473684210527
0,1,0,0,0,0,0,0,0,0,0,1,0,0,0,0,0,0,0,1,0,0,0,2,61.0,0,2023,0,1,0,12,14,0,0,1,1229.5081967213114
0,1,0,0,0,0,0,0,0,0,0,0,1,0,0,0,0,0,1,0,0,0,0,2,65.0,0,2019,0,1,0,13,15,0,1,0,1969.2307692307693
0,1,0,0,0,0,0,0,0,0,0,1,0,0,0,0,0,0,0,1,0,0,0,2,59.0,0,2022,0,1,0,8,14,0,0,0,1305.084745762712
0,1,0,0,0,0,0,0,0,0,0,0,1,0,0,0,0,0,0,1,0,0,0,3,96.0,0,2023,1,0,0,5,14,1,1,1,1677.0833333333333
0,1,0,0,0,0,0,0,0,0,0,1,0,0,0,0,0,0,1,0,0,0,0,3,99.0,0,2023,0,1,0,8,12,1,0,0,1565.6565656565656
0,1,0,0,0,0,0,0,0,0,0,1,0,0,0,0,0,0,1,0,0,0,0,3,78.0,0,2024,1,0,0,1,5,1,0,0,1070.5128205128206
0,1,0,0,0,0,0,0,0,0,0,0,1,0,0,0,0,0,0,1,0,0,0,1,49.0,0,2026,0,1,0,14,14,1,0,0,989.795918367347
0,1,0,0,0,0,0,0,0,0,0,1,0,0,0,0,0,0,1,0,0,0,0,1,58.3,1,2023,1,0,0,9,12,0,1,0,1886.7924528301887
0,1,0,0,0,0,0,0,0,0,0,1,0,0,0,0,0,0,0,1,0,0,0,3,108.0,0,2024,0,1,0,11,14,1,0,0,1100.0
0,1,0,0,0,0,0,0,0,0,0,1,0,0,0,0,0,0,1,0,0,0,0,1,57.0,0,2022,0,1,0,11,12,1,1,1,2017.5438596491229
0,1,0,0,0,0,0,0,0,0,0,1,0,0,0,0,0,0,1,0,0,0,0,1,48.0,0,2022,0,1,0,9,12,0,0,0,1593.75
1,0,0,0,0,0,0,0,0,0,0,0,0,0,1,0,0,0,0,1,0,0,0,2,80.0,1,2025,0,1,0,12,17,0,0,1,1312.5
1,0,0,0,0,0,0,0,0,0,0,0,0,0,0,0,0,0,0,0,0,0,0,3,79.64,0,2022,1,0,0,3,14,0,0,0,2222.501255650427
1,0,0,0,0,0,0,0,0,0,0,0,0,0,1,0,0,0,0,0,1,0,0,1,36.0,0,2018,0,0,1,0,9,0,1,1,1025.0
0,1,0,0,0,0,0,0,0,0,0,0,1,0,0,0,0,0,0,1,0,0,0,2,77.0,0,2023,0,1,0,7,16,1,0,0,1194.6753246753246
0,1,0,0,0,0,0,0,0,0,0,0,0,0,0,0,0,0,0,1,0,0,0,1,54.0,0,2025,0,1,0,15,20,0,0,0,1175.9259259259259
0,0,0,0,1,0,0,0,0,0,0,0,1,0,0,0,0,0,1,0,0,0,0,2,47.0,1,1975,1,0,0,3,4,0,1,1,1636.1702127659576
0,1,0,0,0,0,0,0,0,0,0,0,1,0,0,0,0,0,1,0,0,0,0,2,65.0,0,2022,0,1,0,13,16,0,0,0,1923.076923076923
0,0,1,0,0,0,0,0,0,0,0,0,0,0,0,0,0,0,0,0,1,0,0,1,38.0,0,1992,0,0,1,4,9,0,0,0,1763.157894736842
0,1,0,0,0,0,0,0,0,0,0,0,1,0,0,0,0,0,0,1,0,0,0,1,49.19,0,2025,0,1,0,12,17,0,0,0,1372.230128074812
0,1,0,0,0,0,0,0,0,0,0,1,0,0,0,0,0,0,0,1,0,0,0,1,55.0,1,2024,1,0,0,15,21,0,0,0,1400.0
0,1,0,0,0,0,0,0,0,0,0,1,0,0,0,0,0,0,1,0,0,0,0,1,47.0,0,2024,1,0,0,1,5,0,1,1,1446.8085106382978
0,1,0,0,0,0,0,0,0,0,0,0,1,0,0,0,0,0,0,1,0,0,0,3,91.0,0,2023,0,1,0,4,10,0,0,0,1021.978021978022
0,1,0,0,0,0,0,0,0,0,0,1,0,0,0,0,0,0,0,1,0,0,0,1,41.0,0,2024,1,0,0,12,14,0,0,1,1036.5853658536585
1,0,0,0,0,0,0,0,0,0,0,0,0,0,0,0,0,0,0,0,0,0,0,3,113.6,0,2014,1,0,0,4,5,0,0,0,1628.5211267605634
0,0,0,0,1,0,0,0,0,0,0,0,0,0,0,0,0,0,0,0,1,0,0,3,58.0,0,1975,0,0,1,1,4,0,0,0,1396.551724137931
0,0,0,0,0,0,1,0,0,0,0,0,1,0,0,0,0,0,0,0,1,0,0,3,72.0,0,1987,0,0,1,4,9,0,1,0,1381.9444444444443
0,1,0,0,0,0,0,0,0,0,0,0,1,0,0,0,0,0,1,0,0,0,0,3,88.0,1,2024,0,1,0,1,14,1,0,0,1215.909090909091
1,0,0,0,0,0,0,0,0,0,0,0,0,0,0,0,0,0,0,0,0,0,0,2,98.3,0,1994,1,0,0,6,12,0,0,0,1322.4821973550356
1,0,0,0,0,0,0,0,0,0,0,0,1,0,0,0,0,0,1,0,0,0,0,3,87.0,0,2012,0,0,1,8,8,0,1,1,1091.9540229885058
0,1,0,0,0,0,0,0,0,0,0,0,0,0,1,0,0,0,1,0,0,0,0,1,47.0,0,2018,1,0,0,10,13,1,1,0,1340.4255319148936
0,1,0,0,0,0,0,0,0,0,0,1,0,0,0,0,0,0,1,0,0,0,0,2,70.0,0,2022,1,0,0,14,14,0,0,0,1714.2857142857142
1,0,0,0,0,0,0,0,0,0,0,0,1,0,0,0,0,0,0,0,0,1,0,1,32.0,0,1980,1,0,0,1,5,0,1,1,1718.75
1,0,0,0,0,0,0,0,0,0,0,0,0,0,1,0,0,0,0,0,1,0,0,3,175.0,0,2014,1,0,0,7,11,0,1,0,1600.0
0,1,0,0,0,0,0,0,0,0,0,0,0,0,0,0,0,0,0,0,1,0,0,3,75.0,0,2022,0,1,0,6,14,0,0,0,1800.0
0,1,0,0,0,0,0,0,0,0,0,1,0,0,0,0,0,0,0,1,0,0,0,2,66.0,0,2023,0,1,0,12,14,1,0,0,1100.0
0,1,0,0,0,0,0,0,0,0,0,0,0,0,0,0,0,0,0,1,0,0,0,1,44.0,0,2022,0,1,0,14,16,0,0,0,1397.7272727272727
0,1,0,0,0,0,0,0,0,0,0,0,1,0,0,0,0,0,0,1,0,0,0,1,43.0,0,2023,0,1,0,4,12,1,0,0,1476.7441860465117
1,0,0,0,0,0,0,0,0,0,0,0,1,0,0,0,0,0,0,1,0,0,0,2,82.0,0,2019,1,0,0,12,12,0,0,0,841.4634146341464
0,1,0,0,0,0,0,0,0,0,0,1,0,0,0,0,0,0,1,0,0,0,0,2,80.0,0,2022,0,1,0,5,14,1,1,1,1937.5
0,1,0,0,0,0,0,0,0,0,0,0,0,0,0,0,0,0,0,1,0,0,0,2,86.0,0,2024,0,1,0,10,18,1,0,0,1650.0
0,0,0,0,0,0,1,0,0,0,0,0,1,0,0,0,0,0,0,0,0,1,0,1,36.0,1,1986,0,0,1,9,9,0,1,0,1388.888888888889
1,0,0,0,0,0,0,0,0,0,0,0,1,0,0,0,0,0,1,0,0,0,0,4,77.0,0,2019,1,0,0,5,5,0,1,0,1493.5064935064936
1,0,0,0,0,0,0,0,0,0,0,0,0,0,0,0,0,0,0,0,0,0,0,2,60.0,0,2024,1,0,0,1,10,0,0,0,1383.3333333333333
1,0,0,0,0,0,0,0,0,0,0,0,1,0,0,0,0,0,0,0,0,1,0,3,86.0,0,1969,1,0,0,3,4,0,0,1,1744.1860465116279
0,1,0,0,0,0,0,0,0,0,0,1,0,0,0,0,0,0,0,1,0,0,0,2,77.0,0,2023,0,1,0,8,14,0,0,0,1363.6363636363637
0,0,0,0,0,0,1,0,0,0,0,0,0,0,0,0,0,0,0,0,1,0,0,2,65.0,0,1987,0,0,1,8,9,0,0,0,1415.3846153846155
0,1,0,0,0,0,0,0,0,0,0,0,0,0,0,1,0,0,0,1,0,0,0,1,48.0,0,2023,0,1,0,8,9,1,0,0,1300.0
0,1,0,0,0,0,0,0,0,0,0,1,0,0,0,0,0,0,1,0,0,0,0,2,74.0,0,2025,0,1,0,10,16,0,0,0,1797.2972972972973
0,1,0,0,0,0,0,0,0,0,0,1,0,0,0,0,0,0,0,1,0,0,0,2,64.19,0,2023,0,1,0,9,14,0,0,0,1293.0362984888613
1,0,0,0,0,0,0,0,0,0,0,0,0,1,0,0,0,0,0,1,0,0,0,3,110.0,1,2026,0,1,0,11,20,0,0,0,1100.0
1,0,0,0,0,0,0,0,0,0,0,1,0,0,0,0,0,0,1,0,0,0,0,1,33.0,0,2012,1,0,0,0,5,0,1,0,1109.090909090909
0,1,0,0,0,0,0,0,0,0,0,1,0,0,0,0,0,0,0,1,0,0,0,1,48.0,0,2025,0,1,0,4,12,1,0,0,1102.0833333333333
1,0,0,0,0,0,0,0,0,0,0,0,0,0,0,0,0,0,0,0,0,0,0,1,50.0,0,2018,1,0,0,5,10,0,0,0,1650.0
0,0,0,0,1,0,0,0,0,0,0,0,1,0,0,0,0,0,0,0,1,0,0,3,58.0,0,1980,0,0,1,1,4,0,1,1,1422.4137931034484
0,0,1,0,0,0,0,0,0,0,0,0,1,0,0,0,0,0,0,0,1,0,0,1,36.0,0,1992,0,0,1,2,9,0,0,0,2138.8888888888887
1,0,0,0,0,0,0,0,0,0,0,1,0,0,0,0,0,0,1,0,0,0,0,2,60.0,0,2019,1,0,0,1,5,0,0,0,1288.3333333333333
0,1,0,0,0,0,0,0,0,0,0,1,0,0,0,0,0,0,0,1,0,0,0,2,77.46,0,2024,0,1,0,6,12,0,0,0,1250.0
0,0,0,0,1,0,0,0,0,0,0,0,0,0,0,0,0,0,0,0,1,0,0,2,44.0,0,1975,0,0,1,4,4,0,0,0,1568.1818181818182
1,0,0,0,0,0,0,0,0,0,0,0,0,0,1,0,0,0,0,0,1,0,0,2,52.0,0,2006,1,0,0,4,5,1,1,1,1153.8461538461538
0,0,1,0,0,0,0,0,0,0,0,1,0,0,0,0,0,0,0,1,0,0,0,1,44.0,0,2024,0,1,0,1,9,1,0,0,1170.4545454545455
0,1,0,0,0,0,0,0,0,0,0,0,0,1,0,0,0,0,1,0,0,0,0,3,100.0,0,2023,1,0,0,10,10,0,0,0,2200.0
0,1,0,0,0,0,0,0,0,0,0,0,1,0,0,0,0,0,1,0,0,0,0,2,70.0,0,2019,0,1,0,12,12,1,1,0,1600.0
0,1,0,0,0,0,0,0,0,0,0,0,0,1,0,0,0,0,1,0,0,0,0,3,102.0,0,2023,0,1,0,13,14,0,0,0,750.0
0,1,0,0,0,0,0,0,0,0,0,1,0,0,0,0,0,0,1,0,0,0,0,2,68.0,0,2023,0,1,0,8,14,0,0,0,1911.764705882353
0,1,0,0,0,0,0,0,0,0,0,0,1,0,0,0,0,0,1,0,0,0,0,2,64.0,0,2020,0,1,0,7,13,0,1,0,1390.625
0,1,0,0,0,0,0,0,0,0,0,0,0,0,0,0,0,0,0,1,0,0,0,3,75.0,0,2025,0,1,0,5,16,0,0,0,1207.84
0,1,0,0,0,0,0,0,0,0,0,1,0,0,0,0,0,0,1,0,0,0,0,1,40.0,0,2024,0,1,0,8,14,0,0,0,1600.0
0,1,0,0,0,0,0,0,0,0,0,0,1,0,0,0,0,0,0,1,0,0,0,3,85.0,0,2024,0,1,0,2,14,0,0,0,1105.8823529411766
0,0,0,0,1,0,0,0,0,0,0,0,1,0,0,0,0,0,1,0,0,0,0,2,46.0,0,1975,0,0,1,4,4,0,1,0,1956.5217391304348
0,1,0,0,0,0,0,0,0,0,0,0,0,0,0,0,0,0,0,0,0,1,0,1,43.0,0,2023,1,0,0,9,9,0,0,0,1267.4418604651162
0,1,0,0,0,0,0,0,0,0,0,1,0,0,0,0,0,0,0,1,0,0,0,1,51.26,0,2024,0,1,0,8,12,1,0,0,1238.782676550917
0,1,0,0,0,0,0,0,0,0,0,0,1,0,0,0,0,0,0,1,0,0,0,2,63.0,0,2024,0,1,0,12,13,0,0,0,1428.5714285714287
1,0,0,0,0,0,0,0,0,0,0,0,0,0,1,0,0,0,0,0,1,0,0,3,52.0,0,2019,1,0,0,1,2,0,0,0,1682.6923076923076
0,1,0,0,0,0,0,0,0,0,0,1,0,0,0,0,0,0,0,1,0,0,0,2,85.0,0,2022,0,0,1,11,14,1,0,0,1470.5882352941176
0,1,0,0,0,0,0,0,0,0,0,0,0,0,0,0,0,0,1,0,0,0,0,2,74.0,0,2024,0,1,0,5,12,0,0,0,1027.027027027027
0,0,0,0,0,1,0,0,0,0,0,1,0,0,0,0,0,0,0,0,1,0,0,1,48.0,0,2023,1,0,0,7,9,0,0,0,1520.8333333333333
0,1,0,0,0,0,0,0,0,0,0,0,1,0,0,0,0,0,1,0,0,0,0,3,78.0,0,2019,0,1,0,11,12,0,0,0,2076.923076923077
0,1,0,0,0,0,0,0,0,0,0,0,1,0,0,0,0,0,1,0,0,0,0,1,48.0,1,2024,0,1,0,2,12,1,0,0,1352.0833333333333
0,0,0,0,0,0,1,0,0,0,0,0,0,0,0,0,0,0,0,0,0,1,0,1,35.0,0,1987,0,0,1,9,9,0,0,0,1485.7142857142858
0,1,0,0,0,0,0,0,0,0,0,0,1,0,0,0,0,0,1,0,0,0,0,2,60.0,1,2019,1,0,0,11,14,1,1,1,1366.6666666666667
0,0,0,0,0,0,1,0,0,0,0,0,0,1,0,0,0,0,0,1,0,0,0,2,67.0,0,2025,0,0,1,3,5,1,0,0,1050.0
0,1,0,0,0,0,0,0,0,0,0,0,0,0,0,0,0,0,0,1,0,0,0,1,49.0,0,2025,0,1,0,9,12,1,0,0,897.9591836734694
0,0,0,1,0,0,0,0,0,0,0,0,1,0,0,0,0,0,0,0,0,1,0,2,43.0,0,1967,1,0,0,3,4,0,1,1,1395.3488372093022
0,1,0,0,0,0,0,0,0,0,0,1,0,0,0,0,0,0,1,0,0,0,0,2,61.0,0,2020,0,1,0,4,12,1,1,0,1901.639344262295
0,1,0,0,0,0,0,0,0,0,0,0,1,0,0,0,0,0,1,0,0,0,0,2,43.0,0,2022,0,1,0,4,12,1,0,0,1511.6279069767443
0,1,0,0,0,0,0,0,0,0,0,0,0,1,0,0,0,0,1,0,0,0,0,2,63.0,0,2023,0,1,0,3,5,1,0,0,1309.5238095238096
0,1,0,0,0,0,0,0,0,0,0,0,1,0,0,0,0,0,0,0,1,0,0,2,59.0,0,2020,1,0,0,6,7,0,1,1,1372.8813559322034
1,0,0,0,0,0,0,0,0,0,0,0,1,0,0,0,0,0,0,0,1,0,0,2,48.0,0,2020,1,0,0,4,5,0,0,0,1483.3333333333333
0,1,0,0,0,0,0,0,0,0,0,1,0,0,0,0,0,0,0,1,0,0,0,1,51.0,0,2024,0,1,0,10,12,1,0,0,980.3921568627451
0,1,0,0,0,0,0,0,0,0,0,0,1,0,0,0,0,0,0,1,0,0,0,2,73.0,0,2025,0,1,0,3,7,0,0,0,1342.4657534246576
0,1,0,0,0,0,0,0,0,0,0,0,1,0,0,0,0,0,0,1,0,0,0,3,126.0,0,2024,0,1,0,3,13,1,0,0,1579.3650793650793
0,1,0,0,0,0,0,0,0,0,0,0,1,0,0,0,0,0,1,0,0,0,0,4,102.0,0,2019,0,1,0,2,9,1,1,1,1843.137254901961
0,1,0,0,0,0,0,0,0,0,0,0,1,0,0,0,0,0,0,0,1,0,0,4,101.0,0,2019,1,0,0,4,12,0,1,0,1336.6336633663366
0,1,0,0,0,0,0,0,0,0,0,0,0,1,0,0,0,0,0,1,0,0,0,1,48.0,0,2023,1,0,0,10,12,0,0,0,1177.0833333333333
0,0,0,0,1,0,0,0,0,0,0,0,1,0,0,0,0,0,0,0,0,1,0,3,58.0,0,1975,0,0,1,5,5,0,0,0,1637.9310344827586
0,1,0,0,0,0,0,0,0,0,0,0,1,0,0,0,0,0,1,0,0,0,0,1,60.0,0,2021,0,1,0,13,13,0,0,0,1583.3333333333333
0,0,1,0,0,0,0,0,0,0,0,0,1,0,0,0,0,0,1,0,0,0,0,2,100.0,0,2020,0,1,0,9,9,1,1,1,1115.0
0,0,1,0,0,0,0,0,0,0,0,0,1,0,0,0,0,0,1,0,0,0,0,3,72.0,1,1992,0,0,1,5,9,0,0,0,1736.111111111111
0,1,0,0,0,0,0,0,0,0,0,1,0,0,0,0,0,0,1,0,0,0,0,1,38.0,0,2023,1,0,0,4,9,1,1,0,1500.0
0,1,0,0,0,0,0,0,0,0,0,0,0,1,0,0,0,0,1,0,0,0,0,2,55.0,0,2022,0,1,0,6,9,0,0,0,1400.0
0,1,0,0,0,0,0,0,0,0,0,0,1,0,0,0,0,0,1,0,0,0,0,2,46.0,0,2020,0,1,0,9,12,0,0,0,1565.2173913043478
0,1,0,0,0,0,0,0,0,0,0,1,0,0,0,0,0,0,1,0,0,0,0,1,45.0,0,2023,1,0,0,8,9,0,0,0,1444.4444444444443
0,0,0,0,0,0,1,0,0,0,0,0,1,0,0,0,0,0,1,0,0,0,0,1,33.8,0,2009,0,0,1,9,9,0,1,1,1952.6627218934914
0,0,1,0,0,0,0,0,0,0,0,0,1,0,0,0,0,0,1,0,0,0,0,1,41.0,0,1990,0,0,1,1,9,1,1,1,1841.4634146341464
0,1,0,0,0,0,0,0,0,0,0,0,1,0,0,0,0,0,1,0,0,0,0,2,57.0,0,2022,0,1,0,12,12,0,1,1,1666.6666666666667
0,1,0,0,0,0,0,0,0,0,0,0,1,0,0,0,0,0,1,0,0,0,0,2,52.5,1,2021,0,1,0,12,12,1,0,0,1619.047619047619
0,1,0,0,0,0,0,0,0,0,0,1,0,0,0,0,0,0,0,1,0,0,0,2,69.0,0,2023,1,0,0,12,14,0,0,0,1320.0
0,1,0,0,0,0,0,0,0,0,0,1,0,0,0,0,0,0,0,1,0,0,0,1,48.0,0,2022,0,1,0,8,14,0,0,0,1281.25
0,1,0,0,0,0,0,0,0,0,0,0,0,0,0,0,0,0,1,0,0,0,0,2,41.5,1,2023,1,0,0,10,10,0,0,0,1361.44578313253
0,1,0,0,0,0,0,0,0,0,0,0,0,0,0,0,0,0,0,1,0,0,0,3,137.0,0,2025,0,1,0,10,10,0,0,0,1600.0
0,1,0,0,0,0,0,0,0,0,0,0,0,1,0,0,0,0,0,1,0,0,0,3,88.0,0,2025,1,0,0,14,14,0,0,0,1090.909090909091
0,1,0,0,0,0,0,0,0,0,0,1,0,0,0,0,0,0,1,0,0,0,0,2,76.0,0,2022,0,1,0,9,12,0,0,0,1513.157894736842
0,1,0,0,0,0,0,0,0,0,0,0,0,1,0,0,0,0,0,1,0,0,0,2,59.0,0,2023,1,0,0,9,10,0,0,0,830.5084745762712
0,1,0,0,0,0,0,0,0,0,0,0,1,0,0,0,0,0,1,0,0,0,0,4,200.0,0,2023,1,0,0,6,9,1,1,1,1150.0
0,1,0,0,0,0,0,0,0,0,0,0,1,0,0,0,0,0,0,1,0,0,0,1,56.0,0,2023,1,0,0,5,5,1,1,0,794.6428571428571
0,1,0,0,0,0,0,0,0,0,0,0,1,0,0,0,0,0,1,0,0,0,0,3,76.0,0,2015,0,1,0,7,10,0,1,1,1671.0526315789473
0,1,0,0,0,0,0,0,0,0,0,1,0,0,0,0,0,0,1,0,0,0,0,2,59.0,1,2022,0,1,0,5,12,0,0,0,2067.7966101694915
0,1,0,0,0,0,0,0,0,0,0,1,0,0,0,0,0,0,1,0,0,0,0,2,65.0,0,2020,0,1,0,3,9,1,1,1,1384.6153846153845
0,1,0,0,0,0,0,0,0,0,0,0,0,1,0,0,0,0,1,0,0,0,0,4,126.0,0,2021,0,1,0,12,14,0,0,0,1817.4603174603174
0,0,0,0,1,0,0,0,0,0,0,0,1,0,0,0,0,0,0,0,1,0,0,2,45.0,0,1975,0,0,1,3,4,0,0,0,1575.5555555555557
0,1,0,0,0,0,0,0,0,0,0,0,0,0,0,0,0,0,0,1,0,0,0,2,100.0,0,2022,0,0,1,5,14,0,0,0,1450.0
0,1,0,0,0,0,0,0,0,0,0,0,1,0,0,0,0,0,0,1,0,0,0,3,108.56,1,2024,0,1,0,14,14,1,0,0,1840.4568901989683
0,1,0,0,0,0,0,0,0,0,0,1,0,0,0,0,0,0,0,1,0,0,0,1,51.0,0,2027,1,0,0,13,15,0,0,0,862.7450980392157
0,1,0,0,0,0,0,0,0,0,0,0,1,0,0,0,0,0,0,1,0,0,0,1,62.0,0,2023,0,1,0,8,12,0,0,0,1150.0
0,1,0,0,0,0,0,0,0,0,0,1,0,0,0,0,0,0,0,0,0,0,1,2,70.0,0,2025,0,1,0,2,15,1,0,0,1164.2857142857142
1,0,0,0,0,0,0,0,0,0,0,0,0,0,0,0,0,0,0,0,0,0,0,2,66.0,0,2024,0,1,0,4,12,0,0,0,1590.909090909091
0,0,1,0,0,0,0,0,0,0,0,1,0,0,0,0,0,0,1,0,0,0,0,3,82.0,0,1992,0,1,0,1,9,0,1,1,1195.121951219512
0,1,0,0,0,0,0,0,0,0,0,0,0,0,0,0,0,0,0,1,0,0,0,1,40.0,0,2022,0,1,0,11,14,0,0,0,1275.0
0,1,0,0,0,0,0,0,0,0,0,0,1,0,0,0,0,0,0,1,0,0,0,1,44.0,0,2022,0,1,0,8,10,0,0,0,1000.0
0,1,0,0,0,0,0,0,0,0,0,1,0,0,0,0,0,0,0,1,0,0,0,1,38.0,0,2022,0,1,0,5,12,0,0,0,1421.0526315789473
0,1,0,0,0,0,0,0,0,0,0,0,0,0,0,0,0,0,0,1,0,0,0,4,112.0,1,2025,0,1,0,9,12,0,0,0,1000.0
1,0,0,0,0,0,0,0,0,0,0,0,0,0,0,0,0,0,0,0,0,0,0,5,262.0,0,2022,0,1,0,9,10,0,0,0,1351.145038167939
0,1,0,0,0,0,0,0,0,0,0,1,0,0,0,0,0,0,1,0,0,0,0,2,43.6,0,2023,0,1,0,11,14,0,0,0,1571.1009174311926
0,1,0,0,0,0,0,0,0,0,0,0,0,0,0,0,0,0,0,1,0,0,0,1,42.0,1,2026,0,1,0,2,14,0,0,0,1400.0
1,0,0,0,0,0,0,0,0,0,0,0,1,0,0,0,0,0,0,0,1,0,0,2,78.0,0,2019,1,0,0,3,5,0,1,0,1102.5641025641025
0,0,0,0,0,0,1,0,0,0,0,0,1,0,0,0,0,0,1,0,0,0,0,1,34.0,0,1999,0,0,1,3,9,0,0,0,1714.8823529411766
1,0,0,0,0,0,0,0,0,0,0,0,0,0,1,0,0,0,1,0,0,0,0,1,25.0,1,2020,1,0,0,1,4,0,1,1,1400.0
0,1,0,0,0,0,0,0,0,0,0,0,1,0,0,0,0,0,0,0,0,0,1,1,49.0,0,2022,0,1,0,8,11,0,0,0,1102.0408163265306
1,0,0,0,0,0,0,0,0,0,0,0,0,0,0,0,0,0,0,0,0,0,0,3,230.0,0,2018,1,0,0,2,10,0,0,0,1304.3478260869565
0,0,1,0,0,0,0,0,0,0,0,0,1,0,0,0,0,0,1,0,0,0,0,1,35.0,0,1992,0,0,1,5,9,0,1,1,1857.142857142857
0,1,0,0,0,0,0,0,0,0,0,0,1,0,0,0,0,0,1,0,0,0,0,3,78.7,1,2024,1,0,0,11,12,0,1,0,1651.8424396442185
0,1,0,0,0,0,0,0,0,0,0,1,0,0,0,0,0,0,0,1,0,0,0,1,52.7,0,2024,0,1,0,7,12,0,0,0,1280.0
0,1,0,0,0,0,0,0,0,0,0,0,1,0,0,0,0,0,1,0,0,0,0,2,100.0,0,2023,0,1,0,2,14,0,1,1,1820.0
1,0,0,0,0,0,0,0,0,0,0,0,1,0,0,0,0,0,0,0,1,0,0,3,75.0,0,1992,0,1,0,7,18,0,0,1,1640.0
0,1,0,0,0,0,0,0,0,0,0,1,0,0,0,0,0,0,0,1,0,0,0,3,137.0,0,2025,0,1,0,3,18,0,0,0,1750.0
0,1,0,0,0,0,0,0,0,0,0,1,0,0,0,0,0,0,1,0,0,0,0,2,74.0,0,2023,0,1,0,6,16,1,0,0,1689.1756756756756
0,0,0,0,0,1,0,0,0,0,0,1,0,0,0,0,0,0,1,0,0,0,0,1,45.0,0,2023,0,0,1,7,9,1,0,1,1422.2222222222222
0,0,0,0,1,0,0,0,0,0,0,0,1,0,0,0,0,0,1,0,0,0,0,1,35.0,0,1975,0,0,1,1,5,1,1,1,1771.4285714285713
0,1,0,0,0,0,0,0,0,0,0,1,0,0,0,0,0,0,0,1,0,0,0,2,71.0,0,2025,0,1,0,11,14,0,0,0,1056.338028169014
1,0,0,0,0,0,0,0,0,0,0,0,0,0,0,0,0,0,0,0,0,0,0,2,78.0,0,2014,0,1,0,2,10,0,0,0,1846.1538461538462
0,1,0,0,0,0,0,0,0,0,0,0,0,0,0,0,0,0,1,0,0,0,0,2,55.0,0,2022,0,1,0,5,12,0,0,0,1345.4545454545455
0,1,0,0,0,0,0,0,0,0,0,0,1,0,0,0,0,0,0,0,1,0,0,1,56.0,0,2015,0,1,0,2,12,0,0,0,1383.9285714285713
0,1,0,0,0,0,0,0,0,0,0,0,1,0,0,0,0,0,1,0,0,0,0,2,63.0,0,2023,1,0,0,2,13,0,0,0,2023.8095238095239
1,0,0,0,0,0,0,0,0,0,0,0,1,0,0,0,0,0,1,0,0,0,0,2,50.0,0,2019,1,0,0,1,5,0,1,0,1270.0
0,1,0,0,0,0,0,0,0,0,0,1,0,0,0,0,0,0,0,1,0,0,0,4,128.0,0,2022,0,1,0,3,12,1,0,0,1367.1875
0,0,0,1,0,0,0,0,0,0,0,0,1,0,0,0,0,0,0,0,1,0,0,1,29.0,0,1967,1,0,0,1,4,0,1,1,1931.0344827586207
0,1,0,0,0,0,0,0,0,0,0,1,0,0,0,0,0,0,0,1,0,0,0,1,39.0,0,2024,1,0,0,5,5,0,0,1,1192.3076923076924
1,0,0,0,0,0,0,0,0,0,0,0,1,0,0,0,0,0,0,0,1,0,0,1,29.0,0,2019,1,0,0,3,5,0,0,0,1896.551724137931
0,1,0,0,0,0,0,0,0,0,0,1,0,0,0,0,0,0,1,0,0,0,0,4,156.0,0,2024,0,1,0,12,14,1,0,0,1762.820512820513
0,0,0,0,1,0,0,0,0,0,0,0,1,0,0,0,0,0,1,0,0,0,0,2,45.0,0,1975,0,0,1,5,5,0,1,1,1633.3333333333333
0,1,0,0,0,0,0,0,0,0,0,0,1,0,0,0,0,0,0,1,0,0,0,1,48.0,0,2024,0,1,0,13,13,1,0,0,1020.8333333333334
0,1,0,0,0,0,0,0,0,0,0,0,1,0,0,0,0,0,0,1,0,0,0,1,49.19,0,2025,0,1,0,14,16,1,0,0,1368.1642610286644
0,1,0,0,0,0,0,0,0,0,0,1,0,0,0,0,0,0,1,0,0,0,0,1,47.0,0,2023,0,1,0,4,12,1,0,0,1478.723404255319
0,1,0,0,0,0,0,0,0,0,0,0,1,0,0,0,0,0,0,0,1,0,0,1,47.0,0,2023,1,0,0,7,10,0,0,0,1482.9787234042553
0,1,0,0,0,0,0,0,0,0,0,1,0,0,0,0,0,0,0,1,0,0,0,1,33.0,0,2023,1,0,0,13,13,0,0,0,848.4848484848485
1,0,0,0,0,0,0,0,0,0,0,0,0,0,0,0,0,0,0,0,0,0,0,3,210.0,0,2020,1,0,0,10,12,0,0,0,2285.714285714286
0,1,0,0,0,0,0,0,0,0,0,0,1,0,0,0,0,0,0,1,0,0,0,2,65.0,0,2024,0,1,0,4,14,1,0,0,1153.8461538461538
0,1,0,0,0,0,0,0,0,0,0,1,0,0,0,0,0,0,0,1,0,0,0,4,162.0,0,2022,1,0,0,4,7,1,1,1,1550.0
0,1,0,0,0,0,0,0,0,0,0,1,0,0,0,0,0,0,1,0,0,0,0,3,100.0,0,2022,0,1,0,2,14,0,0,1,1700.0
0,1,0,0,0,0,0,0,0,0,0,0,0,0,0,0,0,0,0,1,0,0,0,4,174.0,0,2020,0,1,0,3,7,0,0,0,1900.0
0,1,0,0,0,0,0,0,0,0,0,0,1,0,0,0,0,0,1,0,0,0,0,2,90.0,0,2023,0,1,0,10,12,0,0,1,1555.5555555555557
0,1,0,0,0,0,0,0,0,0,0,0,1,0,0,0,0,0,0,0,0,0,1,2,69.1,0,2026,0,1,0,3,12,1,0,0,1049.2040520984083
0,1,0,0,0,0,0,0,0,0,0,0,0,0,0,0,0,0,1,0,0,0,0,1,53.0,0,2023,0,1,0,3,9,0,0,0,1264.1509433962265
0,1,0,0,0,0,0,0,0,0,0,1,0,0,0,0,0,0,1,0,0,0,0,1,46.0,0,2024,1,0,0,3,10,0,0,0,1510.8695652173913
0,1,0,0,0,0,0,0,0,0,0,1,0,0,0,0,0,0,1,0,0,0,0,3,80.0,0,2022,0,1,0,3,10,1,1,0,2125.0
0,1,0,0,0,0,0,0,0,0,0,1,0,0,0,0,0,0,0,1,0,0,0,3,97.0,0,2025,0,1,0,7,23,0,0,0,1600.0
0,1,0,0,0,0,0,0,0,0,0,0,1,0,0,0,0,0,0,1,0,0,0,1,45.0,1,2025,0,1,0,13,14,0,0,0,990.0
1,0,0,0,0,0,0,0,0,0,0,0,0,0,0,0,0,0,0,0,0,0,0,3,102.6,0,2025,0,1,0,2,12,0,0,0,1744.6393762183236
0,1,0,0,0,0,0,0,0,0,0,1,0,0,0,0,0,0,0,1,0,0,0,3,74.0,0,2022,0,1,0,7,12,0,0,0,1141.8918918918919
0,1,0,0,0,0,0,0,0,0,0,0,0,0,0,0,0,0,0,1,0,0,0,3,127.0,0,2027,1,0,0,7,12,0,0,0,1400.0
1,0,0,0,0,0,0,0,0,0,0,0,1,0,0,0,0,0,1,0,0,0,0,2,46.0,0,1990,1,0,0,4,5,0,1,1,1586.9565217391305
0,1,0,0,0,0,0,0,0,0,0,1,0,0,0,0,0,0,0,1,0,0,0,2,60.58,0,2024,0,1,0,12,12,0,0,0,1403.1033344338066
0,1,0,0,0,0,0,0,0,0,0,0,1,0,0,0,0,0,1,0,0,0,0,2,59.0,0,2023,0,1,0,6,7,0,1,1,1338.9830508474577
0,1,0,0,0,0,0,0,0,0,0,1,0,0,0,0,0,0,1,0,0,0,0,2,69.0,0,2023,0,1,0,6,14,0,0,0,1405.7971014492753
0,0,0,0,1,0,0,0,0,0,0,0,1,0,0,0,0,0,1,0,0,0,0,3,58.0,0,1975,0,0,1,1,4,0,0,0,1586.2068965517242
0,1,0,0,0,0,0,0,0,0,0,0,0,1,0,0,0,0,0,1,0,0,0,1,49.0,0,2022,0,1,0,5,14,0,0,0,1469.3877551020407
0,1,0,0,0,0,0,0,0,0,0,1,0,0,0,0,0,0,1,0,0,0,0,4,126.0,0,2021,0,1,0,5,14,1,0,0,2222.222222222222
0,1,0,0,0,0,0,0,0,0,0,0,0,0,1,0,0,0,1,0,0,0,0,3,98.0,0,2023,0,1,0,12,13,0,0,0,2040.8163265306123
0,1,0,0,0,0,0,0,0,0,0,0,1,0,0,0,0,0,0,1,0,0,0,3,128.0,0,2021,0,1,0,10,14,1,1,1,1992.1875
0,1,0,0,0,0,0,0,0,0,0,0,1,0,0,0,0,0,0,1,0,0,0,2,67.0,0,2023,0,1,0,2,13,1,0,0,1089.55223880597
0,0,0,0,1,0,0,0,0,0,0,0,1,0,0,0,0,0,1,0,0,0,0,2,45.0,0,1975,0,0,1,2,5,1,1,0,1844.4444444444443
0,1,0,0,0,0,0,0,0,0,0,0,0,1,0,0,0,0,0,1,0,0,0,3,75.0,0,2024,1,0,0,2,8,0,0,0,920.0
1,0,0,0,0,0,0,0,0,0,0,0,0,0,0,0,0,0,0,0,0,0,0,1,34.7,0,2024,1,0,0,2,5,0,0,0,778.0979827089336
0,1,0,0,0,0,0,0,0,0,0,0,1,0,0,0,0,0,0,1,0,0,0,1,45.73,0,2026,0,1,0,11,14,0,0,0,929.3680297397771
0,0,0,0,0,0,1,0,0,0,0,0,1,0,0,0,0,0,0,0,1,0,0,2,48.0,0,1987,0,0,1,2,5,1,1,0,1708.3333333333333
0,0,0,0,0,0,1,0,0,0,0,0,1,0,0,0,0,0,0,0,1,0,0,1,36.0,0,1987,0,0,1,9,9,0,0,0,1583.3333333333333
0,0,0,0,1,0,0,0,0,0,0,0,1,0,0,0,0,0,0,0,1,0,0,3,57.0,1,1975,0,0,1,2,4,0,1,1,1403.5087719298247
0,1,0,0,0,0,0,0,0,0,0,0,1,0,0,0,0,0,1,0,0,0,0,2,64.0,0,2022,1,0,0,10,14,0,0,0,1664.0625
0,1,0,0,0,0,0,0,0,0,0,1,0,0,0,0,0,0,0,1,0,0,0,3,93.3,1,2024,0,1,0,14,16,0,0,0,1039.657020364416
0,1,0,0,0,0,0,0,0,0,0,0,1,0,0,0,0,0,0,1,0,0,0,2,81.0,0,2024,0,1,0,2,14,0,0,0,1074.0740740740741
0,0,0,0,0,1,0,0,0,0,0,1,0,0,0,0,0,0,1,0,0,0,0,2,78.0,0,2025,0,0,1,8,10,0,0,0,1250.0
0,1,0,0,0,0,0,0,0,0,0,0,1,0,0,0,0,0,1,0,0,0,0,3,95.0,0,2017,0,1,0,9,10,0,0,0,1842.1052631578948
0,1,0,0,0,0,0,0,0,0,0,1,0,0,0,0,0,0,0,1,0,0,0,2,60.85,0,2022,0,1,0,2,12,0,0,0,1000.0
0,1,0,0,0,0,0,0,0,0,0,1,0,0,0,0,0,0,0,1,0,0,0,3,98.0,0,2024,0,1,0,9,16,1,1,0,1313.7755102040817
1,0,0,0,0,0,0,0,0,0,0,1,0,0,0,0,0,0,1,0,0,0,0,1,28.0,0,2019,1,0,0,1,2,0,1,1,1346.4285714285713
0,1,0,0,0,0,0,0,0,0,0,0,0,1,0,0,0,0,0,1,0,0,0,2,48.91,0,2023,0,1,0,12,14,1,0,0,1059.0881210386424
0,1,0,0,0,0,0,0,0,0,0,0,1,0,0,0,0,0,0,1,0,0,0,1,42.72,1,2026,1,0,0,2,12,0,0,0,880.6179775280899
0,0,1,0,0,0,0,0,0,0,0,0,1,0,0,0,0,0,0,0,1,0,0,2,52.0,0,1992,0,0,1,1,9,0,1,1,1557.6923076923076
0,1,0,0,0,0,0,0,0,0,0,0,0,1,0,0,0,0,0,0,0,0,1,1,55.0,0,2026,0,1,0,11,17,1,0,0,1320.2727272727273
1,0,0,0,0,0,0,0,0,0,0,0,1,0,0,0,0,0,0,0,0,1,0,3,70.0,0,2019,1,0,0,5,7,0,0,0,1728.5714285714287
0,1,0,0,0,0,0,0,0,0,0,1,0,0,0,0,0,0,0,1,0,0,0,3,122.0,1,2025,1,0,0,7,12,0,0,0,1700.0
0,0,0,1,0,0,0,0,0,0,0,0,1,0,0,0,0,0,0,0,0,1,0,1,28.0,0,1967,1,0,0,3,3,0,1,1,1875.0
0,1,0,0,0,0,0,0,0,0,0,0,1,0,0,0,0,0,0,0,1,0,0,4,158.0,0,2015,1,0,0,4,4,0,1,1,2025.3164556962026
0,1,0,0,0,0,0,0,0,0,0,1,0,0,0,0,0,0,0,1,0,0,0,1,55.0,0,2027,1,0,0,3,16,0,0,0,850.9090909090909
0,1,0,0,0,0,0,0,0,0,0,0,1,0,0,0,0,0,0,1,0,0,0,3,97.0,0,2023,0,1,0,8,12,0,0,0,1150.0
0,1,0,0,0,0,0,0,0,0,0,1,0,0,0,0,0,0,0,0,1,0,0,1,42.0,0,2021,0,1,0,3,12,1,1,1,1869.047619047619
0,1,0,0,0,0,0,0,0,0,0,0,1,0,0,0,0,0,0,0,1,0,0,2,59.0,0,2023,1,0,0,3,10,0,0,0,1491.5254237288136
0,1,0,0,0,0,0,0,0,0,0,0,0,0,0,0,0,0,0,1,0,0,0,3,97.0,0,2022,0,1,0,5,12,0,0,0,1515.4639175257732
0,1,0,0,0,0,0,0,0,0,0,1,0,0,0,0,0,0,0,1,0,0,0,1,38.0,0,2023,0,1,0,4,9,0,0,0,1231.578947368421
0,1,0,0,0,0,0,0,0,0,0,0,0,1,0,0,0,0,0,1,0,0,0,3,73.5,0,2023,0,1,0,8,12,0,0,0,1102.0408163265306
0,0,1,0,0,0,0,0,0,0,0,0,0,0,0,0,0,0,0,0,1,0,0,1,34.0,0,2019,0,0,1,3,9,0,0,0,1647.0588235294117
0,0,0,0,0,0,1,0,0,0,0,0,1,0,0,0,0,0,1,0,0,0,0,1,34.0,0,2025,0,0,1,4,5,0,0,0,1673.5294117647059
0,0,0,1,0,0,0,0,0,0,0,0,1,0,0,0,0,0,0,0,1,0,0,1,30.0,0,1967,1,0,0,4,4,0,1,0,1750.0
0,1,0,0,0,0,0,0,0,0,0,0,1,0,0,0,0,0,1,0,0,0,0,3,100.0,0,2015,0,1,0,11,12,0,1,1,1385.0
0,1,0,0,0,0,0,0,0,0,0,0,1,0,0,0,0,0,1,0,0,0,0,4,176.0,0,2020,0,1,0,5,14,0,1,0,2556.818181818182
0,1,0,0,0,0,0,0,0,0,0,0,1,0,0,0,0,0,0,1,0,0,0,3,116.0,0,2022,0,1,0,13,16,0,0,0,1080.0
1,0,0,0,0,0,0,0,0,0,0,1,0,0,0,0,0,0,1,0,0,0,0,2,68.0,0,2024,1,0,0,3,3,0,0,0,1205.8823529411766
0,1,0,0,0,0,0,0,0,0,0,0,0,1,0,0,0,0,1,0,0,0,0,4,209.0,0,2018,0,1,0,5,10,1,1,1,2057.4162679425835
0,1,0,0,0,0,0,0,0,0,0,0,1,0,0,0,0,0,1,0,0,0,0,2,74.0,0,2017,0,1,0,1,8,0,0,0,1168.918918918919
0,1,0,0,0,0,0,0,0,0,0,0,0,0,1,0,0,0,1,0,0,0,0,1,49.0,0,2023,0,1,0,8,12,0,0,0,1714.2857142857142
0,1,0,0,0,0,0,0,0,0,0,0,1,0,0,0,0,0,0,0,1,0,0,1,51.0,0,2020,0,1,0,6,12,0,0,0,1705.8823529411766
1,0,0,0,0,0,0,0,0,0,0,0,0,0,0,0,0,0,0,0,0,0,0,2,46.3,0,2021,1,0,0,3,8,0,0,0,1511.879049676026
0,1,0,0,0,0,0,0,0,0,0,0,1,0,0,0,0,0,0,1,0,0,0,2,66.0,0,2024,0,1,0,2,12,0,0,0,1318.1818181818182
0,1,0,0,0,0,0,0,0,0,0,0,1,0,0,0,0,0,1,0,0,0,0,3,81.0,0,2023,0,1,0,10,12,0,0,0,1567.9012345679012
0,1,0,0,0,0,0,0,0,0,0,0,1,0,0,0,0,0,0,1,0,0,0,4,146.0,1,2023,0,1,0,10,16,0,0,0,1050.0
0,0,0,0,1,0,0,0,0,0,0,0,1,0,0,0,0,0,1,0,0,0,0,1,32.0,0,1975,0,0,1,3,5,0,1,1,1937.5
0,0,1,0,0,0,0,0,0,0,0,0,0,0,0,0,0,0,0,1,0,0,0,3,121.0,1,2020,0,1,0,5,7,0,0,0,1750.0
0,0,0,0,0,1,0,0,0,0,0,1,0,0,0,0,0,0,0,0,0,0,1,1,48.0,1,2025,0,1,0,9,9,0,0,0,1145.8333333333333
0,0,1,0,0,0,0,0,0,0,0,0,1,0,0,0,0,0,0,0,0,1,0,4,93.0,0,1992,0,0,1,8,9,0,1,1,1559.1397849462367
1,0,0,0,0,0,0,0,0,0,0,1,0,0,0,0,0,0,0,1,0,0,0,1,48.0,0,2023,0,1,0,5,10,0,0,0,1250.0
0,1,0,0,0,0,0,0,0,0,0,1,0,0,0,0,0,0,1,0,0,0,0,2,80.0,0,2022,0,1,0,4,12,0,0,0,2250.0
0,1,0,0,0,0,0,0,0,0,0,0,1,0,0,0,0,0,0,0,1,0,0,1,58.0,0,2023,0,1,0,6,10,0,1,0,1379.3103448275863
0,1,0,0,0,0,0,0,0,0,0,1,0,0,0,0,0,0,0,1,0,0,0,2,83.0,0,2022,1,0,0,2,14,0,0,0,1156.6265060240964
0,1,0,0,0,0,0,0,0,0,0,0,1,0,0,0,0,0,1,0,0,0,0,2,58.0,0,2016,0,1,0,9,12,1,1,1,1586.2068965517242
0,1,0,0,0,0,0,0,0,0,0,1,0,0,0,0,0,0,1,0,0,0,0,1,45.0,0,2022,0,1,0,4,9,0,0,0,1551.111111111111
0,1,0,0,0,0,0,0,0,0,0,0,1,0,0,0,0,0,0,0,1,0,0,3,77.0,0,2022,0,1,0,3,12,0,0,0,1311.6883116883116
0,1,0,0,0,0,0,0,0,0,0,1,0,0,0,0,0,0,1,0,0,0,0,2,79.0,0,2022,0,1,0,13,14,0,0,0,1620.253164556962
0,1,0,0,0,0,0,0,0,0,0,0,0,0,0,0,0,0,0,1,0,0,0,4,120.61,0,2023,0,1,0,6,12,0,0,0,787.6627145344498
0,1,0,0,0,0,0,0,0,0,0,0,0,1,0,0,0,0,1,0,0,0,0,1,41.0,0,2023,1,0,0,14,15,0,1,0,1670.7317073170732
0,1,0,0,0,0,0,0,0,0,0,1,0,0,0,0,0,0,1,0,0,0,0,2,76.6,0,2022,0,1,0,9,14,0,0,0,1723.2375979112273
1,0,0,0,0,0,0,0,0,0,0,0,1,0,0,0,0,0,1,0,0,0,0,3,67.8,1,1995,1,0,0,2,5,0,0,0,1474.9262536873157
1,0,0,0,0,0,0,0,0,0,0,1,0,0,0,0,0,0,0,0,1,0,0,1,36.0,0,2019,1,0,0,6,6,0,1,1,1236.111111111111
0,1,0,0,0,0,0,0,0,0,0,1,0,0,0,0,0,0,0,1,0,0,0,3,98.0,0,2025,0,1,0,5,17,1,0,0,1336.734693877551
0,1,0,0,0,0,0,0,0,0,0,0,1,0,0,0,0,0,1,0,0,0,0,3,81.0,0,2017,0,1,0,3,8,0,0,0,1543.20987654321
0,0,0,0,1,0,0,0,0,0,0,0,1,0,0,0,0,0,0,0,1,0,0,3,43.0,0,1975,0,0,1,2,4,0,0,0,1906.9767441860465
1,0,0,0,0,0,0,0,0,0,0,0,0,0,0,0,0,0,0,0,0,0,0,2,80.72,0,2025,0,1,0,9,12,0,0,0,1833.4985133795838
0,0,0,0,0,1,0,0,0,0,0,0,1,0,0,0,0,0,0,0,1,0,0,1,43.0,0,2023,0,1,0,3,9,1,0,0,1418.6046511627908
0,1,0,0,0,0,0,0,0,0,0,0,0,0,0,1,0,0,1,0,0,0,0,2,78.0,0,2022,1,0,0,10,14,1,0,0,1666.6666666666667
1,0,0,0,0,0,0,0,0,0,0,0,1,0,0,0,0,0,1,0,0,0,0,2,46.0,0,1980,1,0,0,5,5,1,1,1,1597.8260869565217
0,0,0,0,1,0,0,0,0,0,0,0,1,0,0,0,0,0,0,0,1,0,0,2,43.0,0,1975,0,0,1,3,4,0,1,0,1767.4418604651162
0,1,0,0,0,0,0,0,0,0,0,0,0,0,0,0,0,0,1,0,0,0,0,2,50.0,0,2023,1,0,0,10,12,0,0,0,1960.0
0,1,0,0,0,0,0,0,0,0,0,1,0,0,0,0,0,0,1,0,0,0,0,2,68.0,0,2023,0,1,0,7,12,0,0,0,1544.1176470588234
0,1,0,0,0,0,0,0,0,0,0,1,0,0,0,0,0,0,0,1,0,0,0,1,56.0,1,2024,0,1,0,6,18,1,0,0,1500.0
0,0,0,0,1,0,0,0,0,0,0,0,1,0,0,0,0,0,1,0,0,0,0,2,43.0,0,1975,0,0,1,2,4,0,1,1,1767.4418604651162
0,1,0,0,0,0,0,0,0,0,0,0,0,1,0,0,0,0,0,1,0,0,0,2,81.0,0,2026,0,1,0,6,14,0,0,0,1481.4814814814815
1,0,0,0,0,0,0,0,0,0,0,0,0,0,0,0,0,0,0,0,0,0,0,4,113.0,0,2020,0,1,0,4,12,0,0,0,1743.3628318584072
0,1,0,0,0,0,0,0,0,0,0,0,0,0,0,0,0,0,1,0,0,0,0,3,97.0,0,2023,0,1,0,8,13,1,0,0,2010.3092783505156
0,1,0,0,0,0,0,0,0,0,0,0,1,0,0,0,0,0,1,0,0,0,0,2,55.0,0,2018,0,1,0,8,12,1,1,0,2345.4545454545455
0,1,0,0,0,0,0,0,0,0,0,0,1,0,0,0,0,0,0,0,0,0,1,3,81.69,0,2024,0,1,0,14,14,0,0,0,881.3808299669482
0,1,0,0,0,0,0,0,0,0,0,1,0,0,0,0,0,0,0,1,0,0,0,2,76.0,0,2025,0,1,0,10,17,1,0,0,930.0
0,1,0,0,0,0,0,0,0,0,0,0,1,0,0,0,0,0,1,0,0,0,0,3,100.0,1,2023,1,0,0,8,10,0,0,0,1700.0
0,1,0,0,0,0,0,0,0,0,0,0,1,0,0,0,0,0,1,0,0,0,0,3,83.0,0,2024,0,1,0,10,12,1,0,0,1319.2771084337348
0,1,0,0,0,0,0,0,0,0,0,1,0,0,0,0,0,0,1,0,0,0,0,1,56.0,0,2023,1,0,0,11,12,0,0,0,1607.142857142857
0,0,1,0,0,0,0,0,0,0,0,0,1,0,0,0,0,0,0,0,1,0,0,3,77.0,0,1992,0,0,1,1,9,0,1,1,1818.1818181818182
0,0,1,0,0,0,0,0,0,0,0,0,0,0,0,0,0,0,0,0,1,0,0,1,35.0,0,1992,0,0,1,8,9,0,0,0,1857.142857142857
0,1,0,0,0,0,0,0,0,0,0,1,0,0,0,0,0,0,0,1,0,0,0,2,66.0,0,2025,0,1,0,12,12,0,0,0,992.4242424242424
0,1,0,0,0,0,0,0,0,0,0,0,1,0,0,0,0,0,0,1,0,0,0,4,141.0,0,2025,0,1,0,5,14,1,0,0,1120.5673758865248
0,1,0,0,0,0,0,0,0,0,0,0,1,0,0,0,0,0,1,0,0,0,0,4,180.0,0,2023,1,0,0,6,6,0,1,1,1583.3333333333333
0,1,0,0,0,0,0,0,0,0,0,0,0,1,0,0,0,0,1,0,0,0,0,3,74.0,0,2022,0,1,0,7,12,0,0,0,1891.8918918918919
0,1,0,0,0,0,0,0,0,0,0,0,0,0,0,0,0,0,1,0,0,0,0,1,55.0,0,2023,0,1,0,2,16,0,0,0,1163.6363636363637
0,0,1,0,0,0,0,0,0,0,0,0,1,0,0,0,0,0,0,0,1,0,0,1,45.0,0,1992,0,0,1,2,9,0,1,1,1444.4444444444443
0,1,0,0,0,0,0,0,0,0,0,1,0,0,0,0,0,0,0,1,0,0,0,2,68.7,0,2025,0,1,0,6,10,0,0,0,850.0
0,0,0,0,1,0,0,0,0,0,0,0,1,0,0,0,0,0,1,0,0,0,0,3,58.0,0,1975,0,0,1,3,4,0,0,0,1532.7586206896551
0,1,0,0,0,0,0,0,0,0,0,0,1,0,0,0,0,0,1,0,0,0,0,2,75.0,0,2023,0,1,0,12,16,1,0,0,1306.6666666666667
0,1,0,0,0,0,0,0,0,0,0,0,0,0,0,0,0,0,1,0,0,0,0,3,90.0,0,2023,1,0,0,9,10,0,0,0,1288.888888888889
0,0,0,0,0,0,0,1,0,0,0,0,1,0,0,0,0,0,1,0,0,0,0,2,430.0,0,2018,0,1,0,13,14,0,1,1,1511.6279069767443
0,1,0,0,0,0,0,0,0,0,0,1,0,0,0,0,0,0,0,1,0,0,0,2,77.0,0,2023,1,0,0,7,11,0,0,0,1266.2337662337663
0,0,1,0,0,0,0,0,0,0,0,0,1,0,0,0,0,0,1,0,0,0,0,5,115.0,0,2019,0,0,1,2,9,0,0,0,1347.8260869565217
0,1,0,0,0,0,0,0,0,0,0,0,1,0,0,0,0,0,1,0,0,0,0,1,46.3,0,2023,0,1,0,9,10,0,1,1,1403.8876889848814
1,0,0,0,0,0,0,0,0,0,0,0,0,1,0,0,0,0,0,0,1,0,0,1,29.0,0,2019,1,0,0,0,5,0,0,0,965.5172413793103
1,0,0,0,0,0,0,0,0,0,0,0,0,0,0,0,0,0,0,0,0,0,0,4,112.0,0,2017,1,0,0,6,9,0,0,0,1848.2142857142858
0,0,1,0,0,0,0,0,0,0,0,0,0,0,1,0,0,0,0,0,1,0,0,2,67.0,0,2019,0,0,1,1,9,0,0,0,1126.865671641791
0,0,1,0,0,0,0,0,0,0,0,0,0,0,1,0,0,0,1,0,0,0,0,2,69.0,0,2019,0,0,1,2,9,0,1,0,1101.4492753623188
1,0,0,0,0,0,0,0,0,0,0,0,0,0,0,0,0,0,0,0,0,0,0,2,83.0,0,2015,0,1,0,10,13,0,0,0,1626.5060240963855
0,1,0,0,0,0,0,0,0,0,0,1,0,0,0,0,0,0,1,0,0,0,0,1,32.0,0,2019,0,1,0,10,12,0,1,1,2093.75
0,0,1,0,0,0,0,0,0,0,0,0,0,0,0,0,0,0,0,0,1,0,0,3,68.0,0,1992,1,0,0,5,9,0,1,1,1500.0
0,1,0,0,0,0,0,0,0,0,0,0,1,0,0,0,0,0,0,1,0,0,0,1,49.0,0,2026,1,0,0,4,12,0,0,0,1020.4081632653061
0,1,0,0,0,0,0,0,0,0,0,1,0,0,0,0,0,0,0,1,0,0,0,2,73.0,1,2024,0,1,0,14,16,0,0,0,1200.0
0,1,0,0,0,0,0,0,0,0,0,0,0,0,0,0,0,0,0,1,0,0,0,1,44.0,0,2026,0,1,0,11,20,0,0,0,1295.4545454545455
0,1,0,0,0,0,0,0,0,0,0,0,1,0,0,0,0,0,1,0,0,0,0,2,62.0,0,2023,0,1,0,10,15,1,0,0,1717.741935483871
1,0,0,0,0,0,0,0,0,0,0,0,0,0,0,0,0,0,0,0,0,0,0,4,117.36,0,2026,1,0,0,2,15,0,0,0,937.2869802317655
0,1,0,0,0,0,0,0,0,0,0,0,1,0,0,0,0,0,0,1,0,0,0,3,82.6,0,2024,0,1,0,4,14,0,0,0,907.9903147699758
0,0,0,0,0,1,0,0,0,0,0,0,0,1,0,0,0,0,1,0,0,0,0,3,90.0,0,2022,0,1,0,2,9,0,1,1,1533.3333333333333
0,1,0,0,0,0,0,0,0,0,0,0,0,0,0,0,0,0,0,1,0,0,0,2,77.0,0,2025,0,1,0,7,17,0,0,1,1000.0
0,0,0,1,0,0,0,0,0,0,0,0,1,0,0,0,0,0,0,0,0,1,0,1,30.7,0,1967,1,0,0,4,4,0,1,0,1693.8110749185669
0,0,0,0,1,0,0,0,0,0,0,0,1,0,0,0,0,0,1,0,0,0,0,2,45.0,1,1975,0,0,1,2,4,0,0,0,1733.5555555555557
0,1,0,0,0,0,0,0,0,0,0,1,0,0,0,0,0,0,1,0,0,0,0,1,39.0,0,2024,1,0,0,4,10,0,0,0,1787.179487179487
0,1,0,0,0,0,0,0,0,0,0,1,0,0,0,0,0,0,0,0,0,0,1,2,76.0,0,2025,0,1,0,7,12,1,0,0,848.6842105263158
0,1,0,0,0,0,0,0,0,0,0,1,0,0,0,0,0,0,0,1,0,0,0,3,110.0,0,2025,0,1,0,7,18,0,0,0,1730.0
0,1,0,0,0,0,0,0,0,0,0,0,1,0,0,0,0,0,0,1,0,0,0,2,64.0,0,2024,0,1,0,10,13,1,0,0,1257.8125
0,0,1,0,0,0,0,0,0,0,0,0,1,0,0,0,0,0,0,0,1,0,0,2,53.0,0,1992,0,0,1,3,9,0,0,0,1660.377358490566
0,1,0,0,0,0,0,0,0,0,0,1,0,0,0,0,0,0,1,0,0,0,0,1,46.0,1,2023,0,1,0,8,12,1,0,0,1717.391304347826
0,1,0,0,0,0,0,0,0,0,0,0,1,0,0,0,0,0,1,0,0,0,0,5,158.0,0,2017,0,1,0,10,11,0,1,1,1702.5316455696202
1,0,0,0,0,0,0,0,0,0,0,0,1,0,0,0,0,0,0,0,1,0,0,3,55.0,1,2019,1,0,0,4,4,0,1,1,1363.6363636363637
0,1,0,0,0,0,0,0,0,0,0,0,0,0,0,0,0,0,0,1,0,0,0,4,124.26,0,2023,0,1,0,13,16,0,0,0,1046.1934653146627
0,1,0,0,0,0,0,0,0,0,0,1,0,0,0,0,0,0,1,0,0,0,0,2,77.0,0,2022,0,1,0,8,14,0,0,0,1675.3246753246754
0,1,0,0,0,0,0,0,0,0,0,0,0,1,0,0,0,0,0,1,0,0,0,3,100.0,0,2023,0,1,0,11,12,0,0,0,1280.0
1,0,0,0,0,0,0,0,0,0,0,1,0,0,0,0,0,0,1,0,0,0,0,2,40.0,1,2024,1,0,0,5,5,1,0,1,1162.5
0,1,0,0,0,0,0,0,0,0,0,1,0,0,0,0,0,0,1,0,0,0,0,3,100.0,0,2022,0,1,0,2,10,0,1,0,1700.0
1,0,0,0,0,0,0,0,0,0,0,0,0,0,0,0,0,0,0,0,0,0,0,2,67.0,0,2019,0,1,0,8,9,0,0,0,1537.313432835821
1,0,0,0,0,0,0,0,0,0,0,0,0,0,0,0,0,0,0,0,0,0,0,4,255.9,0,2004,1,0,0,6,7,0,0,0,1055.0996483001172
0,1,0,0,0,0,0,0,0,0,0,0,0,0,0,0,0,0,1,0,0,0,0,3,93.0,1,2022,1,0,0,9,10,0,0,1,1075.268817204301
0,1,0,0,0,0,0,0,0,0,0,0,1,0,0,0,0,0,0,1,0,0,0,3,143.0,1,2023,1,0,0,6,12,0,0,0,1050.0
0,0,0,0,0,0,1,0,0,0,0,0,1,0,0,0,0,0,1,0,0,0,0,2,52.0,0,1987,0,0,1,3,5,1,1,0,1769.2307692307693
1,0,0,0,0,0,0,0,0,0,0,0,0,0,0,0,0,0,0,0,0,0,0,2,65.0,0,2015,1,0,0,4,9,0,0,0,1307.6923076923076
0,1,0,0,0,0,0,0,0,0,0,0,0,1,0,0,0,0,1,0,0,0,0,1,46.0,0,2023,0,1,0,4,12,0,0,0,1489.1304347826087
0,1,0,0,0,0,0,0,0,0,0,0,1,0,0,0,0,0,1,0,0,0,0,1,45.0,0,2023,1,0,0,10,11,1,1,1,1944.4444444444443
0,1,0,0,0,0,0,0,0,0,0,0,0,1,0,0,0,0,0,1,0,0,0,2,72.46,0,2024,0,1,0,6,16,0,0,0,1150.0
0,1,0,0,0,0,0,0,0,0,0,0,1,0,0,0,0,0,0,1,0,0,0,2,57.0,0,2020,0,1,0,12,14,0,0,0,1552.6315789473683
0,1,0,0,0,0,0,0,0,0,0,1,0,0,0,0,0,0,0,1,0,0,0,2,61.0,0,2024,0,1,0,11,12,0,0,0,1024.5901639344263
0,1,0,0,0,0,0,0,0,0,0,0,0,0,0,0,0,0,1,0,0,0,0,1,53.0,0,2022,0,0,1,7,14,0,0,0,2000.0
0,1,0,0,0,0,0,0,0,0,0,1,0,0,0,0,0,0,0,1,0,0,0,1,46.0,0,2022,0,1,0,6,12,0,0,0,1413.0434782608695
0,0,0,0,0,0,1,0,0,0,0,0,1,0,0,0,0,0,1,0,0,0,0,2,48.0,0,1979,0,0,1,3,9,0,1,1,1812.5
0,1,0,0,0,0,0,0,0,0,0,1,0,0,0,0,0,0,1,0,0,0,0,3,89.0,0,2022,1,0,0,11,14,0,0,0,1741.573033707865
0,1,0,0,0,0,0,0,0,0,0,0,0,1,0,0,0,0,0,1,0,0,0,2,80.21,0,2025,0,1,0,14,17,1,0,0,1296.5964343598057
1,0,0,0,0,0,0,0,0,0,0,0,0,0,0,0,0,0,0,0,0,0,0,3,145.3,0,2019,0,1,0,12,12,0,0,0,1789.401238816242
0,1,0,0,0,0,0,0,0,0,0,1,0,0,0,0,0,0,0,1,0,0,0,4,138.0,0,2022,0,1,0,8,14,1,0,0,1230.0
